-- begin_signature
-- cms0041_l0i10(CMS0041_i0i10
-- 19 downto 0
-- i1oOL
-- 19 downto 0)
-- end_signature
WIDTH=63;
DEPTH=8192;

ADDRESS_RADIX=UNS;
DATA_RADIX=BIN;

CONTENT BEGIN
	8191 :	000000000000000000000000000000000000000000000000000000000000000;
	8190 :	000000000000000000000000000000000000000000000000000000000000000;
	8189 :	000000000000000000000000000000000000000000000000000000000000000;
	8188 :	000000000000000000000000000000000000000000000000000000000000000;
	8187 :	000000000000000000000000000000000000000000000000000000000000000;
	8186 :	000000000000000000000000000000000000000000000000000000000000000;
	8185 :	000000000000000000000000000000000000000000000000000000000000000;
	8184 :	000000000000000000000000000000000000000000000000000000000000000;
	8183 :	000000000000000000000000000000000000000000000000000000000000000;
	8182 :	000000000000000000000000000000000000000000000000000000000000000;
	8181 :	000000000000000000000000000000000000000000000000000000000000000;
	8180 :	000000000000000000000000000000000000000000000000000000000000000;
	8179 :	000000000000000000000000000000000000000000000000000000000000000;
	8178 :	000000000000000000000000000000000000000000000000000000000000000;
	8177 :	000000000000000000000000000000000000000000000000000000000000000;
	8176 :	000000000000000000000000000000000000000000000000000000000000000;
	8175 :	000000000000000000000000000000000000000000000000000000000000000;
	8174 :	000000000000000000000000000000000000000000000000000000000000000;
	8173 :	000000000000000000000000000000000000000000000000000000000000000;
	8172 :	000000000000000000000000000000000000000000000000000000000000000;
	8171 :	000000000000000000000000000000000000000000000000000000000000000;
	8170 :	000000000000000000000000000000000000000000000000000000000000000;
	8169 :	000000000000000000000000000000000000000000000000000000000000000;
	8168 :	000000000000000000000000000000000000000000000000000000000000000;
	8167 :	000000000000000000000000000000000000000000000000000000000000000;
	8166 :	000000000000000000000000000000000000000000000000000000000000000;
	8165 :	000000000000000000000000000000000000000000000000000000000000000;
	8164 :	000000000000000000000000000000000000000000000000000000000000000;
	8163 :	000000000000000000000000000000000000000000000000000000000000000;
	8162 :	000000000000000000000000000000000000000000000000000000000000000;
	8161 :	000000000000000000000000000000000000000000000000000000000000000;
	8160 :	000000000000000000000000000000000000000000000000000000000000000;
	8159 :	000000000000000000000000000000000000000000000000000000000000000;
	8158 :	000000000000000000000000000000000000000000000000000000000000000;
	8157 :	000000000000000000000000000000000000000000000000000000000000000;
	8156 :	000000000000000000000000000000000000000000000000000000000000000;
	8155 :	000000000000000000000000000000000000000000000000000000000000000;
	8154 :	000000000000000000000000000000000000000000000000000000000000000;
	8153 :	000000000000000000000000000000000000000000000000000000000000000;
	8152 :	000000000000000000000000000000000000000000000000000000000000000;
	8151 :	000000000000000000000000000000000000000000000000000000000000000;
	8150 :	000000000000000000000000000000000000000000000000000000000000000;
	8149 :	000000000000000000000000000000000000000000000000000000000000000;
	8148 :	000000000000000000000000000000000000000000000000000000000000000;
	8147 :	000000000000000000000000000000000000000000000000000000000000000;
	8146 :	000000000000000000000000000000000000000000000000000000000000000;
	8145 :	000000000000000000000000000000000000000000000000000000000000000;
	8144 :	000000000000000000000000000000000000000000000000000000000000000;
	8143 :	000000000000000000000000000000000000000000000000000000000000000;
	8142 :	000000000000000000000000000000000000000000000000000000000000000;
	8141 :	000000000000000000000000000000000000000000000000000000000000000;
	8140 :	000000000000000000000000000000000000000000000000000000000000000;
	8139 :	000000000000000000000000000000000000000000000000000000000000000;
	8138 :	000000000000000000000000000000000000000000000000000000000000000;
	8137 :	000000000000000000000000000000000000000000000000000000000000000;
	8136 :	000000000000000000000000000000000000000000000000000000000000000;
	8135 :	000000000000000000000000000000000000000000000000000000000000000;
	8134 :	000000000000000000000000000000000000000000000000000000000000000;
	8133 :	000000000000000000000000000000000000000000000000000000000000000;
	8132 :	000000000000000000000000000000000000000000000000000000000000000;
	8131 :	000000000000000000000000000000000000000000000000000000000000000;
	8130 :	000000000000000000000000000000000000000000000000000000000000000;
	8129 :	000000000000000000000000000000000000000000000000000000000000000;
	8128 :	000000000000000000000000000000000000000000000000000000000000000;
	8127 :	000000000000000000000000000000000000000000000000000000000000000;
	8126 :	000000000000000000000000000000000000000000000000000000000000000;
	8125 :	000000000000000000000000000000000000000000000000000000000000000;
	8124 :	000000000000000000000000000000000000000000000000000000000000000;
	8123 :	000000000000000000000000000000000000000000000000000000000000000;
	8122 :	000000000000000000000000000000000000000000000000000000000000000;
	8121 :	000000000000000000000000000000000000000000000000000000000000000;
	8120 :	000000000000000000000000000000000000000000000000000000000000000;
	8119 :	000000000000000000000000000000000000000000000000000000000000000;
	8118 :	000000000000000000000000000000000000000000000000000000000000000;
	8117 :	000000000000000000000000000000000000000000000000000000000000000;
	8116 :	000000000000000000000000000000000000000000000000000000000000000;
	8115 :	000000000000000000000000000000000000000000000000000000000000000;
	8114 :	000000000000000000000000000000000000000000000000000000000000000;
	8113 :	000000000000000000000000000000000000000000000000000000000000000;
	8112 :	000000000000000000000000000000000000000000000000000000000000000;
	8111 :	000000000000000000000000000000000000000000000000000000000000000;
	8110 :	000000000000000000000000000000000000000000000000000000000000000;
	8109 :	000000000000000000000000000000000000000000000000000000000000000;
	8108 :	000000000000000000000000000000000000000000000000000000000000000;
	8107 :	000000000000000000000000000000000000000000000000000000000000000;
	8106 :	000000000000000000000000000000000000000000000000000000000000000;
	8105 :	000000000000000000000000000000000000000000000000000000000000000;
	8104 :	000000000000000000000000000000000000000000000000000000000000000;
	8103 :	000000000000000000000000000000000000000000000000000000000000000;
	8102 :	000000000000000000000000000000000000000000000000000000000000000;
	8101 :	000000000000000000000000000000000000000000000000000000000000000;
	8100 :	000000000000000000000000000000000000000000000000000000000000000;
	8099 :	000000000000000000000000000000000000000000000000000000000000000;
	8098 :	000000000000000000000000000000000000000000000000000000000000000;
	8097 :	000000000000000000000000000000000000000000000000000000000000000;
	8096 :	000000000000000000000000000000000000000000000000000000000000000;
	8095 :	000000000000000000000000000000000000000000000000000000000000000;
	8094 :	000000000000000000000000000000000000000000000000000000000000000;
	8093 :	000000000000000000000000000000000000000000000000000000000000000;
	8092 :	000000000000000000000000000000000000000000000000000000000000000;
	8091 :	000000000000000000000000000000000000000000000000000000000000000;
	8090 :	000000000000000000000000000000000000000000000000000000000000000;
	8089 :	000000000000000000000000000000000000000000000000000000000000000;
	8088 :	000000000000000000000000000000000000000000000000000000000000000;
	8087 :	000000000000000000000000000000000000000000000000000000000000000;
	8086 :	000000000000000000000000000000000000000000000000000000000000000;
	8085 :	000000000000000000000000000000000000000000000000000000000000000;
	8084 :	000000000000000000000000000000000000000000000000000000000000000;
	8083 :	000000000000000000000000000000000000000000000000000000000000000;
	8082 :	000000000000000000000000000000000000000000000000000000000000000;
	8081 :	000000000000000000000000000000000000000000000000000000000000000;
	8080 :	000000000000000000000000000000000000000000000000000000000000000;
	8079 :	000000000000000000000000000000000000000000000000000000000000000;
	8078 :	000000000000000000000000000000000000000000000000000000000000000;
	8077 :	000000000000000000000000000000000000000000000000000000000000000;
	8076 :	000000000000000000000000000000000000000000000000000000000000000;
	8075 :	000000000000000000000000000000000000000000000000000000000000000;
	8074 :	000000000000000000000000000000000000000000000000000000000000000;
	8073 :	000000000000000000000000000000000000000000000000000000000000000;
	8072 :	000000000000000000000000000000000000000000000000000000000000000;
	8071 :	000000000000000000000000000000000000000000000000000000000000000;
	8070 :	000000000000000000000000000000000000000000000000000000000000000;
	8069 :	000000000000000000000000000000000000000000000000000000000000000;
	8068 :	000000000000000000000000000000000000000000000000000000000000000;
	8067 :	000000000000000000000000000000000000000000000000000000000000000;
	8066 :	000000000000000000000000000000000000000000000000000000000000000;
	8065 :	000000000000000000000000000000000000000000000000000000000000000;
	8064 :	000000000000000000000000000000000000000000000000000000000000000;
	8063 :	000000000000000000000000000000000000000000000000000000000000000;
	8062 :	000000000000000000000000000000000000000000000000000000000000000;
	8061 :	000000000000000000000000000000000000000000000000000000000000000;
	8060 :	000000000000000000000000000000000000000000000000000000000000000;
	8059 :	000000000000000000000000000000000000000000000000000000000000000;
	8058 :	000000000000000000000000000000000000000000000000000000000000000;
	8057 :	000000000000000000000000000000000000000000000000000000000000000;
	8056 :	000000000000000000000000000000000000000000000000000000000000000;
	8055 :	000000000000000000000000000000000000000000000000000000000000000;
	8054 :	000000000000000000000000000000000000000000000000000000000000000;
	8053 :	000000000000000000000000000000000000000000000000000000000000000;
	8052 :	000000000000000000000000000000000000000000000000000000000000000;
	8051 :	000000000000000000000000000000000000000000000000000000000000000;
	8050 :	000000000000000000000000000000000000000000000000000000000000000;
	8049 :	000000000000000000000000000000000000000000000000000000000000000;
	8048 :	000000000000000000000000000000000000000000000000000000000000000;
	8047 :	000000000000000000000000000000000000000000000000000000000000000;
	8046 :	000000000000000000000000000000000000000000000000000000000000000;
	8045 :	000000000000000000000000000000000000000000000000000000000000000;
	8044 :	000000000000000000000000000000000000000000000000000000000000000;
	8043 :	000000000000000000000000000000000000000000000000000000000000000;
	8042 :	000000000000000000000000000000000000000000000000000000000000000;
	8041 :	000000000000000000000000000000000000000000000000000000000000000;
	8040 :	000000000000000000000000000000000000000000000000000000000000000;
	8039 :	000000000000000000000000000000000000000000000000000000000000000;
	8038 :	000000000000000000000000000000000000000000000000000000000000000;
	8037 :	000000000000000000000000000000000000000000000000000000000000000;
	8036 :	000000000000000000000000000000000000000000000000000000000000000;
	8035 :	000000000000000000000000000000000000000000000000000000000000000;
	8034 :	000000000000000000000000000000000000000000000000000000000000000;
	8033 :	000000000000000000000000000000000000000000000000000000000000000;
	8032 :	000000000000000000000000000000000000000000000000000000000000000;
	8031 :	000000000000000000000000000000000000000000000000000000000000000;
	8030 :	000000000000000000000000000000000000000000000000000000000000000;
	8029 :	000000000000000000000000000000000000000000000000000000000000000;
	8028 :	000000000000000000000000000000000000000000000000000000000000000;
	8027 :	000000000000000000000000000000000000000000000000000000000000000;
	8026 :	000000000000000000000000000000000000000000000000000000000000000;
	8025 :	000000000000000000000000000000000000000000000000000000000000000;
	8024 :	000000000000000000000000000000000000000000000000000000000000000;
	8023 :	000000000000000000000000000000000000000000000000000000000000000;
	8022 :	000000000000000000000000000000000000000000000000000000000000000;
	8021 :	000000000000000000000000000000000000000000000000000000000000000;
	8020 :	000000000000000000000000000000000000000000000000000000000000000;
	8019 :	000000000000000000000000000000000000000000000000000000000000000;
	8018 :	000000000000000000000000000000000000000000000000000000000000000;
	8017 :	000000000000000000000000000000000000000000000000000000000000000;
	8016 :	000000000000000000000000000000000000000000000000000000000000000;
	8015 :	000000000000000000000000000000000000000000000000000000000000000;
	8014 :	000000000000000000000000000000000000000000000000000000000000000;
	8013 :	000000000000000000000000000000000000000000000000000000000000000;
	8012 :	000000000000000000000000000000000000000000000000000000000000000;
	8011 :	000000000000000000000000000000000000000000000000000000000000000;
	8010 :	000000000000000000000000000000000000000000000000000000000000000;
	8009 :	000000000000000000000000000000000000000000000000000000000000000;
	8008 :	000000000000000000000000000000000000000000000000000000000000000;
	8007 :	000000000000000000000000000000000000000000000000000000000000000;
	8006 :	000000000000000000000000000000000000000000000000000000000000000;
	8005 :	000000000000000000000000000000000000000000000000000000000000000;
	8004 :	000000000000000000000000000000000000000000000000000000000000000;
	8003 :	000000000000000000000000000000000000000000000000000000000000000;
	8002 :	000000000000000000000000000000000000000000000000000000000000000;
	8001 :	000000000000000000000000000000000000000000000000000000000000000;
	8000 :	000000000000000000000000000000000000000000000000000000000000000;
	7999 :	000000000000000000000000000000000000000000000000000000000000000;
	7998 :	000000000000000000000000000000000000000000000000000000000000000;
	7997 :	000000000000000000000000000000000000000000000000000000000000000;
	7996 :	000000000000000000000000000000000000000000000000000000000000000;
	7995 :	000000000000000000000000000000000000000000000000000000000000000;
	7994 :	000000000000000000000000000000000000000000000000000000000000000;
	7993 :	000000000000000000000000000000000000000000000000000000000000000;
	7992 :	000000000000000000000000000000000000000000000000000000000000000;
	7991 :	000000000000000000000000000000000000000000000000000000000000000;
	7990 :	000000000000000000000000000000000000000000000000000000000000000;
	7989 :	000000000000000000000000000000000000000000000000000000000000000;
	7988 :	000000000000000000000000000000000000000000000000000000000000000;
	7987 :	000000000000000000000000000000000000000000000000000000000000000;
	7986 :	000000000000000000000000000000000000000000000000000000000000000;
	7985 :	000000000000000000000000000000000000000000000000000000000000000;
	7984 :	000000000000000000000000000000000000000000000000000000000000000;
	7983 :	000000000000000000000000000000000000000000000000000000000000000;
	7982 :	000000000000000000000000000000000000000000000000000000000000000;
	7981 :	000000000000000000000000000000000000000000000000000000000000000;
	7980 :	000000000000000000000000000000000000000000000000000000000000000;
	7979 :	000000000000000000000000000000000000000000000000000000000000000;
	7978 :	000000000000000000000000000000000000000000000000000000000000000;
	7977 :	000000000000000000000000000000000000000000000000000000000000000;
	7976 :	000000000000000000000000000000000000000000000000000000000000000;
	7975 :	000000000000000000000000000000000000000000000000000000000000000;
	7974 :	000000000000000000000000000000000000000000000000000000000000000;
	7973 :	000000000000000000000000000000000000000000000000000000000000000;
	7972 :	000000000000000000000000000000000000000000000000000000000000000;
	7971 :	000000000000000000000000000000000000000000000000000000000000000;
	7970 :	000000000000000000000000000000000000000000000000000000000000000;
	7969 :	000000000000000000000000000000000000000000000000000000000000000;
	7968 :	000000000000000000000000000000000000000000000000000000000000000;
	7967 :	000000000000000000000000000000000000000000000000000000000000000;
	7966 :	000000000000000000000000000000000000000000000000000000000000000;
	7965 :	000000000000000000000000000000000000000000000000000000000000000;
	7964 :	000000000000000000000000000000000000000000000000000000000000000;
	7963 :	000000000000000000000000000000000000000000000000000000000000000;
	7962 :	000000000000000000000000000000000000000000000000000000000000000;
	7961 :	000000000000000000000000000000000000000000000000000000000000000;
	7960 :	000000000000000000000000000000000000000000000000000000000000000;
	7959 :	000000000000000000000000000000000000000000000000000000000000000;
	7958 :	000000000000000000000000000000000000000000000000000000000000000;
	7957 :	000000000000000000000000000000000000000000000000000000000000000;
	7956 :	000000000000000000000000000000000000000000000000000000000000000;
	7955 :	000000000000000000000000000000000000000000000000000000000000000;
	7954 :	000000000000000000000000000000000000000000000000000000000000000;
	7953 :	000000000000000000000000000000000000000000000000000000000000000;
	7952 :	000000000000000000000000000000000000000000000000000000000000000;
	7951 :	000000000000000000000000000000000000000000000000000000000000000;
	7950 :	000000000000000000000000000000000000000000000000000000000000000;
	7949 :	000000000000000000000000000000000000000000000000000000000000000;
	7948 :	000000000000000000000000000000000000000000000000000000000000000;
	7947 :	000000000000000000000000000000000000000000000000000000000000000;
	7946 :	000000000000000000000000000000000000000000000000000000000000000;
	7945 :	000000000000000000000000000000000000000000000000000000000000000;
	7944 :	000000000000000000000000000000000000000000000000000000000000000;
	7943 :	000000000000000000000000000000000000000000000000000000000000000;
	7942 :	000000000000000000000000000000000000000000000000000000000000000;
	7941 :	000000000000000000000000000000000000000000000000000000000000000;
	7940 :	000000000000000000000000000000000000000000000000000000000000000;
	7939 :	000000000000000000000000000000000000000000000000000000000000000;
	7938 :	000000000000000000000000000000000000000000000000000000000000000;
	7937 :	000000000000000000000000000000000000000000000000000000000000000;
	7936 :	000000000000000000000000000000000000000000000000000000000000000;
	7935 :	000000000000000000000000000000000000000000000000000000000000000;
	7934 :	000000000000000000000000000000000000000000000000000000000000000;
	7933 :	000000000000000000000000000000000000000000000000000000000000000;
	7932 :	000000000000000000000000000000000000000000000000000000000000000;
	7931 :	000000000000000000000000000000000000000000000000000000000000000;
	7930 :	000000000000000000000000000000000000000000000000000000000000000;
	7929 :	000000000000000000000000000000000000000000000000000000000000000;
	7928 :	000000000000000000000000000000000000000000000000000000000000000;
	7927 :	000000000000000000000000000000000000000000000000000000000000000;
	7926 :	000000000000000000000000000000000000000000000000000000000000000;
	7925 :	000000000000000000000000000000000000000000000000000000000000000;
	7924 :	000000000000000000000000000000000000000000000000000000000000000;
	7923 :	000000000000000000000000000000000000000000000000000000000000000;
	7922 :	000000000000000000000000000000000000000000000000000000000000000;
	7921 :	000000000000000000000000000000000000000000000000000000000000000;
	7920 :	000000000000000000000000000000000000000000000000000000000000000;
	7919 :	000000000000000000000000000000000000000000000000000000000000000;
	7918 :	000000000000000000000000000000000000000000000000000000000000000;
	7917 :	000000000000000000000000000000000000000000000000000000000000000;
	7916 :	000000000000000000000000000000000000000000000000000000000000000;
	7915 :	000000000000000000000000000000000000000000000000000000000000000;
	7914 :	000000000000000000000000000000000000000000000000000000000000000;
	7913 :	000000000000000000000000000000000000000000000000000000000000000;
	7912 :	000000000000000000000000000000000000000000000000000000000000000;
	7911 :	000000000000000000000000000000000000000000000000000000000000000;
	7910 :	000000000000000000000000000000000000000000000000000000000000000;
	7909 :	000000000000000000000000000000000000000000000000000000000000000;
	7908 :	000000000000000000000000000000000000000000000000000000000000000;
	7907 :	000000000000000000000000000000000000000000000000000000000000000;
	7906 :	000000000000000000000000000000000000000000000000000000000000000;
	7905 :	000000000000000000000000000000000000000000000000000000000000000;
	7904 :	000000000000000000000000000000000000000000000000000000000000000;
	7903 :	000000000000000000000000000000000000000000000000000000000000000;
	7902 :	000000000000000000000000000000000000000000000000000000000000000;
	7901 :	000000000000000000000000000000000000000000000000000000000000000;
	7900 :	000000000000000000000000000000000000000000000000000000000000000;
	7899 :	000000000000000000000000000000000000000000000000000000000000000;
	7898 :	000000000000000000000000000000000000000000000000000000000000000;
	7897 :	000000000000000000000000000000000000000000000000000000000000000;
	7896 :	000000000000000000000000000000000000000000000000000000000000000;
	7895 :	000000000000000000000000000000000000000000000000000000000000000;
	7894 :	000000000000000000000000000000000000000000000000000000000000000;
	7893 :	000000000000000000000000000000000000000000000000000000000000000;
	7892 :	000000000000000000000000000000000000000000000000000000000000000;
	7891 :	000000000000000000000000000000000000000000000000000000000000000;
	7890 :	000000000000000000000000000000000000000000000000000000000000000;
	7889 :	000000000000000000000000000000000000000000000000000000000000000;
	7888 :	000000000000000000000000000000000000000000000000000000000000000;
	7887 :	000000000000000000000000000000000000000000000000000000000000000;
	7886 :	000000000000000000000000000000000000000000000000000000000000000;
	7885 :	000000000000000000000000000000000000000000000000000000000000000;
	7884 :	000000000000000000000000000000000000000000000000000000000000000;
	7883 :	000000000000000000000000000000000000000000000000000000000000000;
	7882 :	000000000000000000000000000000000000000000000000000000000000000;
	7881 :	000000000000000000000000000000000000000000000000000000000000000;
	7880 :	000000000000000000000000000000000000000000000000000000000000000;
	7879 :	000000000000000000000000000000000000000000000000000000000000000;
	7878 :	000000000000000000000000000000000000000000000000000000000000000;
	7877 :	000000000000000000000000000000000000000000000000000000000000000;
	7876 :	000000000000000000000000000000000000000000000000000000000000000;
	7875 :	000000000000000000000000000000000000000000000000000000000000000;
	7874 :	000000000000000000000000000000000000000000000000000000000000000;
	7873 :	000000000000000000000000000000000000000000000000000000000000000;
	7872 :	000000000000000000000000000000000000000000000000000000000000000;
	7871 :	000000000000000000000000000000000000000000000000000000000000000;
	7870 :	000000000000000000000000000000000000000000000000000000000000000;
	7869 :	000000000000000000000000000000000000000000000000000000000000000;
	7868 :	000000000000000000000000000000000000000000000000000000000000000;
	7867 :	000000000000000000000000000000000000000000000000000000000000000;
	7866 :	000000000000000000000000000000000000000000000000000000000000000;
	7865 :	000000000000000000000000000000000000000000000000000000000000000;
	7864 :	000000000000000000000000000000000000000000000000000000000000000;
	7863 :	000000000000000000000000000000000000000000000000000000000000000;
	7862 :	000000000000000000000000000000000000000000000000000000000000000;
	7861 :	000000000000000000000000000000000000000000000000000000000000000;
	7860 :	000000000000000000000000000000000000000000000000000000000000000;
	7859 :	000000000000000000000000000000000000000000000000000000000000000;
	7858 :	000000000000000000000000000000000000000000000000000000000000000;
	7857 :	000000000000000000000000000000000000000000000000000000000000000;
	7856 :	000000000000000000000000000000000000000000000000000000000000000;
	7855 :	000000000000000000000000000000000000000000000000000000000000000;
	7854 :	000000000000000000000000000000000000000000000000000000000000000;
	7853 :	000000000000000000000000000000000000000000000000000000000000000;
	7852 :	000000000000000000000000000000000000000000000000000000000000000;
	7851 :	000000000000000000000000000000000000000000000000000000000000000;
	7850 :	000000000000000000000000000000000000000000000000000000000000000;
	7849 :	000000000000000000000000000000000000000000000000000000000000000;
	7848 :	000000000000000000000000000000000000000000000000000000000000000;
	7847 :	000000000000000000000000000000000000000000000000000000000000000;
	7846 :	000000000000000000000000000000000000000000000000000000000000000;
	7845 :	000000000000000000000000000000000000000000000000000000000000000;
	7844 :	000000000000000000000000000000000000000000000000000000000000000;
	7843 :	000000000000000000000000000000000000000000000000000000000000000;
	7842 :	000000000000000000000000000000000000000000000000000000000000000;
	7841 :	000000000000000000000000000000000000000000000000000000000000000;
	7840 :	000000000000000000000000000000000000000000000000000000000000000;
	7839 :	000000000000000000000000000000000000000000000000000000000000000;
	7838 :	000000000000000000000000000000000000000000000000000000000000000;
	7837 :	000000000000000000000000000000000000000000000000000000000000000;
	7836 :	000000000000000000000000000000000000000000000000000000000000000;
	7835 :	000000000000000000000000000000000000000000000000000000000000000;
	7834 :	000000000000000000000000000000000000000000000000000000000000000;
	7833 :	000000000000000000000000000000000000000000000000000000000000000;
	7832 :	000000000000000000000000000000000000000000000000000000000000000;
	7831 :	000000000000000000000000000000000000000000000000000000000000000;
	7830 :	000000000000000000000000000000000000000000000000000000000000000;
	7829 :	000000000000000000000000000000000000000000000000000000000000000;
	7828 :	000000000000000000000000000000000000000000000000000000000000000;
	7827 :	000000000000000000000000000000000000000000000000000000000000000;
	7826 :	000000000000000000000000000000000000000000000000000000000000000;
	7825 :	000000000000000000000000000000000000000000000000000000000000000;
	7824 :	000000000000000000000000000000000000000000000000000000000000000;
	7823 :	000000000000000000000000000000000000000000000000000000000000000;
	7822 :	000000000000000000000000000000000000000000000000000000000000000;
	7821 :	000000000000000000000000000000000000000000000000000000000000000;
	7820 :	000000000000000000000000000000000000000000000000000000000000000;
	7819 :	000000000000000000000000000000000000000000000000000000000000000;
	7818 :	000000000000000000000000000000000000000000000000000000000000000;
	7817 :	000000000000000000000000000000000000000000000000000000000000000;
	7816 :	000000000000000000000000000000000000000000000000000000000000000;
	7815 :	000000000000000000000000000000000000000000000000000000000000000;
	7814 :	000000000000000000000000000000000000000000000000000000000000000;
	7813 :	000000000000000000000000000000000000000000000000000000000000000;
	7812 :	000000000000000000000000000000000000000000000000000000000000000;
	7811 :	000000000000000000000000000000000000000000000000000000000000000;
	7810 :	000000000000000000000000000000000000000000000000000000000000000;
	7809 :	000000000000000000000000000000000000000000000000000000000000000;
	7808 :	000000000000000000000000000000000000000000000000000000000000000;
	7807 :	000000000000000000000000000000000000000000000000000000000000000;
	7806 :	000000000000000000000000000000000000000000000000000000000000000;
	7805 :	000000000000000000000000000000000000000000000000000000000000000;
	7804 :	000000000000000000000000000000000000000000000000000000000000000;
	7803 :	000000000000000000000000000000000000000000000000000000000000000;
	7802 :	000000000000000000000000000000000000000000000000000000000000000;
	7801 :	000000000000000000000000000000000000000000000000000000000000000;
	7800 :	000000000000000000000000000000000000000000000000000000000000000;
	7799 :	000000000000000000000000000000000000000000000000000000000000000;
	7798 :	000000000000000000000000000000000000000000000000000000000000000;
	7797 :	000000000000000000000000000000000000000000000000000000000000000;
	7796 :	000000000000000000000000000000000000000000000000000000000000000;
	7795 :	000000000000000000000000000000000000000000000000000000000000000;
	7794 :	000000000000000000000000000000000000000000000000000000000000000;
	7793 :	000000000000000000000000000000000000000000000000000000000000000;
	7792 :	000000000000000000000000000000000000000000000000000000000000000;
	7791 :	000000000000000000000000000000000000000000000000000000000000000;
	7790 :	000000000000000000000000000000000000000000000000000000000000000;
	7789 :	000000000000000000000000000000000000000000000000000000000000000;
	7788 :	000000000000000000000000000000000000000000000000000000000000000;
	7787 :	000000000000000000000000000000000000000000000000000000000000000;
	7786 :	000000000000000000000000000000000000000000000000000000000000000;
	7785 :	000000000000000000000000000000000000000000000000000000000000000;
	7784 :	000000000000000000000000000000000000000000000000000000000000000;
	7783 :	000000000000000000000000000000000000000000000000000000000000000;
	7782 :	000000000000000000000000000000000000000000000000000000000000000;
	7781 :	000000000000000000000000000000000000000000000000000000000000000;
	7780 :	000000000000000000000000000000000000000000000000000000000000000;
	7779 :	000000000000000000000000000000000000000000000000000000000000000;
	7778 :	000000000000000000000000000000000000000000000000000000000000000;
	7777 :	000000000000000000000000000000000000000000000000000000000000000;
	7776 :	000000000000000000000000000000000000000000000000000000000000000;
	7775 :	000000000000000000000000000000000000000000000000000000000000000;
	7774 :	000000000000000000000000000000000000000000000000000000000000000;
	7773 :	000000000000000000000000000000000000000000000000000000000000000;
	7772 :	000000000000000000000000000000000000000000000000000000000000000;
	7771 :	000000000000000000000000000000000000000000000000000000000000000;
	7770 :	000000000000000000000000000000000000000000000000000000000000000;
	7769 :	000000000000000000000000000000000000000000000000000000000000000;
	7768 :	000000000000000000000000000000000000000000000000000000000000000;
	7767 :	000000000000000000000000000000000000000000000000000000000000000;
	7766 :	000000000000000000000000000000000000000000000000000000000000000;
	7765 :	000000000000000000000000000000000000000000000000000000000000000;
	7764 :	000000000000000000000000000000000000000000000000000000000000000;
	7763 :	000000000000000000000000000000000000000000000000000000000000000;
	7762 :	000000000000000000000000000000000000000000000000000000000000000;
	7761 :	000000000000000000000000000000000000000000000000000000000000000;
	7760 :	000000000000000000000000000000000000000000000000000000000000000;
	7759 :	000000000000000000000000000000000000000000000000000000000000000;
	7758 :	000000000000000000000000000000000000000000000000000000000000000;
	7757 :	000000000000000000000000000000000000000000000000000000000000000;
	7756 :	000000000000000000000000000000000000000000000000000000000000000;
	7755 :	000000000000000000000000000000000000000000000000000000000000000;
	7754 :	000000000000000000000000000000000000000000000000000000000000000;
	7753 :	000000000000000000000000000000000000000000000000000000000000000;
	7752 :	000000000000000000000000000000000000000000000000000000000000000;
	7751 :	000000000000000000000000000000000000000000000000000000000000000;
	7750 :	000000000000000000000000000000000000000000000000000000000000000;
	7749 :	000000000000000000000000000000000000000000000000000000000000000;
	7748 :	000000000000000000000000000000000000000000000000000000000000000;
	7747 :	000000000000000000000000000000000000000000000000000000000000000;
	7746 :	000000000000000000000000000000000000000000000000000000000000000;
	7745 :	000000000000000000000000000000000000000000000000000000000000000;
	7744 :	000000000000000000000000000000000000000000000000000000000000000;
	7743 :	000000000000000000000000000000000000000000000000000000000000000;
	7742 :	000000000000000000000000000000000000000000000000000000000000000;
	7741 :	000000000000000000000000000000000000000000000000000000000000000;
	7740 :	000000000000000000000000000000000000000000000000000000000000000;
	7739 :	000000000000000000000000000000000000000000000000000000000000000;
	7738 :	000000000000000000000000000000000000000000000000000000000000000;
	7737 :	000000000000000000000000000000000000000000000000000000000000000;
	7736 :	000000000000000000000000000000000000000000000000000000000000000;
	7735 :	000000000000000000000000000000000000000000000000000000000000000;
	7734 :	000000000000000000000000000000000000000000000000000000000000000;
	7733 :	000000000000000000000000000000000000000000000000000000000000000;
	7732 :	000000000000000000000000000000000000000000000000000000000000000;
	7731 :	000000000000000000000000000000000000000000000000000000000000000;
	7730 :	000000000000000000000000000000000000000000000000000000000000000;
	7729 :	000000000000000000000000000000000000000000000000000000000000000;
	7728 :	000000000000000000000000000000000000000000000000000000000000000;
	7727 :	000000000000000000000000000000000000000000000000000000000000000;
	7726 :	000000000000000000000000000000000000000000000000000000000000000;
	7725 :	000000000000000000000000000000000000000000000000000000000000000;
	7724 :	000000000000000000000000000000000000000000000000000000000000000;
	7723 :	000000000000000000000000000000000000000000000000000000000000000;
	7722 :	000000000000000000000000000000000000000000000000000000000000000;
	7721 :	000000000000000000000000000000000000000000000000000000000000000;
	7720 :	000000000000000000000000000000000000000000000000000000000000000;
	7719 :	000000000000000000000000000000000000000000000000000000000000000;
	7718 :	000000000000000000000000000000000000000000000000000000000000000;
	7717 :	000000000000000000000000000000000000000000000000000000000000000;
	7716 :	000000000000000000000000000000000000000000000000000000000000000;
	7715 :	000000000000000000000000000000000000000000000000000000000000000;
	7714 :	000000000000000000000000000000000000000000000000000000000000000;
	7713 :	000000000000000000000000000000000000000000000000000000000000000;
	7712 :	000000000000000000000000000000000000000000000000000000000000000;
	7711 :	000000000000000000000000000000000000000000000000000000000000000;
	7710 :	000000000000000000000000000000000000000000000000000000000000000;
	7709 :	000000000000000000000000000000000000000000000000000000000000000;
	7708 :	000000000000000000000000000000000000000000000000000000000000000;
	7707 :	000000000000000000000000000000000000000000000000000000000000000;
	7706 :	000000000000000000000000000000000000000000000000000000000000000;
	7705 :	000000000000000000000000000000000000000000000000000000000000000;
	7704 :	000000000000000000000000000000000000000000000000000000000000000;
	7703 :	000000000000000000000000000000000000000000000000000000000000000;
	7702 :	000000000000000000000000000000000000000000000000000000000000000;
	7701 :	000000000000000000000000000000000000000000000000000000000000000;
	7700 :	000000000000000000000000000000000000000000000000000000000000000;
	7699 :	000000000000000000000000000000000000000000000000000000000000000;
	7698 :	000000000000000000000000000000000000000000000000000000000000000;
	7697 :	000000000000000000000000000000000000000000000000000000000000000;
	7696 :	000000000000000000000000000000000000000000000000000000000000000;
	7695 :	000000000000000000000000000000000000000000000000000000000000000;
	7694 :	000000000000000000000000000000000000000000000000000000000000000;
	7693 :	000000000000000000000000000000000000000000000000000000000000000;
	7692 :	000000000000000000000000000000000000000000000000000000000000000;
	7691 :	000000000000000000000000000000000000000000000000000000000000000;
	7690 :	000000000000000000000000000000000000000000000000000000000000000;
	7689 :	000000000000000000000000000000000000000000000000000000000000000;
	7688 :	000000000000000000000000000000000000000000000000000000000000000;
	7687 :	000000000000000000000000000000000000000000000000000000000000000;
	7686 :	000000000000000000000000000000000000000000000000000000000000000;
	7685 :	000000000000000000000000000000000000000000000000000000000000000;
	7684 :	000000000000000000000000000000000000000000000000000000000000000;
	7683 :	000000000000000000000000000000000000000000000000000000000000000;
	7682 :	000000000000000000000000000000000000000000000000000000000000000;
	7681 :	000000000000000000000000000000000000000000000000000000000000000;
	7680 :	000000000000000000000000000000000000000000000000000000000000000;
	7679 :	000000000000000000000000000000000000000000000000000000000000000;
	7678 :	000000000000000000000000000000000000000000000000000000000000000;
	7677 :	000000000000000000000000000000000000000000000000000000000000000;
	7676 :	000000000000000000000000000000000000000000000000000000000000000;
	7675 :	000000000000000000000000000000000000000000000000000000000000000;
	7674 :	000000000000000000000000000000000000000000000000000000000000000;
	7673 :	000000000000000000000000000000000000000000000000000000000000000;
	7672 :	000000000000000000000000000000000000000000000000000000000000000;
	7671 :	000000000000000000000000000000000000000000000000000000000000000;
	7670 :	000000000000000000000000000000000000000000000000000000000000000;
	7669 :	000000000000000000000000000000000000000000000000000000000000000;
	7668 :	000000000000000000000000000000000000000000000000000000000000000;
	7667 :	000000000000000000000000000000000000000000000000000000000000000;
	7666 :	000000000000000000000000000000000000000000000000000000000000000;
	7665 :	000000000000000000000000000000000000000000000000000000000000000;
	7664 :	000000000000000000000000000000000000000000000000000000000000000;
	7663 :	000000000000000000000000000000000000000000000000000000000000000;
	7662 :	000000000000000000000000000000000000000000000000000000000000000;
	7661 :	000000000000000000000000000000000000000000000000000000000000000;
	7660 :	000000000000000000000000000000000000000000000000000000000000000;
	7659 :	000000000000000000000000000000000000000000000000000000000000000;
	7658 :	000000000000000000000000000000000000000000000000000000000000000;
	7657 :	000000000000000000000000000000000000000000000000000000000000000;
	7656 :	000000000000000000000000000000000000000000000000000000000000000;
	7655 :	000000000000000000000000000000000000000000000000000000000000000;
	7654 :	000000000000000000000000000000000000000000000000000000000000000;
	7653 :	000000000000000000000000000000000000000000000000000000000000000;
	7652 :	000000000000000000000000000000000000000000000000000000000000000;
	7651 :	000000000000000000000000000000000000000000000000000000000000000;
	7650 :	000000000000000000000000000000000000000000000000000000000000000;
	7649 :	000000000000000000000000000000000000000000000000000000000000000;
	7648 :	000000000000000000000000000000000000000000000000000000000000000;
	7647 :	000000000000000000000000000000000000000000000000000000000000000;
	7646 :	000000000000000000000000000000000000000000000000000000000000000;
	7645 :	000000000000000000000000000000000000000000000000000000000000000;
	7644 :	000000000000000000000000000000000000000000000000000000000000000;
	7643 :	000000000000000000000000000000000000000000000000000000000000000;
	7642 :	000000000000000000000000000000000000000000000000000000000000000;
	7641 :	000000000000000000000000000000000000000000000000000000000000000;
	7640 :	000000000000000000000000000000000000000000000000000000000000000;
	7639 :	000000000000000000000000000000000000000000000000000000000000000;
	7638 :	000000000000000000000000000000000000000000000000000000000000000;
	7637 :	000000000000000000000000000000000000000000000000000000000000000;
	7636 :	000000000000000000000000000000000000000000000000000000000000000;
	7635 :	000000000000000000000000000000000000000000000000000000000000000;
	7634 :	000000000000000000000000000000000000000000000000000000000000000;
	7633 :	000000000000000000000000000000000000000000000000000000000000000;
	7632 :	000000000000000000000000000000000000000000000000000000000000000;
	7631 :	000000000000000000000000000000000000000000000000000000000000000;
	7630 :	000000000000000000000000000000000000000000000000000000000000000;
	7629 :	000000000000000000000000000000000000000000000000000000000000000;
	7628 :	000000000000000000000000000000000000000000000000000000000000000;
	7627 :	000000000000000000000000000000000000000000000000000000000000000;
	7626 :	000000000000000000000000000000000000000000000000000000000000000;
	7625 :	000000000000000000000000000000000000000000000000000000000000000;
	7624 :	000000000000000000000000000000000000000000000000000000000000000;
	7623 :	000000000000000000000000000000000000000000000000000000000000000;
	7622 :	000000000000000000000000000000000000000000000000000000000000000;
	7621 :	000000000000000000000000000000000000000000000000000000000000000;
	7620 :	000000000000000000000000000000000000000000000000000000000000000;
	7619 :	000000000000000000000000000000000000000000000000000000000000000;
	7618 :	000000000000000000000000000000000000000000000000000000000000000;
	7617 :	000000000000000000000000000000000000000000000000000000000000000;
	7616 :	000000000000000000000000000000000000000000000000000000000000000;
	7615 :	000000000000000000000000000000000000000000000000000000000000000;
	7614 :	000000000000000000000000000000000000000000000000000000000000000;
	7613 :	000000000000000000000000000000000000000000000000000000000000000;
	7612 :	000000000000000000000000000000000000000000000000000000000000000;
	7611 :	000000000000000000000000000000000000000000000000000000000000000;
	7610 :	000000000000000000000000000000000000000000000000000000000000000;
	7609 :	000000000000000000000000000000000000000000000000000000000000000;
	7608 :	000000000000000000000000000000000000000000000000000000000000000;
	7607 :	000000000000000000000000000000000000000000000000000000000000000;
	7606 :	000000000000000000000000000000000000000000000000000000000000000;
	7605 :	000000000000000000000000000000000000000000000000000000000000000;
	7604 :	000000000000000000000000000000000000000000000000000000000000000;
	7603 :	000000000000000000000000000000000000000000000000000000000000000;
	7602 :	000000000000000000000000000000000000000000000000000000000000000;
	7601 :	000000000000000000000000000000000000000000000000000000000000000;
	7600 :	000000000000000000000000000000000000000000000000000000000000000;
	7599 :	000000000000000000000000000000000000000000000000000000000000000;
	7598 :	000000000000000000000000000000000000000000000000000000000000000;
	7597 :	000000000000000000000000000000000000000000000000000000000000000;
	7596 :	000000000000000000000000000000000000000000000000000000000000000;
	7595 :	000000000000000000000000000000000000000000000000000000000000000;
	7594 :	000000000000000000000000000000000000000000000000000000000000000;
	7593 :	000000000000000000000000000000000000000000000000000000000000000;
	7592 :	000000000000000000000000000000000000000000000000000000000000000;
	7591 :	000000000000000000000000000000000000000000000000000000000000000;
	7590 :	000000000000000000000000000000000000000000000000000000000000000;
	7589 :	000000000000000000000000000000000000000000000000000000000000000;
	7588 :	000000000000000000000000000000000000000000000000000000000000000;
	7587 :	000000000000000000000000000000000000000000000000000000000000000;
	7586 :	000000000000000000000000000000000000000000000000000000000000000;
	7585 :	000000000000000000000000000000000000000000000000000000000000000;
	7584 :	000000000000000000000000000000000000000000000000000000000000000;
	7583 :	000000000000000000000000000000000000000000000000000000000000000;
	7582 :	000000000000000000000000000000000000000000000000000000000000000;
	7581 :	000000000000000000000000000000000000000000000000000000000000000;
	7580 :	000000000000000000000000000000000000000000000000000000000000000;
	7579 :	000000000000000000000000000000000000000000000000000000000000000;
	7578 :	000000000000000000000000000000000000000000000000000000000000000;
	7577 :	000000000000000000000000000000000000000000000000000000000000000;
	7576 :	000000000000000000000000000000000000000000000000000000000000000;
	7575 :	000000000000000000000000000000000000000000000000000000000000000;
	7574 :	000000000000000000000000000000000000000000000000000000000000000;
	7573 :	000000000000000000000000000000000000000000000000000000000000000;
	7572 :	000000000000000000000000000000000000000000000000000000000000000;
	7571 :	000000000000000000000000000000000000000000000000000000000000000;
	7570 :	000000000000000000000000000000000000000000000000000000000000000;
	7569 :	000000000000000000000000000000000000000000000000000000000000000;
	7568 :	000000000000000000000000000000000000000000000000000000000000000;
	7567 :	000000000000000000000000000000000000000000000000000000000000000;
	7566 :	000000000000000000000000000000000000000000000000000000000000000;
	7565 :	000000000000000000000000000000000000000000000000000000000000000;
	7564 :	000000000000000000000000000000000000000000000000000000000000000;
	7563 :	000000000000000000000000000000000000000000000000000000000000000;
	7562 :	000000000000000000000000000000000000000000000000000000000000000;
	7561 :	000000000000000000000000000000000000000000000000000000000000000;
	7560 :	000000000000000000000000000000000000000000000000000000000000000;
	7559 :	000000000000000000000000000000000000000000000000000000000000000;
	7558 :	000000000000000000000000000000000000000000000000000000000000000;
	7557 :	000000000000000000000000000000000000000000000000000000000000000;
	7556 :	000000000000000000000000000000000000000000000000000000000000000;
	7555 :	000000000000000000000000000000000000000000000000000000000000000;
	7554 :	000000000000000000000000000000000000000000000000000000000000000;
	7553 :	000000000000000000000000000000000000000000000000000000000000000;
	7552 :	000000000000000000000000000000000000000000000000000000000000000;
	7551 :	000000000000000000000000000000000000000000000000000000000000000;
	7550 :	000000000000000000000000000000000000000000000000000000000000000;
	7549 :	000000000000000000000000000000000000000000000000000000000000000;
	7548 :	000000000000000000000000000000000000000000000000000000000000000;
	7547 :	000000000000000000000000000000000000000000000000000000000000000;
	7546 :	000000000000000000000000000000000000000000000000000000000000000;
	7545 :	000000000000000000000000000000000000000000000000000000000000000;
	7544 :	000000000000000000000000000000000000000000000000000000000000000;
	7543 :	000000000000000000000000000000000000000000000000000000000000000;
	7542 :	000000000000000000000000000000000000000000000000000000000000000;
	7541 :	000000000000000000000000000000000000000000000000000000000000000;
	7540 :	000000000000000000000000000000000000000000000000000000000000000;
	7539 :	000000000000000000000000000000000000000000000000000000000000000;
	7538 :	000000000000000000000000000000000000000000000000000000000000000;
	7537 :	000000000000000000000000000000000000000000000000000000000000000;
	7536 :	000000000000000000000000000000000000000000000000000000000000000;
	7535 :	000000000000000000000000000000000000000000000000000000000000000;
	7534 :	000000000000000000000000000000000000000000000000000000000000000;
	7533 :	000000000000000000000000000000000000000000000000000000000000000;
	7532 :	000000000000000000000000000000000000000000000000000000000000000;
	7531 :	000000000000000000000000000000000000000000000000000000000000000;
	7530 :	000000000000000000000000000000000000000000000000000000000000000;
	7529 :	000000000000000000000000000000000000000000000000000000000000000;
	7528 :	000000000000000000000000000000000000000000000000000000000000000;
	7527 :	000000000000000000000000000000000000000000000000000000000000000;
	7526 :	000000000000000000000000000000000000000000000000000000000000000;
	7525 :	000000000000000000000000000000000000000000000000000000000000000;
	7524 :	000000000000000000000000000000000000000000000000000000000000000;
	7523 :	000000000000000000000000000000000000000000000000000000000000000;
	7522 :	000000000000000000000000000000000000000000000000000000000000000;
	7521 :	000000000000000000000000000000000000000000000000000000000000000;
	7520 :	000000000000000000000000000000000000000000000000000000000000000;
	7519 :	000000000000000000000000000000000000000000000000000000000000000;
	7518 :	000000000000000000000000000000000000000000000000000000000000000;
	7517 :	000000000000000000000000000000000000000000000000000000000000000;
	7516 :	000000000000000000000000000000000000000000000000000000000000000;
	7515 :	000000000000000000000000000000000000000000000000000000000000000;
	7514 :	000000000000000000000000000000000000000000000000000000000000000;
	7513 :	000000000000000000000000000000000000000000000000000000000000000;
	7512 :	000000000000000000000000000000000000000000000000000000000000000;
	7511 :	000000000000000000000000000000000000000000000000000000000000000;
	7510 :	000000000000000000000000000000000000000000000000000000000000000;
	7509 :	000000000000000000000000000000000000000000000000000000000000000;
	7508 :	000000000000000000000000000000000000000000000000000000000000000;
	7507 :	000000000000000000000000000000000000000000000000000000000000000;
	7506 :	000000000000000000000000000000000000000000000000000000000000000;
	7505 :	000000000000000000000000000000000000000000000000000000000000000;
	7504 :	000000000000000000000000000000000000000000000000000000000000000;
	7503 :	000000000000000000000000000000000000000000000000000000000000000;
	7502 :	000000000000000000000000000000000000000000000000000000000000000;
	7501 :	000000000000000000000000000000000000000000000000000000000000000;
	7500 :	000000000000000000000000000000000000000000000000000000000000000;
	7499 :	000000000000000000000000000000000000000000000000000000000000000;
	7498 :	000000000000000000000000000000000000000000000000000000000000000;
	7497 :	000000000000000000000000000000000000000000000000000000000000000;
	7496 :	000000000000000000000000000000000000000000000000000000000000000;
	7495 :	000000000000000000000000000000000000000000000000000000000000000;
	7494 :	000000000000000000000000000000000000000000000000000000000000000;
	7493 :	000000000000000000000000000000000000000000000000000000000000000;
	7492 :	000000000000000000000000000000000000000000000000000000000000000;
	7491 :	000000000000000000000000000000000000000000000000000000000000000;
	7490 :	000000000000000000000000000000000000000000000000000000000000000;
	7489 :	000000000000000000000000000000000000000000000000000000000000000;
	7488 :	000000000000000000000000000000000000000000000000000000000000000;
	7487 :	000000000000000000000000000000000000000000000000000000000000000;
	7486 :	000000000000000000000000000000000000000000000000000000000000000;
	7485 :	000000000000000000000000000000000000000000000000000000000000000;
	7484 :	000000000000000000000000000000000000000000000000000000000000000;
	7483 :	000000000000000000000000000000000000000000000000000000000000000;
	7482 :	000000000000000000000000000000000000000000000000000000000000000;
	7481 :	000000000000000000000000000000000000000000000000000000000000000;
	7480 :	000000000000000000000000000000000000000000000000000000000000000;
	7479 :	000000000000000000000000000000000000000000000000000000000000000;
	7478 :	000000000000000000000000000000000000000000000000000000000000000;
	7477 :	000000000000000000000000000000000000000000000000000000000000000;
	7476 :	000000000000000000000000000000000000000000000000000000000000000;
	7475 :	000000000000000000000000000000000000000000000000000000000000000;
	7474 :	000000000000000000000000000000000000000000000000000000000000000;
	7473 :	000000000000000000000000000000000000000000000000000000000000000;
	7472 :	000000000000000000000000000000000000000000000000000000000000000;
	7471 :	000000000000000000000000000000000000000000000000000000000000000;
	7470 :	000000000000000000000000000000000000000000000000000000000000000;
	7469 :	000000000000000000000000000000000000000000000000000000000000000;
	7468 :	000000000000000000000000000000000000000000000000000000000000000;
	7467 :	000000000000000000000000000000000000000000000000000000000000000;
	7466 :	000000000000000000000000000000000000000000000000000000000000000;
	7465 :	000000000000000000000000000000000000000000000000000000000000000;
	7464 :	000000000000000000000000000000000000000000000000000000000000000;
	7463 :	000000000000000000000000000000000000000000000000000000000000000;
	7462 :	000000000000000000000000000000000000000000000000000000000000000;
	7461 :	000000000000000000000000000000000000000000000000000000000000000;
	7460 :	000000000000000000000000000000000000000000000000000000000000000;
	7459 :	000000000000000000000000000000000000000000000000000000000000000;
	7458 :	000000000000000000000000000000000000000000000000000000000000000;
	7457 :	000000000000000000000000000000000000000000000000000000000000000;
	7456 :	000000000000000000000000000000000000000000000000000000000000000;
	7455 :	000000000000000000000000000000000000000000000000000000000000000;
	7454 :	000000000000000000000000000000000000000000000000000000000000000;
	7453 :	000000000000000000000000000000000000000000000000000000000000000;
	7452 :	000000000000000000000000000000000000000000000000000000000000000;
	7451 :	000000000000000000000000000000000000000000000000000000000000000;
	7450 :	000000000000000000000000000000000000000000000000000000000000000;
	7449 :	000000000000000000000000000000000000000000000000000000000000000;
	7448 :	000000000000000000000000000000000000000000000000000000000000000;
	7447 :	000000000000000000000000000000000000000000000000000000000000000;
	7446 :	000000000000000000000000000000000000000000000000000000000000000;
	7445 :	000000000000000000000000000000000000000000000000000000000000000;
	7444 :	000000000000000000000000000000000000000000000000000000000000000;
	7443 :	000000000000000000000000000000000000000000000000000000000000000;
	7442 :	000000000000000000000000000000000000000000000000000000000000000;
	7441 :	000000000000000000000000000000000000000000000000000000000000000;
	7440 :	000000000000000000000000000000000000000000000000000000000000000;
	7439 :	000000000000000000000000000000000000000000000000000000000000000;
	7438 :	000000000000000000000000000000000000000000000000000000000000000;
	7437 :	000000000000000000000000000000000000000000000000000000000000000;
	7436 :	000000000000000000000000000000000000000000000000000000000000000;
	7435 :	000000000000000000000000000000000000000000000000000000000000000;
	7434 :	000000000000000000000000000000000000000000000000000000000000000;
	7433 :	000000000000000000000000000000000000000000000000000000000000000;
	7432 :	000000000000000000000000000000000000000000000000000000000000000;
	7431 :	000000000000000000000000000000000000000000000000000000000000000;
	7430 :	000000000000000000000000000000000000000000000000000000000000000;
	7429 :	000000000000000000000000000000000000000000000000000000000000000;
	7428 :	000000000000000000000000000000000000000000000000000000000000000;
	7427 :	000000000000000000000000000000000000000000000000000000000000000;
	7426 :	000000000000000000000000000000000000000000000000000000000000000;
	7425 :	000000000000000000000000000000000000000000000000000000000000000;
	7424 :	000000000000000000000000000000000000000000000000000000000000000;
	7423 :	000000000000000000000000000000000000000000000000000000000000000;
	7422 :	000000000000000000000000000000000000000000000000000000000000000;
	7421 :	000000000000000000000000000000000000000000000000000000000000000;
	7420 :	000000000000000000000000000000000000000000000000000000000000000;
	7419 :	000000000000000000000000000000000000000000000000000000000000000;
	7418 :	000000000000000000000000000000000000000000000000000000000000000;
	7417 :	000000000000000000000000000000000000000000000000000000000000000;
	7416 :	000000000000000000000000000000000000000000000000000000000000000;
	7415 :	000000000000000000000000000000000000000000000000000000000000000;
	7414 :	000000000000000000000000000000000000000000000000000000000000000;
	7413 :	000000000000000000000000000000000000000000000000000000000000000;
	7412 :	000000000000000000000000000000000000000000000000000000000000000;
	7411 :	000000000000000000000000000000000000000000000000000000000000000;
	7410 :	000000000000000000000000000000000000000000000000000000000000000;
	7409 :	000000000000000000000000000000000000000000000000000000000000000;
	7408 :	000000000000000000000000000000000000000000000000000000000000000;
	7407 :	000000000000000000000000000000000000000000000000000000000000000;
	7406 :	000000000000000000000000000000000000000000000000000000000000000;
	7405 :	000000000000000000000000000000000000000000000000000000000000000;
	7404 :	000000000000000000000000000000000000000000000000000000000000000;
	7403 :	000000000000000000000000000000000000000000000000000000000000000;
	7402 :	000000000000000000000000000000000000000000000000000000000000000;
	7401 :	000000000000000000000000000000000000000000000000000000000000000;
	7400 :	000000000000000000000000000000000000000000000000000000000000000;
	7399 :	000000000000000000000000000000000000000000000000000000000000000;
	7398 :	000000000000000000000000000000000000000000000000000000000000000;
	7397 :	000000000000000000000000000000000000000000000000000000000000000;
	7396 :	000000000000000000000000000000000000000000000000000000000000000;
	7395 :	000000000000000000000000000000000000000000000000000000000000000;
	7394 :	000000000000000000000000000000000000000000000000000000000000000;
	7393 :	000000000000000000000000000000000000000000000000000000000000000;
	7392 :	000000000000000000000000000000000000000000000000000000000000000;
	7391 :	000000000000000000000000000000000000000000000000000000000000000;
	7390 :	000000000000000000000000000000000000000000000000000000000000000;
	7389 :	000000000000000000000000000000000000000000000000000000000000000;
	7388 :	000000000000000000000000000000000000000000000000000000000000000;
	7387 :	000000000000000000000000000000000000000000000000000000000000000;
	7386 :	000000000000000000000000000000000000000000000000000000000000000;
	7385 :	000000000000000000000000000000000000000000000000000000000000000;
	7384 :	000000000000000000000000000000000000000000000000000000000000000;
	7383 :	000000000000000000000000000000000000000000000000000000000000000;
	7382 :	000000000000000000000000000000000000000000000000000000000000000;
	7381 :	000000000000000000000000000000000000000000000000000000000000000;
	7380 :	000000000000000000000000000000000000000000000000000000000000000;
	7379 :	000000000000000000000000000000000000000000000000000000000000000;
	7378 :	000000000000000000000000000000000000000000000000000000000000000;
	7377 :	000000000000000000000000000000000000000000000000000000000000000;
	7376 :	000000000000000000000000000000000000000000000000000000000000000;
	7375 :	000000000000000000000000000000000000000000000000000000000000000;
	7374 :	000000000000000000000000000000000000000000000000000000000000000;
	7373 :	000000000000000000000000000000000000000000000000000000000000000;
	7372 :	000000000000000000000000000000000000000000000000000000000000000;
	7371 :	000000000000000000000000000000000000000000000000000000000000000;
	7370 :	000000000000000000000000000000000000000000000000000000000000000;
	7369 :	000000000000000000000000000000000000000000000000000000000000000;
	7368 :	000000000000000000000000000000000000000000000000000000000000000;
	7367 :	000000000000000000000000000000000000000000000000000000000000000;
	7366 :	000000000000000000000000000000000000000000000000000000000000000;
	7365 :	000000000000000000000000000000000000000000000000000000000000000;
	7364 :	000000000000000000000000000000000000000000000000000000000000000;
	7363 :	000000000000000000000000000000000000000000000000000000000000000;
	7362 :	000000000000000000000000000000000000000000000000000000000000000;
	7361 :	000000000000000000000000000000000000000000000000000000000000000;
	7360 :	000000000000000000000000000000000000000000000000000000000000000;
	7359 :	000000000000000000000000000000000000000000000000000000000000000;
	7358 :	000000000000000000000000000000000000000000000000000000000000000;
	7357 :	000000000000000000000000000000000000000000000000000000000000000;
	7356 :	000000000000000000000000000000000000000000000000000000000000000;
	7355 :	000000000000000000000000000000000000000000000000000000000000000;
	7354 :	000000000000000000000000000000000000000000000000000000000000000;
	7353 :	000000000000000000000000000000000000000000000000000000000000000;
	7352 :	000000000000000000000000000000000000000000000000000000000000000;
	7351 :	000000000000000000000000000000000000000000000000000000000000000;
	7350 :	000000000000000000000000000000000000000000000000000000000000000;
	7349 :	000000000000000000000000000000000000000000000000000000000000000;
	7348 :	000000000000000000000000000000000000000000000000000000000000000;
	7347 :	000000000000000000000000000000000000000000000000000000000000000;
	7346 :	000000000000000000000000000000000000000000000000000000000000000;
	7345 :	000000000000000000000000000000000000000000000000000000000000000;
	7344 :	000000000000000000000000000000000000000000000000000000000000000;
	7343 :	000000000000000000000000000000000000000000000000000000000000000;
	7342 :	000000000000000000000000000000000000000000000000000000000000000;
	7341 :	000000000000000000000000000000000000000000000000000000000000000;
	7340 :	000000000000000000000000000000000000000000000000000000000000000;
	7339 :	000000000000000000000000000000000000000000000000000000000000000;
	7338 :	000000000000000000000000000000000000000000000000000000000000000;
	7337 :	000000000000000000000000000000000000000000000000000000000000000;
	7336 :	000000000000000000000000000000000000000000000000000000000000000;
	7335 :	000000000000000000000000000000000000000000000000000000000000000;
	7334 :	000000000000000000000000000000000000000000000000000000000000000;
	7333 :	000000000000000000000000000000000000000000000000000000000000000;
	7332 :	000000000000000000000000000000000000000000000000000000000000000;
	7331 :	000000000000000000000000000000000000000000000000000000000000000;
	7330 :	000000000000000000000000000000000000000000000000000000000000000;
	7329 :	000000000000000000000000000000000000000000000000000000000000000;
	7328 :	000000000000000000000000000000000000000000000000000000000000000;
	7327 :	000000000000000000000000000000000000000000000000000000000000000;
	7326 :	000000000000000000000000000000000000000000000000000000000000000;
	7325 :	000000000000000000000000000000000000000000000000000000000000000;
	7324 :	000000000000000000000000000000000000000000000000000000000000000;
	7323 :	000000000000000000000000000000000000000000000000000000000000000;
	7322 :	000000000000000000000000000000000000000000000000000000000000000;
	7321 :	000000000000000000000000000000000000000000000000000000000000000;
	7320 :	000000000000000000000000000000000000000000000000000000000000000;
	7319 :	000000000000000000000000000000000000000000000000000000000000000;
	7318 :	000000000000000000000000000000000000000000000000000000000000000;
	7317 :	000000000000000000000000000000000000000000000000000000000000000;
	7316 :	000000000000000000000000000000000000000000000000000000000000000;
	7315 :	000000000000000000000000000000000000000000000000000000000000000;
	7314 :	000000000000000000000000000000000000000000000000000000000000000;
	7313 :	000000000000000000000000000000000000000000000000000000000000000;
	7312 :	000000000000000000000000000000000000000000000000000000000000000;
	7311 :	000000000000000000000000000000000000000000000000000000000000000;
	7310 :	000000000000000000000000000000000000000000000000000000000000000;
	7309 :	000000000000000000000000000000000000000000000000000000000000000;
	7308 :	000000000000000000000000000000000000000000000000000000000000000;
	7307 :	000000000000000000000000000000000000000000000000000000000000000;
	7306 :	000000000000000000000000000000000000000000000000000000000000000;
	7305 :	000000000000000000000000000000000000000000000000000000000000000;
	7304 :	000000000000000000000000000000000000000000000000000000000000000;
	7303 :	000000000000000000000000000000000000000000000000000000000000000;
	7302 :	000000000000000000000000000000000000000000000000000000000000000;
	7301 :	000000000000000000000000000000000000000000000000000000000000000;
	7300 :	000000000000000000000000000000000000000000000000000000000000000;
	7299 :	000000000000000000000000000000000000000000000000000000000000000;
	7298 :	000000000000000000000000000000000000000000000000000000000000000;
	7297 :	000000000000000000000000000000000000000000000000000000000000000;
	7296 :	000000000000000000000000000000000000000000000000000000000000000;
	7295 :	000000000000000000000000000000000000000000000000000000000000000;
	7294 :	000000000000000000000000000000000000000000000000000000000000000;
	7293 :	000000000000000000000000000000000000000000000000000000000000000;
	7292 :	000000000000000000000000000000000000000000000000000000000000000;
	7291 :	000000000000000000000000000000000000000000000000000000000000000;
	7290 :	000000000000000000000000000000000000000000000000000000000000000;
	7289 :	000000000000000000000000000000000000000000000000000000000000000;
	7288 :	000000000000000000000000000000000000000000000000000000000000000;
	7287 :	000000000000000000000000000000000000000000000000000000000000000;
	7286 :	000000000000000000000000000000000000000000000000000000000000000;
	7285 :	000000000000000000000000000000000000000000000000000000000000000;
	7284 :	000000000000000000000000000000000000000000000000000000000000000;
	7283 :	000000000000000000000000000000000000000000000000000000000000000;
	7282 :	000000000000000000000000000000000000000000000000000000000000000;
	7281 :	000000000000000000000000000000000000000000000000000000000000000;
	7280 :	000000000000000000000000000000000000000000000000000000000000000;
	7279 :	000000000000000000000000000000000000000000000000000000000000000;
	7278 :	000000000000000000000000000000000000000000000000000000000000000;
	7277 :	000000000000000000000000000000000000000000000000000000000000000;
	7276 :	000000000000000000000000000000000000000000000000000000000000000;
	7275 :	000000000000000000000000000000000000000000000000000000000000000;
	7274 :	000000000000000000000000000000000000000000000000000000000000000;
	7273 :	000000000000000000000000000000000000000000000000000000000000000;
	7272 :	000000000000000000000000000000000000000000000000000000000000000;
	7271 :	000000000000000000000000000000000000000000000000000000000000000;
	7270 :	000000000000000000000000000000000000000000000000000000000000000;
	7269 :	000000000000000000000000000000000000000000000000000000000000000;
	7268 :	000000000000000000000000000000000000000000000000000000000000000;
	7267 :	000000000000000000000000000000000000000000000000000000000000000;
	7266 :	000000000000000000000000000000000000000000000000000000000000000;
	7265 :	000000000000000000000000000000000000000000000000000000000000000;
	7264 :	000000000000000000000000000000000000000000000000000000000000000;
	7263 :	000000000000000000000000000000000000000000000000000000000000000;
	7262 :	000000000000000000000000000000000000000000000000000000000000000;
	7261 :	000000000000000000000000000000000000000000000000000000000000000;
	7260 :	000000000000000000000000000000000000000000000000000000000000000;
	7259 :	000000000000000000000000000000000000000000000000000000000000000;
	7258 :	000000000000000000000000000000000000000000000000000000000000000;
	7257 :	000000000000000000000000000000000000000000000000000000000000000;
	7256 :	000000000000000000000000000000000000000000000000000000000000000;
	7255 :	000000000000000000000000000000000000000000000000000000000000000;
	7254 :	000000000000000000000000000000000000000000000000000000000000000;
	7253 :	000000000000000000000000000000000000000000000000000000000000000;
	7252 :	000000000000000000000000000000000000000000000000000000000000000;
	7251 :	000000000000000000000000000000000000000000000000000000000000000;
	7250 :	000000000000000000000000000000000000000000000000000000000000000;
	7249 :	000000000000000000000000000000000000000000000000000000000000000;
	7248 :	000000000000000000000000000000000000000000000000000000000000000;
	7247 :	000000000000000000000000000000000000000000000000000000000000000;
	7246 :	000000000000000000000000000000000000000000000000000000000000000;
	7245 :	000000000000000000000000000000000000000000000000000000000000000;
	7244 :	000000000000000000000000000000000000000000000000000000000000000;
	7243 :	000000000000000000000000000000000000000000000000000000000000000;
	7242 :	000000000000000000000000000000000000000000000000000000000000000;
	7241 :	000000000000000000000000000000000000000000000000000000000000000;
	7240 :	000000000000000000000000000000000000000000000000000000000000000;
	7239 :	000000000000000000000000000000000000000000000000000000000000000;
	7238 :	000000000000000000000000000000000000000000000000000000000000000;
	7237 :	000000000000000000000000000000000000000000000000000000000000000;
	7236 :	000000000000000000000000000000000000000000000000000000000000000;
	7235 :	000000000000000000000000000000000000000000000000000000000000000;
	7234 :	000000000000000000000000000000000000000000000000000000000000000;
	7233 :	000000000000000000000000000000000000000000000000000000000000000;
	7232 :	000000000000000000000000000000000000000000000000000000000000000;
	7231 :	000000000000000000000000000000000000000000000000000000000000000;
	7230 :	000000000000000000000000000000000000000000000000000000000000000;
	7229 :	000000000000000000000000000000000000000000000000000000000000000;
	7228 :	000000000000000000000000000000000000000000000000000000000000000;
	7227 :	000000000000000000000000000000000000000000000000000000000000000;
	7226 :	000000000000000000000000000000000000000000000000000000000000000;
	7225 :	000000000000000000000000000000000000000000000000000000000000000;
	7224 :	000000000000000000000000000000000000000000000000000000000000000;
	7223 :	000000000000000000000000000000000000000000000000000000000000000;
	7222 :	000000000000000000000000000000000000000000000000000000000000000;
	7221 :	000000000000000000000000000000000000000000000000000000000000000;
	7220 :	000000000000000000000000000000000000000000000000000000000000000;
	7219 :	000000000000000000000000000000000000000000000000000000000000000;
	7218 :	000000000000000000000000000000000000000000000000000000000000000;
	7217 :	000000000000000000000000000000000000000000000000000000000000000;
	7216 :	000000000000000000000000000000000000000000000000000000000000000;
	7215 :	000000000000000000000000000000000000000000000000000000000000000;
	7214 :	000000000000000000000000000000000000000000000000000000000000000;
	7213 :	000000000000000000000000000000000000000000000000000000000000000;
	7212 :	000000000000000000000000000000000000000000000000000000000000000;
	7211 :	000000000000000000000000000000000000000000000000000000000000000;
	7210 :	000000000000000000000000000000000000000000000000000000000000000;
	7209 :	000000000000000000000000000000000000000000000000000000000000000;
	7208 :	000000000000000000000000000000000000000000000000000000000000000;
	7207 :	000000000000000000000000000000000000000000000000000000000000000;
	7206 :	000000000000000000000000000000000000000000000000000000000000000;
	7205 :	000000000000000000000000000000000000000000000000000000000000000;
	7204 :	000000000000000000000000000000000000000000000000000000000000000;
	7203 :	000000000000000000000000000000000000000000000000000000000000000;
	7202 :	000000000000000000000000000000000000000000000000000000000000000;
	7201 :	000000000000000000000000000000000000000000000000000000000000000;
	7200 :	000000000000000000000000000000000000000000000000000000000000000;
	7199 :	000000000000000000000000000000000000000000000000000000000000000;
	7198 :	000000000000000000000000000000000000000000000000000000000000000;
	7197 :	000000000000000000000000000000000000000000000000000000000000000;
	7196 :	000000000000000000000000000000000000000000000000000000000000000;
	7195 :	000000000000000000000000000000000000000000000000000000000000000;
	7194 :	000000000000000000000000000000000000000000000000000000000000000;
	7193 :	000000000000000000000000000000000000000000000000000000000000000;
	7192 :	000000000000000000000000000000000000000000000000000000000000000;
	7191 :	000000000000000000000000000000000000000000000000000000000000000;
	7190 :	000000000000000000000000000000000000000000000000000000000000000;
	7189 :	000000000000000000000000000000000000000000000000000000000000000;
	7188 :	000000000000000000000000000000000000000000000000000000000000000;
	7187 :	000000000000000000000000000000000000000000000000000000000000000;
	7186 :	000000000000000000000000000000000000000000000000000000000000000;
	7185 :	000000000000000000000000000000000000000000000000000000000000000;
	7184 :	000000000000000000000000000000000000000000000000000000000000000;
	7183 :	000000000000000000000000000000000000000000000000000000000000000;
	7182 :	000000000000000000000000000000000000000000000000000000000000000;
	7181 :	000000000000000000000000000000000000000000000000000000000000000;
	7180 :	000000000000000000000000000000000000000000000000000000000000000;
	7179 :	000000000000000000000000000000000000000000000000000000000000000;
	7178 :	000000000000000000000000000000000000000000000000000000000000000;
	7177 :	000000000000000000000000000000000000000000000000000000000000000;
	7176 :	000000000000000000000000000000000000000000000000000000000000000;
	7175 :	000000000000000000000000000000000000000000000000000000000000000;
	7174 :	000000000000000000000000000000000000000000000000000000000000000;
	7173 :	000000000000000000000000000000000000000000000000000000000000000;
	7172 :	000000000000000000000000000000000000000000000000000000000000000;
	7171 :	000000000000000000000000000000000000000000000000000000000000000;
	7170 :	000000000000000000000000000000000000000000000000000000000000000;
	7169 :	000000000000000000000000000000000000000000000000000000000000000;
	7168 :	000000000000000000000000000000000000000000000000000000000000000;
	7167 :	000000000000000000000000000000000000000000000000000000000000000;
	7166 :	000000000000000000000000000000000000000000000000000000000000000;
	7165 :	000000000000000000000000000000000000000000000000000000000000000;
	7164 :	000000000000000000000000000000000000000000000000000000000000000;
	7163 :	000000000000000000000000000000000000000000000000000000000000000;
	7162 :	000000000000000000000000000000000000000000000000000000000000000;
	7161 :	000000000000000000000000000000000000000000000000000000000000000;
	7160 :	000000000000000000000000000000000000000000000000000000000000000;
	7159 :	000000000000000000000000000000000000000000000000000000000000000;
	7158 :	000000000000000000000000000000000000000000000000000000000000000;
	7157 :	000000000000000000000000000000000000000000000000000000000000000;
	7156 :	000000000000000000000000000000000000000000000000000000000000000;
	7155 :	000000000000000000000000000000000000000000000000000000000000000;
	7154 :	000000000000000000000000000000000000000000000000000000000000000;
	7153 :	000000000000000000000000000000000000000000000000000000000000000;
	7152 :	000000000000000000000000000000000000000000000000000000000000000;
	7151 :	000000000000000000000000000000000000000000000000000000000000000;
	7150 :	000000000000000000000000000000000000000000000000000000000000000;
	7149 :	000000000000000000000000000000000000000000000000000000000000000;
	7148 :	000000000000000000000000000000000000000000000000000000000000000;
	7147 :	000000000000000000000000000000000000000000000000000000000000000;
	7146 :	000000000000000000000000000000000000000000000000000000000000000;
	7145 :	000000000000000000000000000000000000000000000000000000000000000;
	7144 :	000000000000000000000000000000000000000000000000000000000000000;
	7143 :	000000000000000000000000000000000000000000000000000000000000000;
	7142 :	000000000000000000000000000000000000000000000000000000000000000;
	7141 :	000000000000000000000000000000000000000000000000000000000000000;
	7140 :	000000000000000000000000000000000000000000000000000000000000000;
	7139 :	000000000000000000000000000000000000000000000000000000000000000;
	7138 :	000000000000000000000000000000000000000000000000000000000000000;
	7137 :	000000000000000000000000000000000000000000000000000000000000000;
	7136 :	000000000000000000000000000000000000000000000000000000000000000;
	7135 :	000000000000000000000000000000000000000000000000000000000000000;
	7134 :	000000000000000000000000000000000000000000000000000000000000000;
	7133 :	000000000000000000000000000000000000000000000000000000000000000;
	7132 :	000000000000000000000000000000000000000000000000000000000000000;
	7131 :	000000000000000000000000000000000000000000000000000000000000000;
	7130 :	000000000000000000000000000000000000000000000000000000000000000;
	7129 :	000000000000000000000000000000000000000000000000000000000000000;
	7128 :	000000000000000000000000000000000000000000000000000000000000000;
	7127 :	000000000000000000000000000000000000000000000000000000000000000;
	7126 :	000000000000000000000000000000000000000000000000000000000000000;
	7125 :	000000000000000000000000000000000000000000000000000000000000000;
	7124 :	000000000000000000000000000000000000000000000000000000000000000;
	7123 :	000000000000000000000000000000000000000000000000000000000000000;
	7122 :	000000000000000000000000000000000000000000000000000000000000000;
	7121 :	000000000000000000000000000000000000000000000000000000000000000;
	7120 :	000000000000000000000000000000000000000000000000000000000000000;
	7119 :	000000000000000000000000000000000000000000000000000000000000000;
	7118 :	000000000000000000000000000000000000000000000000000000000000000;
	7117 :	000000000000000000000000000000000000000000000000000000000000000;
	7116 :	000000000000000000000000000000000000000000000000000000000000000;
	7115 :	000000000000000000000000000000000000000000000000000000000000000;
	7114 :	000000000000000000000000000000000000000000000000000000000000000;
	7113 :	000000000000000000000000000000000000000000000000000000000000000;
	7112 :	000000000000000000000000000000000000000000000000000000000000000;
	7111 :	000000000000000000000000000000000000000000000000000000000000000;
	7110 :	000000000000000000000000000000000000000000000000000000000000000;
	7109 :	000000000000000000000000000000000000000000000000000000000000000;
	7108 :	000000000000000000000000000000000000000000000000000000000000000;
	7107 :	000000000000000000000000000000000000000000000000000000000000000;
	7106 :	000000000000000000000000000000000000000000000000000000000000000;
	7105 :	000000000000000000000000000000000000000000000000000000000000000;
	7104 :	000000000000000000000000000000000000000000000000000000000000000;
	7103 :	000000000000000000000000000000000000000000000000000000000000000;
	7102 :	000000000000000000000000000000000000000000000000000000000000000;
	7101 :	000000000000000000000000000000000000000000000000000000000000000;
	7100 :	000000000000000000000000000000000000000000000000000000000000000;
	7099 :	000000000000000000000000000000000000000000000000000000000000000;
	7098 :	000000000000000000000000000000000000000000000000000000000000000;
	7097 :	000000000000000000000000000000000000000000000000000000000000000;
	7096 :	000000000000000000000000000000000000000000000000000000000000000;
	7095 :	000000000000000000000000000000000000000000000000000000000000000;
	7094 :	000000000000000000000000000000000000000000000000000000000000000;
	7093 :	000000000000000000000000000000000000000000000000000000000000000;
	7092 :	000000000000000000000000000000000000000000000000000000000000000;
	7091 :	000000000000000000000000000000000000000000000000000000000000000;
	7090 :	000000000000000000000000000000000000000000000000000000000000000;
	7089 :	000000000000000000000000000000000000000000000000000000000000000;
	7088 :	000000000000000000000000000000000000000000000000000000000000000;
	7087 :	000000000000000000000000000000000000000000000000000000000000000;
	7086 :	000000000000000000000000000000000000000000000000000000000000000;
	7085 :	000000000000000000000000000000000000000000000000000000000000000;
	7084 :	000000000000000000000000000000000000000000000000000000000000000;
	7083 :	000000000000000000000000000000000000000000000000000000000000000;
	7082 :	000000000000000000000000000000000000000000000000000000000000000;
	7081 :	000000000000000000000000000000000000000000000000000000000000000;
	7080 :	000000000000000000000000000000000000000000000000000000000000000;
	7079 :	000000000000000000000000000000000000000000000000000000000000000;
	7078 :	000000000000000000000000000000000000000000000000000000000000000;
	7077 :	000000000000000000000000000000000000000000000000000000000000000;
	7076 :	000000000000000000000000000000000000000000000000000000000000000;
	7075 :	000000000000000000000000000000000000000000000000000000000000000;
	7074 :	000000000000000000000000000000000000000000000000000000000000000;
	7073 :	000000000000000000000000000000000000000000000000000000000000000;
	7072 :	000000000000000000000000000000000000000000000000000000000000000;
	7071 :	000000000000000000000000000000000000000000000000000000000000000;
	7070 :	000000000000000000000000000000000000000000000000000000000000000;
	7069 :	000000000000000000000000000000000000000000000000000000000000000;
	7068 :	000000000000000000000000000000000000000000000000000000000000000;
	7067 :	000000000000000000000000000000000000000000000000000000000000000;
	7066 :	000000000000000000000000000000000000000000000000000000000000000;
	7065 :	000000000000000000000000000000000000000000000000000000000000000;
	7064 :	000000000000000000000000000000000000000000000000000000000000000;
	7063 :	000000000000000000000000000000000000000000000000000000000000000;
	7062 :	000000000000000000000000000000000000000000000000000000000000000;
	7061 :	000000000000000000000000000000000000000000000000000000000000000;
	7060 :	000000000000000000000000000000000000000000000000000000000000000;
	7059 :	000000000000000000000000000000000000000000000000000000000000000;
	7058 :	000000000000000000000000000000000000000000000000000000000000000;
	7057 :	000000000000000000000000000000000000000000000000000000000000000;
	7056 :	000000000000000000000000000000000000000000000000000000000000000;
	7055 :	000000000000000000000000000000000000000000000000000000000000000;
	7054 :	000000000000000000000000000000000000000000000000000000000000000;
	7053 :	000000000000000000000000000000000000000000000000000000000000000;
	7052 :	000000000000000000000000000000000000000000000000000000000000000;
	7051 :	000000000000000000000000000000000000000000000000000000000000000;
	7050 :	000000000000000000000000000000000000000000000000000000000000000;
	7049 :	000000000000000000000000000000000000000000000000000000000000000;
	7048 :	000000000000000000000000000000000000000000000000000000000000000;
	7047 :	000000000000000000000000000000000000000000000000000000000000000;
	7046 :	000000000000000000000000000000000000000000000000000000000000000;
	7045 :	000000000000000000000000000000000000000000000000000000000000000;
	7044 :	000000000000000000000000000000000000000000000000000000000000000;
	7043 :	000000000000000000000000000000000000000000000000000000000000000;
	7042 :	000000000000000000000000000000000000000000000000000000000000000;
	7041 :	000000000000000000000000000000000000000000000000000000000000000;
	7040 :	000000000000000000000000000000000000000000000000000000000000000;
	7039 :	000000000000000000000000000000000000000000000000000000000000000;
	7038 :	000000000000000000000000000000000000000000000000000000000000000;
	7037 :	000000000000000000000000000000000000000000000000000000000000000;
	7036 :	000000000000000000000000000000000000000000000000000000000000000;
	7035 :	000000000000000000000000000000000000000000000000000000000000000;
	7034 :	000000000000000000000000000000000000000000000000000000000000000;
	7033 :	000000000000000000000000000000000000000000000000000000000000000;
	7032 :	000000000000000000000000000000000000000000000000000000000000000;
	7031 :	000000000000000000000000000000000000000000000000000000000000000;
	7030 :	000000000000000000000000000000000000000000000000000000000000000;
	7029 :	000000000000000000000000000000000000000000000000000000000000000;
	7028 :	000000000000000000000000000000000000000000000000000000000000000;
	7027 :	000000000000000000000000000000000000000000000000000000000000000;
	7026 :	000000000000000000000000000000000000000000000000000000000000000;
	7025 :	000000000000000000000000000000000000000000000000000000000000000;
	7024 :	000000000000000000000000000000000000000000000000000000000000000;
	7023 :	000000000000000000000000000000000000000000000000000000000000000;
	7022 :	000000000000000000000000000000000000000000000000000000000000000;
	7021 :	000000000000000000000000000000000000000000000000000000000000000;
	7020 :	000000000000000000000000000000000000000000000000000000000000000;
	7019 :	000000000000000000000000000000000000000000000000000000000000000;
	7018 :	000000000000000000000000000000000000000000000000000000000000000;
	7017 :	000000000000000000000000000000000000000000000000000000000000000;
	7016 :	000000000000000000000000000000000000000000000000000000000000000;
	7015 :	000000000000000000000000000000000000000000000000000000000000000;
	7014 :	000000000000000000000000000000000000000000000000000000000000000;
	7013 :	000000000000000000000000000000000000000000000000000000000000000;
	7012 :	000000000000000000000000000000000000000000000000000000000000000;
	7011 :	000000000000000000000000000000000000000000000000000000000000000;
	7010 :	000000000000000000000000000000000000000000000000000000000000000;
	7009 :	000000000000000000000000000000000000000000000000000000000000000;
	7008 :	000000000000000000000000000000000000000000000000000000000000000;
	7007 :	000000000000000000000000000000000000000000000000000000000000000;
	7006 :	000000000000000000000000000000000000000000000000000000000000000;
	7005 :	000000000000000000000000000000000000000000000000000000000000000;
	7004 :	000000000000000000000000000000000000000000000000000000000000000;
	7003 :	000000000000000000000000000000000000000000000000000000000000000;
	7002 :	000000000000000000000000000000000000000000000000000000000000000;
	7001 :	000000000000000000000000000000000000000000000000000000000000000;
	7000 :	000000000000000000000000000000000000000000000000000000000000000;
	6999 :	000000000000000000000000000000000000000000000000000000000000000;
	6998 :	000000000000000000000000000000000000000000000000000000000000000;
	6997 :	000000000000000000000000000000000000000000000000000000000000000;
	6996 :	000000000000000000000000000000000000000000000000000000000000000;
	6995 :	000000000000000000000000000000000000000000000000000000000000000;
	6994 :	000000000000000000000000000000000000000000000000000000000000000;
	6993 :	000000000000000000000000000000000000000000000000000000000000000;
	6992 :	000000000000000000000000000000000000000000000000000000000000000;
	6991 :	000000000000000000000000000000000000000000000000000000000000000;
	6990 :	000000000000000000000000000000000000000000000000000000000000000;
	6989 :	000000000000000000000000000000000000000000000000000000000000000;
	6988 :	000000000000000000000000000000000000000000000000000000000000000;
	6987 :	000000000000000000000000000000000000000000000000000000000000000;
	6986 :	000000000000000000000000000000000000000000000000000000000000000;
	6985 :	000000000000000000000000000000000000000000000000000000000000000;
	6984 :	000000000000000000000000000000000000000000000000000000000000000;
	6983 :	000000000000000000000000000000000000000000000000000000000000000;
	6982 :	000000000000000000000000000000000000000000000000000000000000000;
	6981 :	000000000000000000000000000000000000000000000000000000000000000;
	6980 :	000000000000000000000000000000000000000000000000000000000000000;
	6979 :	000000000000000000000000000000000000000000000000000000000000000;
	6978 :	000000000000000000000000000000000000000000000000000000000000000;
	6977 :	000000000000000000000000000000000000000000000000000000000000000;
	6976 :	000000000000000000000000000000000000000000000000000000000000000;
	6975 :	000000000000000000000000000000000000000000000000000000000000000;
	6974 :	000000000000000000000000000000000000000000000000000000000000000;
	6973 :	000000000000000000000000000000000000000000000000000000000000000;
	6972 :	000000000000000000000000000000000000000000000000000000000000000;
	6971 :	000000000000000000000000000000000000000000000000000000000000000;
	6970 :	000000000000000000000000000000000000000000000000000000000000000;
	6969 :	000000000000000000000000000000000000000000000000000000000000000;
	6968 :	000000000000000000000000000000000000000000000000000000000000000;
	6967 :	000000000000000000000000000000000000000000000000000000000000000;
	6966 :	000000000000000000000000000000000000000000000000000000000000000;
	6965 :	000000000000000000000000000000000000000000000000000000000000000;
	6964 :	000000000000000000000000000000000000000000000000000000000000000;
	6963 :	000000000000000000000000000000000000000000000000000000000000000;
	6962 :	000000000000000000000000000000000000000000000000000000000000000;
	6961 :	000000000000000000000000000000000000000000000000000000000000000;
	6960 :	000000000000000000000000000000000000000000000000000000000000000;
	6959 :	000000000000000000000000000000000000000000000000000000000000000;
	6958 :	000000000000000000000000000000000000000000000000000000000000000;
	6957 :	000000000000000000000000000000000000000000000000000000000000000;
	6956 :	000000000000000000000000000000000000000000000000000000000000000;
	6955 :	000000000000000000000000000000000000000000000000000000000000000;
	6954 :	000000000000000000000000000000000000000000000000000000000000000;
	6953 :	000000000000000000000000000000000000000000000000000000000000000;
	6952 :	000000000000000000000000000000000000000000000000000000000000000;
	6951 :	000000000000000000000000000000000000000000000000000000000000000;
	6950 :	000000000000000000000000000000000000000000000000000000000000000;
	6949 :	000000000000000000000000000000000000000000000000000000000000000;
	6948 :	000000000000000000000000000000000000000000000000000000000000000;
	6947 :	000000000000000000000000000000000000000000000000000000000000000;
	6946 :	000000000000000000000000000000000000000000000000000000000000000;
	6945 :	000000000000000000000000000000000000000000000000000000000000000;
	6944 :	000000000000000000000000000000000000000000000000000000000000000;
	6943 :	000000000000000000000000000000000000000000000000000000000000000;
	6942 :	000000000000000000000000000000000000000000000000000000000000000;
	6941 :	000000000000000000000000000000000000000000000000000000000000000;
	6940 :	000000000000000000000000000000000000000000000000000000000000000;
	6939 :	000000000000000000000000000000000000000000000000000000000000000;
	6938 :	000000000000000000000000000000000000000000000000000000000000000;
	6937 :	000000000000000000000000000000000000000000000000000000000000000;
	6936 :	000000000000000000000000000000000000000000000000000000000000000;
	6935 :	000000000000000000000000000000000000000000000000000000000000000;
	6934 :	000000000000000000000000000000000000000000000000000000000000000;
	6933 :	000000000000000000000000000000000000000000000000000000000000000;
	6932 :	000000000000000000000000000000000000000000000000000000000000000;
	6931 :	000000000000000000000000000000000000000000000000000000000000000;
	6930 :	000000000000000000000000000000000000000000000000000000000000000;
	6929 :	000000000000000000000000000000000000000000000000000000000000000;
	6928 :	000000000000000000000000000000000000000000000000000000000000000;
	6927 :	000000000000000000000000000000000000000000000000000000000000000;
	6926 :	000000000000000000000000000000000000000000000000000000000000000;
	6925 :	000000000000000000000000000000000000000000000000000000000000000;
	6924 :	000000000000000000000000000000000000000000000000000000000000000;
	6923 :	000000000000000000000000000000000000000000000000000000000000000;
	6922 :	000000000000000000000000000000000000000000000000000000000000000;
	6921 :	000000000000000000000000000000000000000000000000000000000000000;
	6920 :	000000000000000000000000000000000000000000000000000000000000000;
	6919 :	000000000000000000000000000000000000000000000000000000000000000;
	6918 :	000000000000000000000000000000000000000000000000000000000000000;
	6917 :	000000000000000000000000000000000000000000000000000000000000000;
	6916 :	000000000000000000000000000000000000000000000000000000000000000;
	6915 :	000000000000000000000000000000000000000000000000000000000000000;
	6914 :	000000000000000000000000000000000000000000000000000000000000000;
	6913 :	000000000000000000000000000000000000000000000000000000000000000;
	6912 :	000000000000000000000000000000000000000000000000000000000000000;
	6911 :	000000000000000000000000000000000000000000000000000000000000000;
	6910 :	000000000000000000000000000000000000000000000000000000000000000;
	6909 :	000000000000000000000000000000000000000000000000000000000000000;
	6908 :	000000000000000000000000000000000000000000000000000000000000000;
	6907 :	000000000000000000000000000000000000000000000000000000000000000;
	6906 :	000000000000000000000000000000000000000000000000000000000000000;
	6905 :	000000000000000000000000000000000000000000000000000000000000000;
	6904 :	000000000000000000000000000000000000000000000000000000000000000;
	6903 :	000000000000000000000000000000000000000000000000000000000000000;
	6902 :	000000000000000000000000000000000000000000000000000000000000000;
	6901 :	000000000000000000000000000000000000000000000000000000000000000;
	6900 :	000000000000000000000000000000000000000000000000000000000000000;
	6899 :	000000000000000000000000000000000000000000000000000000000000000;
	6898 :	000000000000000000000000000000000000000000000000000000000000000;
	6897 :	000000000000000000000000000000000000000000000000000000000000000;
	6896 :	000000000000000000000000000000000000000000000000000000000000000;
	6895 :	000000000000000000000000000000000000000000000000000000000000000;
	6894 :	000000000000000000000000000000000000000000000000000000000000000;
	6893 :	000000000000000000000000000000000000000000000000000000000000000;
	6892 :	000000000000000000000000000000000000000000000000000000000000000;
	6891 :	000000000000000000000000000000000000000000000000000000000000000;
	6890 :	000000000000000000000000000000000000000000000000000000000000000;
	6889 :	000000000000000000000000000000000000000000000000000000000000000;
	6888 :	000000000000000000000000000000000000000000000000000000000000000;
	6887 :	000000000000000000000000000000000000000000000000000000000000000;
	6886 :	000000000000000000000000000000000000000000000000000000000000000;
	6885 :	000000000000000000000000000000000000000000000000000000000000000;
	6884 :	000000000000000000000000000000000000000000000000000000000000000;
	6883 :	000000000000000000000000000000000000000000000000000000000000000;
	6882 :	000000000000000000000000000000000000000000000000000000000000000;
	6881 :	000000000000000000000000000000000000000000000000000000000000000;
	6880 :	000000000000000000000000000000000000000000000000000000000000000;
	6879 :	000000000000000000000000000000000000000000000000000000000000000;
	6878 :	000000000000000000000000000000000000000000000000000000000000000;
	6877 :	000000000000000000000000000000000000000000000000000000000000000;
	6876 :	000000000000000000000000000000000000000000000000000000000000000;
	6875 :	000000000000000000000000000000000000000000000000000000000000000;
	6874 :	000000000000000000000000000000000000000000000000000000000000000;
	6873 :	000000000000000000000000000000000000000000000000000000000000000;
	6872 :	000000000000000000000000000000000000000000000000000000000000000;
	6871 :	000000000000000000000000000000000000000000000000000000000000000;
	6870 :	000000000000000000000000000000000000000000000000000000000000000;
	6869 :	000000000000000000000000000000000000000000000000000000000000000;
	6868 :	000000000000000000000000000000000000000000000000000000000000000;
	6867 :	000000000000000000000000000000000000000000000000000000000000000;
	6866 :	000000000000000000000000000000000000000000000000000000000000000;
	6865 :	000000000000000000000000000000000000000000000000000000000000000;
	6864 :	000000000000000000000000000000000000000000000000000000000000000;
	6863 :	000000000000000000000000000000000000000000000000000000000000000;
	6862 :	000000000000000000000000000000000000000000000000000000000000000;
	6861 :	000000000000000000000000000000000000000000000000000000000000000;
	6860 :	000000000000000000000000000000000000000000000000000000000000000;
	6859 :	000000000000000000000000000000000000000000000000000000000000000;
	6858 :	000000000000000000000000000000000000000000000000000000000000000;
	6857 :	000000000000000000000000000000000000000000000000000000000000000;
	6856 :	000000000000000000000000000000000000000000000000000000000000000;
	6855 :	000000000000000000000000000000000000000000000000000000000000000;
	6854 :	000000000000000000000000000000000000000000000000000000000000000;
	6853 :	000000000000000000000000000000000000000000000000000000000000000;
	6852 :	000000000000000000000000000000000000000000000000000000000000000;
	6851 :	000000000000000000000000000000000000000000000000000000000000000;
	6850 :	000000000000000000000000000000000000000000000000000000000000000;
	6849 :	000000000000000000000000000000000000000000000000000000000000000;
	6848 :	000000000000000000000000000000000000000000000000000000000000000;
	6847 :	000000000000000000000000000000000000000000000000000000000000000;
	6846 :	000000000000000000000000000000000000000000000000000000000000000;
	6845 :	000000000000000000000000000000000000000000000000000000000000000;
	6844 :	000000000000000000000000000000000000000000000000000000000000000;
	6843 :	000000000000000000000000000000000000000000000000000000000000000;
	6842 :	000000000000000000000000000000000000000000000000000000000000000;
	6841 :	000000000000000000000000000000000000000000000000000000000000000;
	6840 :	000000000000000000000000000000000000000000000000000000000000000;
	6839 :	000000000000000000000000000000000000000000000000000000000000000;
	6838 :	000000000000000000000000000000000000000000000000000000000000000;
	6837 :	000000000000000000000000000000000000000000000000000000000000000;
	6836 :	000000000000000000000000000000000000000000000000000000000000000;
	6835 :	000000000000000000000000000000000000000000000000000000000000000;
	6834 :	000000000000000000000000000000000000000000000000000000000000000;
	6833 :	000000000000000000000000000000000000000000000000000000000000000;
	6832 :	000000000000000000000000000000000000000000000000000000000000000;
	6831 :	000000000000000000000000000000000000000000000000000000000000000;
	6830 :	000000000000000000000000000000000000000000000000000000000000000;
	6829 :	000000000000000000000000000000000000000000000000000000000000000;
	6828 :	000000000000000000000000000000000000000000000000000000000000000;
	6827 :	000000000000000000000000000000000000000000000000000000000000000;
	6826 :	000000000000000000000000000000000000000000000000000000000000000;
	6825 :	000000000000000000000000000000000000000000000000000000000000000;
	6824 :	000000000000000000000000000000000000000000000000000000000000000;
	6823 :	000000000000000000000000000000000000000000000000000000000000000;
	6822 :	000000000000000000000000000000000000000000000000000000000000000;
	6821 :	000000000000000000000000000000000000000000000000000000000000000;
	6820 :	000000000000000000000000000000000000000000000000000000000000000;
	6819 :	000000000000000000000000000000000000000000000000000000000000000;
	6818 :	000000000000000000000000000000000000000000000000000000000000000;
	6817 :	000000000000000000000000000000000000000000000000000000000000000;
	6816 :	000000000000000000000000000000000000000000000000000000000000000;
	6815 :	000000000000000000000000000000000000000000000000000000000000000;
	6814 :	000000000000000000000000000000000000000000000000000000000000000;
	6813 :	000000000000000000000000000000000000000000000000000000000000000;
	6812 :	000000000000000000000000000000000000000000000000000000000000000;
	6811 :	000000000000000000000000000000000000000000000000000000000000000;
	6810 :	000000000000000000000000000000000000000000000000000000000000000;
	6809 :	000000000000000000000000000000000000000000000000000000000000000;
	6808 :	000000000000000000000000000000000000000000000000000000000000000;
	6807 :	000000000000000000000000000000000000000000000000000000000000000;
	6806 :	000000000000000000000000000000000000000000000000000000000000000;
	6805 :	000000000000000000000000000000000000000000000000000000000000000;
	6804 :	000000000000000000000000000000000000000000000000000000000000000;
	6803 :	000000000000000000000000000000000000000000000000000000000000000;
	6802 :	000000000000000000000000000000000000000000000000000000000000000;
	6801 :	000000000000000000000000000000000000000000000000000000000000000;
	6800 :	000000000000000000000000000000000000000000000000000000000000000;
	6799 :	000000000000000000000000000000000000000000000000000000000000000;
	6798 :	000000000000000000000000000000000000000000000000000000000000000;
	6797 :	000000000000000000000000000000000000000000000000000000000000000;
	6796 :	000000000000000000000000000000000000000000000000000000000000000;
	6795 :	000000000000000000000000000000000000000000000000000000000000000;
	6794 :	000000000000000000000000000000000000000000000000000000000000000;
	6793 :	000000000000000000000000000000000000000000000000000000000000000;
	6792 :	000000000000000000000000000000000000000000000000000000000000000;
	6791 :	000000000000000000000000000000000000000000000000000000000000000;
	6790 :	000000000000000000000000000000000000000000000000000000000000000;
	6789 :	000000000000000000000000000000000000000000000000000000000000000;
	6788 :	000000000000000000000000000000000000000000000000000000000000000;
	6787 :	000000000000000000000000000000000000000000000000000000000000000;
	6786 :	000000000000000000000000000000000000000000000000000000000000000;
	6785 :	000000000000000000000000000000000000000000000000000000000000000;
	6784 :	000000000000000000000000000000000000000000000000000000000000000;
	6783 :	000000000000000000000000000000000000000000000000000000000000000;
	6782 :	000000000000000000000000000000000000000000000000000000000000000;
	6781 :	000000000000000000000000000000000000000000000000000000000000000;
	6780 :	000000000000000000000000000000000000000000000000000000000000000;
	6779 :	000000000000000000000000000000000000000000000000000000000000000;
	6778 :	000000000000000000000000000000000000000000000000000000000000000;
	6777 :	000000000000000000000000000000000000000000000000000000000000000;
	6776 :	000000000000000000000000000000000000000000000000000000000000000;
	6775 :	000000000000000000000000000000000000000000000000000000000000000;
	6774 :	000000000000000000000000000000000000000000000000000000000000000;
	6773 :	000000000000000000000000000000000000000000000000000000000000000;
	6772 :	000000000000000000000000000000000000000000000000000000000000000;
	6771 :	000000000000000000000000000000000000000000000000000000000000000;
	6770 :	000000000000000000000000000000000000000000000000000000000000000;
	6769 :	000000000000000000000000000000000000000000000000000000000000000;
	6768 :	000000000000000000000000000000000000000000000000000000000000000;
	6767 :	000000000000000000000000000000000000000000000000000000000000000;
	6766 :	000000000000000000000000000000000000000000000000000000000000000;
	6765 :	000000000000000000000000000000000000000000000000000000000000000;
	6764 :	000000000000000000000000000000000000000000000000000000000000000;
	6763 :	000000000000000000000000000000000000000000000000000000000000000;
	6762 :	000000000000000000000000000000000000000000000000000000000000000;
	6761 :	000000000000000000000000000000000000000000000000000000000000000;
	6760 :	000000000000000000000000000000000000000000000000000000000000000;
	6759 :	000000000000000000000000000000000000000000000000000000000000000;
	6758 :	000000000000000000000000000000000000000000000000000000000000000;
	6757 :	000000000000000000000000000000000000000000000000000000000000000;
	6756 :	000000000000000000000000000000000000000000000000000000000000000;
	6755 :	000000000000000000000000000000000000000000000000000000000000000;
	6754 :	000000000000000000000000000000000000000000000000000000000000000;
	6753 :	000000000000000000000000000000000000000000000000000000000000000;
	6752 :	000000000000000000000000000000000000000000000000000000000000000;
	6751 :	000000000000000000000000000000000000000000000000000000000000000;
	6750 :	000000000000000000000000000000000000000000000000000000000000000;
	6749 :	000000000000000000000000000000000000000000000000000000000000000;
	6748 :	000000000000000000000000000000000000000000000000000000000000000;
	6747 :	000000000000000000000000000000000000000000000000000000000000000;
	6746 :	000000000000000000000000000000000000000000000000000000000000000;
	6745 :	000000000000000000000000000000000000000000000000000000000000000;
	6744 :	000000000000000000000000000000000000000000000000000000000000000;
	6743 :	000000000000000000000000000000000000000000000000000000000000000;
	6742 :	000000000000000000000000000000000000000000000000000000000000000;
	6741 :	000000000000000000000000000000000000000000000000000000000000000;
	6740 :	000000000000000000000000000000000000000000000000000000000000000;
	6739 :	000000000000000000000000000000000000000000000000000000000000000;
	6738 :	000000000000000000000000000000000000000000000000000000000000000;
	6737 :	000000000000000000000000000000000000000000000000000000000000000;
	6736 :	000000000000000000000000000000000000000000000000000000000000000;
	6735 :	000000000000000000000000000000000000000000000000000000000000000;
	6734 :	000000000000000000000000000000000000000000000000000000000000000;
	6733 :	000000000000000000000000000000000000000000000000000000000000000;
	6732 :	000000000000000000000000000000000000000000000000000000000000000;
	6731 :	000000000000000000000000000000000000000000000000000000000000000;
	6730 :	000000000000000000000000000000000000000000000000000000000000000;
	6729 :	000000000000000000000000000000000000000000000000000000000000000;
	6728 :	000000000000000000000000000000000000000000000000000000000000000;
	6727 :	000000000000000000000000000000000000000000000000000000000000000;
	6726 :	000000000000000000000000000000000000000000000000000000000000000;
	6725 :	000000000000000000000000000000000000000000000000000000000000000;
	6724 :	000000000000000000000000000000000000000000000000000000000000000;
	6723 :	000000000000000000000000000000000000000000000000000000000000000;
	6722 :	000000000000000000000000000000000000000000000000000000000000000;
	6721 :	000000000000000000000000000000000000000000000000000000000000000;
	6720 :	000000000000000000000000000000000000000000000000000000000000000;
	6719 :	000000000000000000000000000000000000000000000000000000000000000;
	6718 :	000000000000000000000000000000000000000000000000000000000000000;
	6717 :	000000000000000000000000000000000000000000000000000000000000000;
	6716 :	000000000000000000000000000000000000000000000000000000000000000;
	6715 :	000000000000000000000000000000000000000000000000000000000000000;
	6714 :	000000000000000000000000000000000000000000000000000000000000000;
	6713 :	000000000000000000000000000000000000000000000000000000000000000;
	6712 :	000000000000000000000000000000000000000000000000000000000000000;
	6711 :	000000000000000000000000000000000000000000000000000000000000000;
	6710 :	000000000000000000000000000000000000000000000000000000000000000;
	6709 :	000000000000000000000000000000000000000000000000000000000000000;
	6708 :	000000000000000000000000000000000000000000000000000000000000000;
	6707 :	000000000000000000000000000000000000000000000000000000000000000;
	6706 :	000000000000000000000000000000000000000000000000000000000000000;
	6705 :	000000000000000000000000000000000000000000000000000000000000000;
	6704 :	000000000000000000000000000000000000000000000000000000000000000;
	6703 :	000000000000000000000000000000000000000000000000000000000000000;
	6702 :	000000000000000000000000000000000000000000000000000000000000000;
	6701 :	000000000000000000000000000000000000000000000000000000000000000;
	6700 :	000000000000000000000000000000000000000000000000000000000000000;
	6699 :	000000000000000000000000000000000000000000000000000000000000000;
	6698 :	000000000000000000000000000000000000000000000000000000000000000;
	6697 :	000000000000000000000000000000000000000000000000000000000000000;
	6696 :	000000000000000000000000000000000000000000000000000000000000000;
	6695 :	000000000000000000000000000000000000000000000000000000000000000;
	6694 :	000000000000000000000000000000000000000000000000000000000000000;
	6693 :	000000000000000000000000000000000000000000000000000000000000000;
	6692 :	000000000000000000000000000000000000000000000000000000000000000;
	6691 :	000000000000000000000000000000000000000000000000000000000000000;
	6690 :	000000000000000000000000000000000000000000000000000000000000000;
	6689 :	000000000000000000000000000000000000000000000000000000000000000;
	6688 :	000000000000000000000000000000000000000000000000000000000000000;
	6687 :	000000000000000000000000000000000000000000000000000000000000000;
	6686 :	000000000000000000000000000000000000000000000000000000000000000;
	6685 :	000000000000000000000000000000000000000000000000000000000000000;
	6684 :	000000000000000000000000000000000000000000000000000000000000000;
	6683 :	000000000000000000000000000000000000000000000000000000000000000;
	6682 :	000000000000000000000000000000000000000000000000000000000000000;
	6681 :	000000000000000000000000000000000000000000000000000000000000000;
	6680 :	000000000000000000000000000000000000000000000000000000000000000;
	6679 :	000000000000000000000000000000000000000000000000000000000000000;
	6678 :	000000000000000000000000000000000000000000000000000000000000000;
	6677 :	000000000000000000000000000000000000000000000000000000000000000;
	6676 :	000000000000000000000000000000000000000000000000000000000000000;
	6675 :	000000000000000000000000000000000000000000000000000000000000000;
	6674 :	000000000000000000000000000000000000000000000000000000000000000;
	6673 :	000000000000000000000000000000000000000000000000000000000000000;
	6672 :	000000000000000000000000000000000000000000000000000000000000000;
	6671 :	000000000000000000000000000000000000000000000000000000000000000;
	6670 :	000000000000000000000000000000000000000000000000000000000000000;
	6669 :	000000000000000000000000000000000000000000000000000000000000000;
	6668 :	000000000000000000000000000000000000000000000000000000000000000;
	6667 :	000000000000000000000000000000000000000000000000000000000000000;
	6666 :	000000000000000000000000000000000000000000000000000000000000000;
	6665 :	000000000000000000000000000000000000000000000000000000000000000;
	6664 :	000000000000000000000000000000000000000000000000000000000000000;
	6663 :	000000000000000000000000000000000000000000000000000000000000000;
	6662 :	000000000000000000000000000000000000000000000000000000000000000;
	6661 :	000000000000000000000000000000000000000000000000000000000000000;
	6660 :	000000000000000000000000000000000000000000000000000000000000000;
	6659 :	000000000000000000000000000000000000000000000000000000000000000;
	6658 :	000000000000000000000000000000000000000000000000000000000000000;
	6657 :	000000000000000000000000000000000000000000000000000000000000000;
	6656 :	000000000000000000000000000000000000000000000000000000000000000;
	6655 :	000000000000000000000000000000000000000000000000000000000000000;
	6654 :	000000000000000000000000000000000000000000000000000000000000000;
	6653 :	000000000000000000000000000000000000000000000000000000000000000;
	6652 :	000000000000000000000000000000000000000000000000000000000000000;
	6651 :	000000000000000000000000000000000000000000000000000000000000000;
	6650 :	000000000000000000000000000000000000000000000000000000000000000;
	6649 :	000000000000000000000000000000000000000000000000000000000000000;
	6648 :	000000000000000000000000000000000000000000000000000000000000000;
	6647 :	000000000000000000000000000000000000000000000000000000000000000;
	6646 :	000000000000000000000000000000000000000000000000000000000000000;
	6645 :	000000000000000000000000000000000000000000000000000000000000000;
	6644 :	000000000000000000000000000000000000000000000000000000000000000;
	6643 :	000000000000000000000000000000000000000000000000000000000000000;
	6642 :	000000000000000000000000000000000000000000000000000000000000000;
	6641 :	000000000000000000000000000000000000000000000000000000000000000;
	6640 :	000000000000000000000000000000000000000000000000000000000000000;
	6639 :	000000000000000000000000000000000000000000000000000000000000000;
	6638 :	000000000000000000000000000000000000000000000000000000000000000;
	6637 :	000000000000000000000000000000000000000000000000000000000000000;
	6636 :	000000000000000000000000000000000000000000000000000000000000000;
	6635 :	000000000000000000000000000000000000000000000000000000000000000;
	6634 :	000000000000000000000000000000000000000000000000000000000000000;
	6633 :	000000000000000000000000000000000000000000000000000000000000000;
	6632 :	000000000000000000000000000000000000000000000000000000000000000;
	6631 :	000000000000000000000000000000000000000000000000000000000000000;
	6630 :	000000000000000000000000000000000000000000000000000000000000000;
	6629 :	000000000000000000000000000000000000000000000000000000000000000;
	6628 :	000000000000000000000000000000000000000000000000000000000000000;
	6627 :	000000000000000000000000000000000000000000000000000000000000000;
	6626 :	000000000000000000000000000000000000000000000000000000000000000;
	6625 :	000000000000000000000000000000000000000000000000000000000000000;
	6624 :	000000000000000000000000000000000000000000000000000000000000000;
	6623 :	000000000000000000000000000000000000000000000000000000000000000;
	6622 :	000000000000000000000000000000000000000000000000000000000000000;
	6621 :	000000000000000000000000000000000000000000000000000000000000000;
	6620 :	000000000000000000000000000000000000000000000000000000000000000;
	6619 :	000000000000000000000000000000000000000000000000000000000000000;
	6618 :	000000000000000000000000000000000000000000000000000000000000000;
	6617 :	000000000000000000000000000000000000000000000000000000000000000;
	6616 :	000000000000000000000000000000000000000000000000000000000000000;
	6615 :	000000000000000000000000000000000000000000000000000000000000000;
	6614 :	000000000000000000000000000000000000000000000000000000000000000;
	6613 :	000000000000000000000000000000000000000000000000000000000000000;
	6612 :	000000000000000000000000000000000000000000000000000000000000000;
	6611 :	000000000000000000000000000000000000000000000000000000000000000;
	6610 :	000000000000000000000000000000000000000000000000000000000000000;
	6609 :	000000000000000000000000000000000000000000000000000000000000000;
	6608 :	000000000000000000000000000000000000000000000000000000000000000;
	6607 :	000000000000000000000000000000000000000000000000000000000000000;
	6606 :	000000000000000000000000000000000000000000000000000000000000000;
	6605 :	000000000000000000000000000000000000000000000000000000000000000;
	6604 :	000000000000000000000000000000000000000000000000000000000000000;
	6603 :	000000000000000000000000000000000000000000000000000000000000000;
	6602 :	000000000000000000000000000000000000000000000000000000000000000;
	6601 :	000000000000000000000000000000000000000000000000000000000000000;
	6600 :	000000000000000000000000000000000000000000000000000000000000000;
	6599 :	000000000000000000000000000000000000000000000000000000000000000;
	6598 :	000000000000000000000000000000000000000000000000000000000000000;
	6597 :	000000000000000000000000000000000000000000000000000000000000000;
	6596 :	000000000000000000000000000000000000000000000000000000000000000;
	6595 :	000000000000000000000000000000000000000000000000000000000000000;
	6594 :	000000000000000000000000000000000000000000000000000000000000000;
	6593 :	000000000000000000000000000000000000000000000000000000000000000;
	6592 :	000000000000000000000000000000000000000000000000000000000000000;
	6591 :	000000000000000000000000000000000000000000000000000000000000000;
	6590 :	000000000000000000000000000000000000000000000000000000000000000;
	6589 :	000000000000000000000000000000000000000000000000000000000000000;
	6588 :	000000000000000000000000000000000000000000000000000000000000000;
	6587 :	000000000000000000000000000000000000000000000000000000000000000;
	6586 :	000000000000000000000000000000000000000000000000000000000000000;
	6585 :	000000000000000000000000000000000000000000000000000000000000000;
	6584 :	000000000000000000000000000000000000000000000000000000000000000;
	6583 :	000000000000000000000000000000000000000000000000000000000000000;
	6582 :	000000000000000000000000000000000000000000000000000000000000000;
	6581 :	000000000000000000000000000000000000000000000000000000000000000;
	6580 :	000000000000000000000000000000000000000000000000000000000000000;
	6579 :	000000000000000000000000000000000000000000000000000000000000000;
	6578 :	000000000000000000000000000000000000000000000000000000000000000;
	6577 :	000000000000000000000000000000000000000000000000000000000000000;
	6576 :	000000000000000000000000000000000000000000000000000000000000000;
	6575 :	000000000000000000000000000000000000000000000000000000000000000;
	6574 :	000000000000000000000000000000000000000000000000000000000000000;
	6573 :	000000000000000000000000000000000000000000000000000000000000000;
	6572 :	000000000000000000000000000000000000000000000000000000000000000;
	6571 :	000000000000000000000000000000000000000000000000000000000000000;
	6570 :	000000000000000000000000000000000000000000000000000000000000000;
	6569 :	000000000000000000000000000000000000000000000000000000000000000;
	6568 :	000000000000000000000000000000000000000000000000000000000000000;
	6567 :	000000000000000000000000000000000000000000000000000000000000000;
	6566 :	000000000000000000000000000000000000000000000000000000000000000;
	6565 :	000000000000000000000000000000000000000000000000000000000000000;
	6564 :	000000000000000000000000000000000000000000000000000000000000000;
	6563 :	000000000000000000000000000000000000000000000000000000000000000;
	6562 :	000000000000000000000000000000000000000000000000000000000000000;
	6561 :	000000000000000000000000000000000000000000000000000000000000000;
	6560 :	000000000000000000000000000000000000000000000000000000000000000;
	6559 :	000000000000000000000000000000000000000000000000000000000000000;
	6558 :	000000000000000000000000000000000000000000000000000000000000000;
	6557 :	000000000000000000000000000000000000000000000000000000000000000;
	6556 :	000000000000000000000000000000000000000000000000000000000000000;
	6555 :	000000000000000000000000000000000000000000000000000000000000000;
	6554 :	000000000000000000000000000000000000000000000000000000000000000;
	6553 :	000000000000000000000000000000000000000000000000000000000000000;
	6552 :	000000000000000000000000000000000000000000000000000000000000000;
	6551 :	000000000000000000000000000000000000000000000000000000000000000;
	6550 :	000000000000000000000000000000000000000000000000000000000000000;
	6549 :	000000000000000000000000000000000000000000000000000000000000000;
	6548 :	000000000000000000000000000000000000000000000000000000000000000;
	6547 :	000000000000000000000000000000000000000000000000000000000000000;
	6546 :	000000000000000000000000000000000000000000000000000000000000000;
	6545 :	000000000000000000000000000000000000000000000000000000000000000;
	6544 :	000000000000000000000000000000000000000000000000000000000000000;
	6543 :	000000000000000000000000000000000000000000000000000000000000000;
	6542 :	000000000000000000000000000000000000000000000000000000000000000;
	6541 :	000000000000000000000000000000000000000000000000000000000000000;
	6540 :	000000000000000000000000000000000000000000000000000000000000000;
	6539 :	000000000000000000000000000000000000000000000000000000000000000;
	6538 :	000000000000000000000000000000000000000000000000000000000000000;
	6537 :	000000000000000000000000000000000000000000000000000000000000000;
	6536 :	000000000000000000000000000000000000000000000000000000000000000;
	6535 :	000000000000000000000000000000000000000000000000000000000000000;
	6534 :	000000000000000000000000000000000000000000000000000000000000000;
	6533 :	000000000000000000000000000000000000000000000000000000000000000;
	6532 :	000000000000000000000000000000000000000000000000000000000000000;
	6531 :	000000000000000000000000000000000000000000000000000000000000000;
	6530 :	000000000000000000000000000000000000000000000000000000000000000;
	6529 :	000000000000000000000000000000000000000000000000000000000000000;
	6528 :	000000000000000000000000000000000000000000000000000000000000000;
	6527 :	000000000000000000000000000000000000000000000000000000000000000;
	6526 :	000000000000000000000000000000000000000000000000000000000000000;
	6525 :	000000000000000000000000000000000000000000000000000000000000000;
	6524 :	000000000000000000000000000000000000000000000000000000000000000;
	6523 :	000000000000000000000000000000000000000000000000000000000000000;
	6522 :	000000000000000000000000000000000000000000000000000000000000000;
	6521 :	000000000000000000000000000000000000000000000000000000000000000;
	6520 :	000000000000000000000000000000000000000000000000000000000000000;
	6519 :	000000000000000000000000000000000000000000000000000000000000000;
	6518 :	000000000000000000000000000000000000000000000000000000000000000;
	6517 :	000000000000000000000000000000000000000000000000000000000000000;
	6516 :	000000000000000000000000000000000000000000000000000000000000000;
	6515 :	000000000000000000000000000000000000000000000000000000000000000;
	6514 :	000000000000000000000000000000000000000000000000000000000000000;
	6513 :	000000000000000000000000000000000000000000000000000000000000000;
	6512 :	000000000000000000000000000000000000000000000000000000000000000;
	6511 :	000000000000000000000000000000000000000000000000000000000000000;
	6510 :	000000000000000000000000000000000000000000000000000000000000000;
	6509 :	000000000000000000000000000000000000000000000000000000000000000;
	6508 :	000000000000000000000000000000000000000000000000000000000000000;
	6507 :	000000000000000000000000000000000000000000000000000000000000000;
	6506 :	000000000000000000000000000000000000000000000000000000000000000;
	6505 :	000000000000000000000000000000000000000000000000000000000000000;
	6504 :	000000000000000000000000000000000000000000000000000000000000000;
	6503 :	000000000000000000000000000000000000000000000000000000000000000;
	6502 :	000000000000000000000000000000000000000000000000000000000000000;
	6501 :	000000000000000000000000000000000000000000000000000000000000000;
	6500 :	000000000000000000000000000000000000000000000000000000000000000;
	6499 :	000000000000000000000000000000000000000000000000000000000000000;
	6498 :	000000000000000000000000000000000000000000000000000000000000000;
	6497 :	000000000000000000000000000000000000000000000000000000000000000;
	6496 :	000000000000000000000000000000000000000000000000000000000000000;
	6495 :	000000000000000000000000000000000000000000000000000000000000000;
	6494 :	000000000000000000000000000000000000000000000000000000000000000;
	6493 :	000000000000000000000000000000000000000000000000000000000000000;
	6492 :	000000000000000000000000000000000000000000000000000000000000000;
	6491 :	000000000000000000000000000000000000000000000000000000000000000;
	6490 :	000000000000000000000000000000000000000000000000000000000000000;
	6489 :	000000000000000000000000000000000000000000000000000000000000000;
	6488 :	000000000000000000000000000000000000000000000000000000000000000;
	6487 :	000000000000000000000000000000000000000000000000000000000000000;
	6486 :	000000000000000000000000000000000000000000000000000000000000000;
	6485 :	000000000000000000000000000000000000000000000000000000000000000;
	6484 :	000000000000000000000000000000000000000000000000000000000000000;
	6483 :	000000000000000000000000000000000000000000000000000000000000000;
	6482 :	000000000000000000000000000000000000000000000000000000000000000;
	6481 :	000000000000000000000000000000000000000000000000000000000000000;
	6480 :	000000000000000000000000000000000000000000000000000000000000000;
	6479 :	000000000000000000000000000000000000000000000000000000000000000;
	6478 :	000000000000000000000000000000000000000000000000000000000000000;
	6477 :	000000000000000000000000000000000000000000000000000000000000000;
	6476 :	000000000000000000000000000000000000000000000000000000000000000;
	6475 :	000000000000000000000000000000000000000000000000000000000000000;
	6474 :	000000000000000000000000000000000000000000000000000000000000000;
	6473 :	000000000000000000000000000000000000000000000000000000000000000;
	6472 :	000000000000000000000000000000000000000000000000000000000000000;
	6471 :	000000000000000000000000000000000000000000000000000000000000000;
	6470 :	000000000000000000000000000000000000000000000000000000000000000;
	6469 :	000000000000000000000000000000000000000000000000000000000000000;
	6468 :	000000000000000000000000000000000000000000000000000000000000000;
	6467 :	000000000000000000000000000000000000000000000000000000000000000;
	6466 :	000000000000000000000000000000000000000000000000000000000000000;
	6465 :	000000000000000000000000000000000000000000000000000000000000000;
	6464 :	000000000000000000000000000000000000000000000000000000000000000;
	6463 :	000000000000000000000000000000000000000000000000000000000000000;
	6462 :	000000000000000000000000000000000000000000000000000000000000000;
	6461 :	000000000000000000000000000000000000000000000000000000000000000;
	6460 :	000000000000000000000000000000000000000000000000000000000000000;
	6459 :	000000000000000000000000000000000000000000000000000000000000000;
	6458 :	000000000000000000000000000000000000000000000000000000000000000;
	6457 :	000000000000000000000000000000000000000000000000000000000000000;
	6456 :	000000000000000000000000000000000000000000000000000000000000000;
	6455 :	000000000000000000000000000000000000000000000000000000000000000;
	6454 :	000000000000000000000000000000000000000000000000000000000000000;
	6453 :	000000000000000000000000000000000000000000000000000000000000000;
	6452 :	000000000000000000000000000000000000000000000000000000000000000;
	6451 :	000000000000000000000000000000000000000000000000000000000000000;
	6450 :	000000000000000000000000000000000000000000000000000000000000000;
	6449 :	000000000000000000000000000000000000000000000000000000000000000;
	6448 :	000000000000000000000000000000000000000000000000000000000000000;
	6447 :	000000000000000000000000000000000000000000000000000000000000000;
	6446 :	000000000000000000000000000000000000000000000000000000000000000;
	6445 :	000000000000000000000000000000000000000000000000000000000000000;
	6444 :	000000000000000000000000000000000000000000000000000000000000000;
	6443 :	000000000000000000000000000000000000000000000000000000000000000;
	6442 :	000000000000000000000000000000000000000000000000000000000000000;
	6441 :	000000000000000000000000000000000000000000000000000000000000000;
	6440 :	000000000000000000000000000000000000000000000000000000000000000;
	6439 :	000000000000000000000000000000000000000000000000000000000000000;
	6438 :	000000000000000000000000000000000000000000000000000000000000000;
	6437 :	000000000000000000000000000000000000000000000000000000000000000;
	6436 :	000000000000000000000000000000000000000000000000000000000000000;
	6435 :	000000000000000000000000000000000000000000000000000000000000000;
	6434 :	000000000000000000000000000000000000000000000000000000000000000;
	6433 :	000000000000000000000000000000000000000000000000000000000000000;
	6432 :	000000000000000000000000000000000000000000000000000000000000000;
	6431 :	000000000000000000000000000000000000000000000000000000000000000;
	6430 :	000000000000000000000000000000000000000000000000000000000000000;
	6429 :	000000000000000000000000000000000000000000000000000000000000000;
	6428 :	000000000000000000000000000000000000000000000000000000000000000;
	6427 :	000000000000000000000000000000000000000000000000000000000000000;
	6426 :	000000000000000000000000000000000000000000000000000000000000000;
	6425 :	000000000000000000000000000000000000000000000000000000000000000;
	6424 :	000000000000000000000000000000000000000000000000000000000000000;
	6423 :	000000000000000000000000000000000000000000000000000000000000000;
	6422 :	000000000000000000000000000000000000000000000000000000000000000;
	6421 :	000000000000000000000000000000000000000000000000000000000000000;
	6420 :	000000000000000000000000000000000000000000000000000000000000000;
	6419 :	000000000000000000000000000000000000000000000000000000000000000;
	6418 :	000000000000000000000000000000000000000000000000000000000000000;
	6417 :	000000000000000000000000000000000000000000000000000000000000000;
	6416 :	000000000000000000000000000000000000000000000000000000000000000;
	6415 :	000000000000000000000000000000000000000000000000000000000000000;
	6414 :	000000000000000000000000000000000000000000000000000000000000000;
	6413 :	000000000000000000000000000000000000000000000000000000000000000;
	6412 :	000000000000000000000000000000000000000000000000000000000000000;
	6411 :	000000000000000000000000000000000000000000000000000000000000000;
	6410 :	000000000000000000000000000000000000000000000000000000000000000;
	6409 :	000000000000000000000000000000000000000000000000000000000000000;
	6408 :	000000000000000000000000000000000000000000000000000000000000000;
	6407 :	000000000000000000000000000000000000000000000000000000000000000;
	6406 :	000000000000000000000000000000000000000000000000000000000000000;
	6405 :	000000000000000000000000000000000000000000000000000000000000000;
	6404 :	000000000000000000000000000000000000000000000000000000000000000;
	6403 :	000000000000000000000000000000000000000000000000000000000000000;
	6402 :	000000000000000000000000000000000000000000000000000000000000000;
	6401 :	000000000000000000000000000000000000000000000000000000000000000;
	6400 :	000000000000000000000000000000000000000000000000000000000000000;
	6399 :	000000000000000000000000000000000000000000000000000000000000000;
	6398 :	000000000000000000000000000000000000000000000000000000000000000;
	6397 :	000000000000000000000000000000000000000000000000000000000000000;
	6396 :	000000000000000000000000000000000000000000000000000000000000000;
	6395 :	000000000000000000000000000000000000000000000000000000000000000;
	6394 :	000000000000000000000000000000000000000000000000000000000000000;
	6393 :	000000000000000000000000000000000000000000000000000000000000000;
	6392 :	000000000000000000000000000000000000000000000000000000000000000;
	6391 :	000000000000000000000000000000000000000000000000000000000000000;
	6390 :	000000000000000000000000000000000000000000000000000000000000000;
	6389 :	000000000000000000000000000000000000000000000000000000000000000;
	6388 :	000000000000000000000000000000000000000000000000000000000000000;
	6387 :	000000000000000000000000000000000000000000000000000000000000000;
	6386 :	000000000000000000000000000000000000000000000000000000000000000;
	6385 :	000000000000000000000000000000000000000000000000000000000000000;
	6384 :	000000000000000000000000000000000000000000000000000000000000000;
	6383 :	000000000000000000000000000000000000000000000000000000000000000;
	6382 :	000000000000000000000000000000000000000000000000000000000000000;
	6381 :	000000000000000000000000000000000000000000000000000000000000000;
	6380 :	000000000000000000000000000000000000000000000000000000000000000;
	6379 :	000000000000000000000000000000000000000000000000000000000000000;
	6378 :	000000000000000000000000000000000000000000000000000000000000000;
	6377 :	000000000000000000000000000000000000000000000000000000000000000;
	6376 :	000000000000000000000000000000000000000000000000000000000000000;
	6375 :	000000000000000000000000000000000000000000000000000000000000000;
	6374 :	000000000000000000000000000000000000000000000000000000000000000;
	6373 :	000000000000000000000000000000000000000000000000000000000000000;
	6372 :	000000000000000000000000000000000000000000000000000000000000000;
	6371 :	000000000000000000000000000000000000000000000000000000000000000;
	6370 :	000000000000000000000000000000000000000000000000000000000000000;
	6369 :	000000000000000000000000000000000000000000000000000000000000000;
	6368 :	000000000000000000000000000000000000000000000000000000000000000;
	6367 :	000000000000000000000000000000000000000000000000000000000000000;
	6366 :	000000000000000000000000000000000000000000000000000000000000000;
	6365 :	000000000000000000000000000000000000000000000000000000000000000;
	6364 :	000000000000000000000000000000000000000000000000000000000000000;
	6363 :	000000000000000000000000000000000000000000000000000000000000000;
	6362 :	000000000000000000000000000000000000000000000000000000000000000;
	6361 :	000000000000000000000000000000000000000000000000000000000000000;
	6360 :	000000000000000000000000000000000000000000000000000000000000000;
	6359 :	000000000000000000000000000000000000000000000000000000000000000;
	6358 :	000000000000000000000000000000000000000000000000000000000000000;
	6357 :	000000000000000000000000000000000000000000000000000000000000000;
	6356 :	000000000000000000000000000000000000000000000000000000000000000;
	6355 :	000000000000000000000000000000000000000000000000000000000000000;
	6354 :	000000000000000000000000000000000000000000000000000000000000000;
	6353 :	000000000000000000000000000000000000000000000000000000000000000;
	6352 :	000000000000000000000000000000000000000000000000000000000000000;
	6351 :	000000000000000000000000000000000000000000000000000000000000000;
	6350 :	000000000000000000000000000000000000000000000000000000000000000;
	6349 :	000000000000000000000000000000000000000000000000000000000000000;
	6348 :	000000000000000000000000000000000000000000000000000000000000000;
	6347 :	000000000000000000000000000000000000000000000000000000000000000;
	6346 :	000000000000000000000000000000000000000000000000000000000000000;
	6345 :	000000000000000000000000000000000000000000000000000000000000000;
	6344 :	000000000000000000000000000000000000000000000000000000000000000;
	6343 :	000000000000000000000000000000000000000000000000000000000000000;
	6342 :	000000000000000000000000000000000000000000000000000000000000000;
	6341 :	000000000000000000000000000000000000000000000000000000000000000;
	6340 :	000000000000000000000000000000000000000000000000000000000000000;
	6339 :	000000000000000000000000000000000000000000000000000000000000000;
	6338 :	000000000000000000000000000000000000000000000000000000000000000;
	6337 :	000000000000000000000000000000000000000000000000000000000000000;
	6336 :	000000000000000000000000000000000000000000000000000000000000000;
	6335 :	000000000000000000000000000000000000000000000000000000000000000;
	6334 :	000000000000000000000000000000000000000000000000000000000000000;
	6333 :	000000000000000000000000000000000000000000000000000000000000000;
	6332 :	000000000000000000000000000000000000000000000000000000000000000;
	6331 :	000000000000000000000000000000000000000000000000000000000000000;
	6330 :	000000000000000000000000000000000000000000000000000000000000000;
	6329 :	000000000000000000000000000000000000000000000000000000000000000;
	6328 :	000000000000000000000000000000000000000000000000000000000000000;
	6327 :	000000000000000000000000000000000000000000000000000000000000000;
	6326 :	000000000000000000000000000000000000000000000000000000000000000;
	6325 :	000000000000000000000000000000000000000000000000000000000000000;
	6324 :	000000000000000000000000000000000000000000000000000000000000000;
	6323 :	000000000000000000000000000000000000000000000000000000000000000;
	6322 :	000000000000000000000000000000000000000000000000000000000000000;
	6321 :	000000000000000000000000000000000000000000000000000000000000000;
	6320 :	000000000000000000000000000000000000000000000000000000000000000;
	6319 :	000000000000000000000000000000000000000000000000000000000000000;
	6318 :	000000000000000000000000000000000000000000000000000000000000000;
	6317 :	000000000000000000000000000000000000000000000000000000000000000;
	6316 :	000000000000000000000000000000000000000000000000000000000000000;
	6315 :	000000000000000000000000000000000000000000000000000000000000000;
	6314 :	000000000000000000000000000000000000000000000000000000000000000;
	6313 :	000000000000000000000000000000000000000000000000000000000000000;
	6312 :	000000000000000000000000000000000000000000000000000000000000000;
	6311 :	000000000000000000000000000000000000000000000000000000000000000;
	6310 :	000000000000000000000000000000000000000000000000000000000000000;
	6309 :	000000000000000000000000000000000000000000000000000000000000000;
	6308 :	000000000000000000000000000000000000000000000000000000000000000;
	6307 :	000000000000000000000000000000000000000000000000000000000000000;
	6306 :	000000000000000000000000000000000000000000000000000000000000000;
	6305 :	000000000000000000000000000000000000000000000000000000000000000;
	6304 :	000000000000000000000000000000000000000000000000000000000000000;
	6303 :	000000000000000000000000000000000000000000000000000000000000000;
	6302 :	000000000000000000000000000000000000000000000000000000000000000;
	6301 :	000000000000000000000000000000000000000000000000000000000000000;
	6300 :	000000000000000000000000000000000000000000000000000000000000000;
	6299 :	000000000000000000000000000000000000000000000000000000000000000;
	6298 :	000000000000000000000000000000000000000000000000000000000000000;
	6297 :	000000000000000000000000000000000000000000000000000000000000000;
	6296 :	000000000000000000000000000000000000000000000000000000000000000;
	6295 :	000000000000000000000000000000000000000000000000000000000000000;
	6294 :	000000000000000000000000000000000000000000000000000000000000000;
	6293 :	000000000000000000000000000000000000000000000000000000000000000;
	6292 :	000000000000000000000000000000000000000000000000000000000000000;
	6291 :	000000000000000000000000000000000000000000000000000000000000000;
	6290 :	000000000000000000000000000000000000000000000000000000000000000;
	6289 :	000000000000000000000000000000000000000000000000000000000000000;
	6288 :	000000000000000000000000000000000000000000000000000000000000000;
	6287 :	000000000000000000000000000000000000000000000000000000000000000;
	6286 :	000000000000000000000000000000000000000000000000000000000000000;
	6285 :	000000000000000000000000000000000000000000000000000000000000000;
	6284 :	000000000000000000000000000000000000000000000000000000000000000;
	6283 :	000000000000000000000000000000000000000000000000000000000000000;
	6282 :	000000000000000000000000000000000000000000000000000000000000000;
	6281 :	000000000000000000000000000000000000000000000000000000000000000;
	6280 :	000000000000000000000000000000000000000000000000000000000000000;
	6279 :	000000000000000000000000000000000000000000000000000000000000000;
	6278 :	000000000000000000000000000000000000000000000000000000000000000;
	6277 :	000000000000000000000000000000000000000000000000000000000000000;
	6276 :	000000000000000000000000000000000000000000000000000000000000000;
	6275 :	000000000000000000000000000000000000000000000000000000000000000;
	6274 :	000000000000000000000000000000000000000000000000000000000000000;
	6273 :	000000000000000000000000000000000000000000000000000000000000000;
	6272 :	000000000000000000000000000000000000000000000000000000000000000;
	6271 :	000000000000000000000000000000000000000000000000000000000000000;
	6270 :	000000000000000000000000000000000000000000000000000000000000000;
	6269 :	000000000000000000000000000000000000000000000000000000000000000;
	6268 :	000000000000000000000000000000000000000000000000000000000000000;
	6267 :	000000000000000000000000000000000000000000000000000000000000000;
	6266 :	000000000000000000000000000000000000000000000000000000000000000;
	6265 :	000000000000000000000000000000000000000000000000000000000000000;
	6264 :	000000000000000000000000000000000000000000000000000000000000000;
	6263 :	000000000000000000000000000000000000000000000000000000000000000;
	6262 :	000000000000000000000000000000000000000000000000000000000000000;
	6261 :	000000000000000000000000000000000000000000000000000000000000000;
	6260 :	000000000000000000000000000000000000000000000000000000000000000;
	6259 :	000000000000000000000000000000000000000000000000000000000000000;
	6258 :	000000000000000000000000000000000000000000000000000000000000000;
	6257 :	000000000000000000000000000000000000000000000000000000000000000;
	6256 :	000000000000000000000000000000000000000000000000000000000000000;
	6255 :	000000000000000000000000000000000000000000000000000000000000000;
	6254 :	000000000000000000000000000000000000000000000000000000000000000;
	6253 :	000000000000000000000000000000000000000000000000000000000000000;
	6252 :	000000000000000000000000000000000000000000000000000000000000000;
	6251 :	000000000000000000000000000000000000000000000000000000000000000;
	6250 :	000000000000000000000000000000000000000000000000000000000000000;
	6249 :	000000000000000000000000000000000000000000000000000000000000000;
	6248 :	000000000000000000000000000000000000000000000000000000000000000;
	6247 :	000000000000000000000000000000000000000000000000000000000000000;
	6246 :	000000000000000000000000000000000000000000000000000000000000000;
	6245 :	000000000000000000000000000000000000000000000000000000000000000;
	6244 :	000000000000000000000000000000000000000000000000000000000000000;
	6243 :	000000000000000000000000000000000000000000000000000000000000000;
	6242 :	000000000000000000000000000000000000000000000000000000000000000;
	6241 :	000000000000000000000000000000000000000000000000000000000000000;
	6240 :	000000000000000000000000000000000000000000000000000000000000000;
	6239 :	000000000000000000000000000000000000000000000000000000000000000;
	6238 :	000000000000000000000000000000000000000000000000000000000000000;
	6237 :	000000000000000000000000000000000000000000000000000000000000000;
	6236 :	000000000000000000000000000000000000000000000000000000000000000;
	6235 :	000000000000000000000000000000000000000000000000000000000000000;
	6234 :	000000000000000000000000000000000000000000000000000000000000000;
	6233 :	000000000000000000000000000000000000000000000000000000000000000;
	6232 :	000000000000000000000000000000000000000000000000000000000000000;
	6231 :	000000000000000000000000000000000000000000000000000000000000000;
	6230 :	000000000000000000000000000000000000000000000000000000000000000;
	6229 :	000000000000000000000000000000000000000000000000000000000000000;
	6228 :	000000000000000000000000000000000000000000000000000000000000000;
	6227 :	000000000000000000000000000000000000000000000000000000000000000;
	6226 :	000000000000000000000000000000000000000000000000000000000000000;
	6225 :	000000000000000000000000000000000000000000000000000000000000000;
	6224 :	000000000000000000000000000000000000000000000000000000000000000;
	6223 :	000000000000000000000000000000000000000000000000000000000000000;
	6222 :	000000000000000000000000000000000000000000000000000000000000000;
	6221 :	000000000000000000000000000000000000000000000000000000000000000;
	6220 :	000000000000000000000000000000000000000000000000000000000000000;
	6219 :	000000000000000000000000000000000000000000000000000000000000000;
	6218 :	000000000000000000000000000000000000000000000000000000000000000;
	6217 :	000000000000000000000000000000000000000000000000000000000000000;
	6216 :	000000000000000000000000000000000000000000000000000000000000000;
	6215 :	000000000000000000000000000000000000000000000000000000000000000;
	6214 :	000000000000000000000000000000000000000000000000000000000000000;
	6213 :	000000000000000000000000000000000000000000000000000000000000000;
	6212 :	000000000000000000000000000000000000000000000000000000000000000;
	6211 :	000000000000000000000000000000000000000000000000000000000000000;
	6210 :	000000000000000000000000000000000000000000000000000000000000000;
	6209 :	000000000000000000000000000000000000000000000000000000000000000;
	6208 :	000000000000000000000000000000000000000000000000000000000000000;
	6207 :	000000000000000000000000000000000000000000000000000000000000000;
	6206 :	000000000000000000000000000000000000000000000000000000000000000;
	6205 :	000000000000000000000000000000000000000000000000000000000000000;
	6204 :	000000000000000000000000000000000000000000000000000000000000000;
	6203 :	000000000000000000000000000000000000000000000000000000000000000;
	6202 :	000000000000000000000000000000000000000000000000000000000000000;
	6201 :	000000000000000000000000000000000000000000000000000000000000000;
	6200 :	000000000000000000000000000000000000000000000000000000000000000;
	6199 :	000000000000000000000000000000000000000000000000000000000000000;
	6198 :	000000000000000000000000000000000000000000000000000000000000000;
	6197 :	000000000000000000000000000000000000000000000000000000000000000;
	6196 :	000000000000000000000000000000000000000000000000000000000000000;
	6195 :	000000000000000000000000000000000000000000000000000000000000000;
	6194 :	000000000000000000000000000000000000000000000000000000000000000;
	6193 :	000000000000000000000000000000000000000000000000000000000000000;
	6192 :	000000000000000000000000000000000000000000000000000000000000000;
	6191 :	000000000000000000000000000000000000000000000000000000000000000;
	6190 :	000000000000000000000000000000000000000000000000000000000000000;
	6189 :	000000000000000000000000000000000000000000000000000000000000000;
	6188 :	000000000000000000000000000000000000000000000000000000000000000;
	6187 :	000000000000000000000000000000000000000000000000000000000000000;
	6186 :	000000000000000000000000000000000000000000000000000000000000000;
	6185 :	000000000000000000000000000000000000000000000000000000000000000;
	6184 :	000000000000000000000000000000000000000000000000000000000000000;
	6183 :	000000000000000000000000000000000000000000000000000000000000000;
	6182 :	000000000000000000000000000000000000000000000000000000000000000;
	6181 :	000000000000000000000000000000000000000000000000000000000000000;
	6180 :	000000000000000000000000000000000000000000000000000000000000000;
	6179 :	000000000000000000000000000000000000000000000000000000000000000;
	6178 :	000000000000000000000000000000000000000000000000000000000000000;
	6177 :	000000000000000000000000000000000000000000000000000000000000000;
	6176 :	000000000000000000000000000000000000000000000000000000000000000;
	6175 :	000000000000000000000000000000000000000000000000000000000000000;
	6174 :	000000000000000000000000000000000000000000000000000000000000000;
	6173 :	000000000000000000000000000000000000000000000000000000000000000;
	6172 :	000000000000000000000000000000000000000000000000000000000000000;
	6171 :	000000000000000000000000000000000000000000000000000000000000000;
	6170 :	000000000000000000000000000000000000000000000000000000000000000;
	6169 :	000000000000000000000000000000000000000000000000000000000000000;
	6168 :	000000000000000000000000000000000000000000000000000000000000000;
	6167 :	000000000000000000000000000000000000000000000000000000000000000;
	6166 :	000000000000000000000000000000000000000000000000000000000000000;
	6165 :	000000000000000000000000000000000000000000000000000000000000000;
	6164 :	000000000000000000000000000000000000000000000000000000000000000;
	6163 :	000000000000000000000000000000000000000000000000000000000000000;
	6162 :	000000000000000000000000000000000000000000000000000000000000000;
	6161 :	000000000000000000000000000000000000000000000000000000000000000;
	6160 :	000000000000000000000000000000000000000000000000000000000000000;
	6159 :	000000000000000000000000000000000000000000000000000000000000000;
	6158 :	000000000000000000000000000000000000000000000000000000000000000;
	6157 :	000000000000000000000000000000000000000000000000000000000000000;
	6156 :	000000000000000000000000000000000000000000000000000000000000000;
	6155 :	000000000000000000000000000000000000000000000000000000000000000;
	6154 :	000000000000000000000000000000000000000000000000000000000000000;
	6153 :	000000000000000000000000000000000000000000000000000000000000000;
	6152 :	000000000000000000000000000000000000000000000000000000000000000;
	6151 :	000000000000000000000000000000000000000000000000000000000000000;
	6150 :	000000000000000000000000000000000000000000000000000000000000000;
	6149 :	000000000000000000000000000000000000000000000000000000000000000;
	6148 :	000000000000000000000000000000000000000000000000000000000000000;
	6147 :	000000000000000000000000000000000000000000000000000000000000000;
	6146 :	000000000000000000000000000000000000000000000000000000000000000;
	6145 :	000000000000000000000000000000000000000000000000000000000000000;
	6144 :	000000000000000000000000000000000000000000000000000000000000000;
	6143 :	000000000000000000000000000000000000000000000000000000000000000;
	6142 :	000000000000000000000000000000000000000000000000000000000000000;
	6141 :	000000000000000000000000000000000000000000000000000000000000000;
	6140 :	000000000000000000000000000000000000000000000000000000000000000;
	6139 :	000000000000000000000000000000000000000000000000000000000000000;
	6138 :	000000000000000000000000000000000000000000000000000000000000000;
	6137 :	000000000000000000000000000000000000000000000000000000000000000;
	6136 :	000000000000000000000000000000000000000000000000000000000000000;
	6135 :	000000000000000000000000000000000000000000000000000000000000000;
	6134 :	000000000000000000000000000000000000000000000000000000000000000;
	6133 :	000000000000000000000000000000000000000000000000000000000000000;
	6132 :	000000000000000000000000000000000000000000000000000000000000000;
	6131 :	000000000000000000000000000000000000000000000000000000000000000;
	6130 :	000000000000000000000000000000000000000000000000000000000000000;
	6129 :	000000000000000000000000000000000000000000000000000000000000000;
	6128 :	000000000000000000000000000000000000000000000000000000000000000;
	6127 :	000000000000000000000000000000000000000000000000000000000000000;
	6126 :	000000000000000000000000000000000000000000000000000000000000000;
	6125 :	000000000000000000000000000000000000000000000000000000000000000;
	6124 :	000000000000000000000000000000000000000000000000000000000000000;
	6123 :	000000000000000000000000000000000000000000000000000000000000000;
	6122 :	000000000000000000000000000000000000000000000000000000000000000;
	6121 :	000000000000000000000000000000000000000000000000000000000000000;
	6120 :	000000000000000000000000000000000000000000000000000000000000000;
	6119 :	000000000000000000000000000000000000000000000000000000000000000;
	6118 :	000000000000000000000000000000000000000000000000000000000000000;
	6117 :	000000000000000000000000000000000000000000000000000000000000000;
	6116 :	000000000000000000000000000000000000000000000000000000000000000;
	6115 :	000000000000000000000000000000000000000000000000000000000000000;
	6114 :	000000000000000000000000000000000000000000000000000000000000000;
	6113 :	000000000000000000000000000000000000000000000000000000000000000;
	6112 :	000000000000000000000000000000000000000000000000000000000000000;
	6111 :	000000000000000000000000000000000000000000000000000000000000000;
	6110 :	000000000000000000000000000000000000000000000000000000000000000;
	6109 :	000000000000000000000000000000000000000000000000000000000000000;
	6108 :	000000000000000000000000000000000000000000000000000000000000000;
	6107 :	000000000000000000000000000000000000000000000000000000000000000;
	6106 :	000000000000000000000000000000000000000000000000000000000000000;
	6105 :	000000000000000000000000000000000000000000000000000000000000000;
	6104 :	000000000000000000000000000000000000000000000000000000000000000;
	6103 :	000000000000000000000000000000000000000000000000000000000000000;
	6102 :	000000000000000000000000000000000000000000000000000000000000000;
	6101 :	000000000000000000000000000000000000000000000000000000000000000;
	6100 :	000000000000000000000000000000000000000000000000000000000000000;
	6099 :	000000000000000000000000000000000000000000000000000000000000000;
	6098 :	000000000000000000000000000000000000000000000000000000000000000;
	6097 :	000000000000000000000000000000000000000000000000000000000000000;
	6096 :	000000000000000000000000000000000000000000000000000000000000000;
	6095 :	000000000000000000000000000000000000000000000000000000000000000;
	6094 :	000000000000000000000000000000000000000000000000000000000000000;
	6093 :	000000000000000000000000000000000000000000000000000000000000000;
	6092 :	000000000000000000000000000000000000000000000000000000000000000;
	6091 :	000000000000000000000000000000000000000000000000000000000000000;
	6090 :	000000000000000000000000000000000000000000000000000000000000000;
	6089 :	000000000000000000000000000000000000000000000000000000000000000;
	6088 :	000000000000000000000000000000000000000000000000000000000000000;
	6087 :	000000000000000000000000000000000000000000000000000000000000000;
	6086 :	000000000000000000000000000000000000000000000000000000000000000;
	6085 :	000000000000000000000000000000000000000000000000000000000000000;
	6084 :	000000000000000000000000000000000000000000000000000000000000000;
	6083 :	000000000000000000000000000000000000000000000000000000000000000;
	6082 :	000000000000000000000000000000000000000000000000000000000000000;
	6081 :	000000000000000000000000000000000000000000000000000000000000000;
	6080 :	000000000000000000000000000000000000000000000000000000000000000;
	6079 :	000000000000000000000000000000000000000000000000000000000000000;
	6078 :	000000000000000000000000000000000000000000000000000000000000000;
	6077 :	000000000000000000000000000000000000000000000000000000000000000;
	6076 :	000000000000000000000000000000000000000000000000000000000000000;
	6075 :	000000000000000000000000000000000000000000000000000000000000000;
	6074 :	000000000000000000000000000000000000000000000000000000000000000;
	6073 :	000000000000000000000000000000000000000000000000000000000000000;
	6072 :	000000000000000000000000000000000000000000000000000000000000000;
	6071 :	000000000000000000000000000000000000000000000000000000000000000;
	6070 :	000000000000000000000000000000000000000000000000000000000000000;
	6069 :	000000000000000000000000000000000000000000000000000000000000000;
	6068 :	000000000000000000000000000000000000000000000000000000000000000;
	6067 :	000000000000000000000000000000000000000000000000000000000000000;
	6066 :	000000000000000000000000000000000000000000000000000000000000000;
	6065 :	000000000000000000000000000000000000000000000000000000000000000;
	6064 :	000000000000000000000000000000000000000000000000000000000000000;
	6063 :	000000000000000000000000000000000000000000000000000000000000000;
	6062 :	000000000000000000000000000000000000000000000000000000000000000;
	6061 :	000000000000000000000000000000000000000000000000000000000000000;
	6060 :	000000000000000000000000000000000000000000000000000000000000000;
	6059 :	000000000000000000000000000000000000000000000000000000000000000;
	6058 :	000000000000000000000000000000000000000000000000000000000000000;
	6057 :	000000000000000000000000000000000000000000000000000000000000000;
	6056 :	000000000000000000000000000000000000000000000000000000000000000;
	6055 :	000000000000000000000000000000000000000000000000000000000000000;
	6054 :	000000000000000000000000000000000000000000000000000000000000000;
	6053 :	000000000000000000000000000000000000000000000000000000000000000;
	6052 :	000000000000000000000000000000000000000000000000000000000000000;
	6051 :	000000000000000000000000000000000000000000000000000000000000000;
	6050 :	000000000000000000000000000000000000000000000000000000000000000;
	6049 :	000000000000000000000000000000000000000000000000000000000000000;
	6048 :	000000000000000000000000000000000000000000000000000000000000000;
	6047 :	000000000000000000000000000000000000000000000000000000000000000;
	6046 :	000000000000000000000000000000000000000000000000000000000000000;
	6045 :	000000000000000000000000000000000000000000000000000000000000000;
	6044 :	000000000000000000000000000000000000000000000000000000000000000;
	6043 :	000000000000000000000000000000000000000000000000000000000000000;
	6042 :	000000000000000000000000000000000000000000000000000000000000000;
	6041 :	000000000000000000000000000000000000000000000000000000000000000;
	6040 :	000000000000000000000000000000000000000000000000000000000000000;
	6039 :	000000000000000000000000000000000000000000000000000000000000000;
	6038 :	000000000000000000000000000000000000000000000000000000000000000;
	6037 :	000000000000000000000000000000000000000000000000000000000000000;
	6036 :	000000000000000000000000000000000000000000000000000000000000000;
	6035 :	000000000000000000000000000000000000000000000000000000000000000;
	6034 :	000000000000000000000000000000000000000000000000000000000000000;
	6033 :	000000000000000000000000000000000000000000000000000000000000000;
	6032 :	000000000000000000000000000000000000000000000000000000000000000;
	6031 :	000000000000000000000000000000000000000000000000000000000000000;
	6030 :	000000000000000000000000000000000000000000000000000000000000000;
	6029 :	000000000000000000000000000000000000000000000000000000000000000;
	6028 :	000000000000000000000000000000000000000000000000000000000000000;
	6027 :	000000000000000000000000000000000000000000000000000000000000000;
	6026 :	000000000000000000000000000000000000000000000000000000000000000;
	6025 :	000000000000000000000000000000000000000000000000000000000000000;
	6024 :	000000000000000000000000000000000000000000000000000000000000000;
	6023 :	000000000000000000000000000000000000000000000000000000000000000;
	6022 :	000000000000000000000000000000000000000000000000000000000000000;
	6021 :	000000000000000000000000000000000000000000000000000000000000000;
	6020 :	000000000000000000000000000000000000000000000000000000000000000;
	6019 :	000000000000000000000000000000000000000000000000000000000000000;
	6018 :	000000000000000000000000000000000000000000000000000000000000000;
	6017 :	000000000000000000000000000000000000000000000000000000000000000;
	6016 :	000000000000000000000000000000000000000000000000000000000000000;
	6015 :	000000000000000000000000000000000000000000000000000000000000000;
	6014 :	000000000000000000000000000000000000000000000000000000000000000;
	6013 :	000000000000000000000000000000000000000000000000000000000000000;
	6012 :	000000000000000000000000000000000000000000000000000000000000000;
	6011 :	000000000000000000000000000000000000000000000000000000000000000;
	6010 :	000000000000000000000000000000000000000000000000000000000000000;
	6009 :	000000000000000000000000000000000000000000000000000000000000000;
	6008 :	000000000000000000000000000000000000000000000000000000000000000;
	6007 :	000000000000000000000000000000000000000000000000000000000000000;
	6006 :	000000000000000000000000000000000000000000000000000000000000000;
	6005 :	000000000000000000000000000000000000000000000000000000000000000;
	6004 :	000000000000000000000000000000000000000000000000000000000000000;
	6003 :	000000000000000000000000000000000000000000000000000000000000000;
	6002 :	000000000000000000000000000000000000000000000000000000000000000;
	6001 :	000000000000000000000000000000000000000000000000000000000000000;
	6000 :	000000000000000000000000000000000000000000000000000000000000000;
	5999 :	000000000000000000000000000000000000000000000000000000000000000;
	5998 :	000000000000000000000000000000000000000000000000000000000000000;
	5997 :	000000000000000000000000000000000000000000000000000000000000000;
	5996 :	000000000000000000000000000000000000000000000000000000000000000;
	5995 :	000000000000000000000000000000000000000000000000000000000000000;
	5994 :	000000000000000000000000000000000000000000000000000000000000000;
	5993 :	000000000000000000000000000000000000000000000000000000000000000;
	5992 :	000000000000000000000000000000000000000000000000000000000000000;
	5991 :	000000000000000000000000000000000000000000000000000000000000000;
	5990 :	000000000000000000000000000000000000000000000000000000000000000;
	5989 :	000000000000000000000000000000000000000000000000000000000000000;
	5988 :	000000000000000000000000000000000000000000000000000000000000000;
	5987 :	000000000000000000000000000000000000000000000000000000000000000;
	5986 :	000000000000000000000000000000000000000000000000000000000000000;
	5985 :	000000000000000000000000000000000000000000000000000000000000000;
	5984 :	000000000000000000000000000000000000000000000000000000000000000;
	5983 :	000000000000000000000000000000000000000000000000000000000000000;
	5982 :	000000000000000000000000000000000000000000000000000000000000000;
	5981 :	000000000000000000000000000000000000000000000000000000000000000;
	5980 :	000000000000000000000000000000000000000000000000000000000000000;
	5979 :	000000000000000000000000000000000000000000000000000000000000000;
	5978 :	000000000000000000000000000000000000000000000000000000000000000;
	5977 :	000000000000000000000000000000000000000000000000000000000000000;
	5976 :	000000000000000000000000000000000000000000000000000000000000000;
	5975 :	000000000000000000000000000000000000000000000000000000000000000;
	5974 :	000000000000000000000000000000000000000000000000000000000000000;
	5973 :	000000000000000000000000000000000000000000000000000000000000000;
	5972 :	000000000000000000000000000000000000000000000000000000000000000;
	5971 :	000000000000000000000000000000000000000000000000000000000000000;
	5970 :	000000000000000000000000000000000000000000000000000000000000000;
	5969 :	000000000000000000000000000000000000000000000000000000000000000;
	5968 :	000000000000000000000000000000000000000000000000000000000000000;
	5967 :	000000000000000000000000000000000000000000000000000000000000000;
	5966 :	000000000000000000000000000000000000000000000000000000000000000;
	5965 :	000000000000000000000000000000000000000000000000000000000000000;
	5964 :	000000000000000000000000000000000000000000000000000000000000000;
	5963 :	000000000000000000000000000000000000000000000000000000000000000;
	5962 :	000000000000000000000000000000000000000000000000000000000000000;
	5961 :	000000000000000000000000000000000000000000000000000000000000000;
	5960 :	000000000000000000000000000000000000000000000000000000000000000;
	5959 :	000000000000000000000000000000000000000000000000000000000000000;
	5958 :	000000000000000000000000000000000000000000000000000000000000000;
	5957 :	000000000000000000000000000000000000000000000000000000000000000;
	5956 :	000000000000000000000000000000000000000000000000000000000000000;
	5955 :	000000000000000000000000000000000000000000000000000000000000000;
	5954 :	000000000000000000000000000000000000000000000000000000000000000;
	5953 :	000000000000000000000000000000000000000000000000000000000000000;
	5952 :	000000000000000000000000000000000000000000000000000000000000000;
	5951 :	000000000000000000000000000000000000000000000000000000000000000;
	5950 :	000000000000000000000000000000000000000000000000000000000000000;
	5949 :	000000000000000000000000000000000000000000000000000000000000000;
	5948 :	000000000000000000000000000000000000000000000000000000000000000;
	5947 :	000000000000000000000000000000000000000000000000000000000000000;
	5946 :	000000000000000000000000000000000000000000000000000000000000000;
	5945 :	000000000000000000000000000000000000000000000000000000000000000;
	5944 :	000000000000000000000000000000000000000000000000000000000000000;
	5943 :	000000000000000000000000000000000000000000000000000000000000000;
	5942 :	000000000000000000000000000000000000000000000000000000000000000;
	5941 :	000000000000000000000000000000000000000000000000000000000000000;
	5940 :	000000000000000000000000000000000000000000000000000000000000000;
	5939 :	000000000000000000000000000000000000000000000000000000000000000;
	5938 :	000000000000000000000000000000000000000000000000000000000000000;
	5937 :	000000000000000000000000000000000000000000000000000000000000000;
	5936 :	000000000000000000000000000000000000000000000000000000000000000;
	5935 :	000000000000000000000000000000000000000000000000000000000000000;
	5934 :	000000000000000000000000000000000000000000000000000000000000000;
	5933 :	000000000000000000000000000000000000000000000000000000000000000;
	5932 :	000000000000000000000000000000000000000000000000000000000000000;
	5931 :	000000000000000000000000000000000000000000000000000000000000000;
	5930 :	000000000000000000000000000000000000000000000000000000000000000;
	5929 :	000000000000000000000000000000000000000000000000000000000000000;
	5928 :	000000000000000000000000000000000000000000000000000000000000000;
	5927 :	000000000000000000000000000000000000000000000000000000000000000;
	5926 :	000000000000000000000000000000000000000000000000000000000000000;
	5925 :	000000000000000000000000000000000000000000000000000000000000000;
	5924 :	000000000000000000000000000000000000000000000000000000000000000;
	5923 :	000000000000000000000000000000000000000000000000000000000000000;
	5922 :	000000000000000000000000000000000000000000000000000000000000000;
	5921 :	000000000000000000000000000000000000000000000000000000000000000;
	5920 :	000000000000000000000000000000000000000000000000000000000000000;
	5919 :	000000000000000000000000000000000000000000000000000000000000000;
	5918 :	000000000000000000000000000000000000000000000000000000000000000;
	5917 :	000000000000000000000000000000000000000000000000000000000000000;
	5916 :	000000000000000000000000000000000000000000000000000000000000000;
	5915 :	000000000000000000000000000000000000000000000000000000000000000;
	5914 :	000000000000000000000000000000000000000000000000000000000000000;
	5913 :	000000000000000000000000000000000000000000000000000000000000000;
	5912 :	000000000000000000000000000000000000000000000000000000000000000;
	5911 :	000000000000000000000000000000000000000000000000000000000000000;
	5910 :	000000000000000000000000000000000000000000000000000000000000000;
	5909 :	000000000000000000000000000000000000000000000000000000000000000;
	5908 :	000000000000000000000000000000000000000000000000000000000000000;
	5907 :	000000000000000000000000000000000000000000000000000000000000000;
	5906 :	000000000000000000000000000000000000000000000000000000000000000;
	5905 :	000000000000000000000000000000000000000000000000000000000000000;
	5904 :	000000000000000000000000000000000000000000000000000000000000000;
	5903 :	000000000000000000000000000000000000000000000000000000000000000;
	5902 :	000000000000000000000000000000000000000000000000000000000000000;
	5901 :	000000000000000000000000000000000000000000000000000000000000000;
	5900 :	000000000000000000000000000000000000000000000000000000000000000;
	5899 :	000000000000000000000000000000000000000000000000000000000000000;
	5898 :	000000000000000000000000000000000000000000000000000000000000000;
	5897 :	000000000000000000000000000000000000000000000000000000000000000;
	5896 :	000000000000000000000000000000000000000000000000000000000000000;
	5895 :	000000000000000000000000000000000000000000000000000000000000000;
	5894 :	000000000000000000000000000000000000000000000000000000000000000;
	5893 :	000000000000000000000000000000000000000000000000000000000000000;
	5892 :	000000000000000000000000000000000000000000000000000000000000000;
	5891 :	000000000000000000000000000000000000000000000000000000000000000;
	5890 :	000000000000000000000000000000000000000000000000000000000000000;
	5889 :	000000000000000000000000000000000000000000000000000000000000000;
	5888 :	000000000000000000000000000000000000000000000000000000000000000;
	5887 :	000000000000000000000000000000000000000000000000000000000000000;
	5886 :	000000000000000000000000000000000000000000000000000000000000000;
	5885 :	000000000000000000000000000000000000000000000000000000000000000;
	5884 :	000000000000000000000000000000000000000000000000000000000000000;
	5883 :	000000000000000000000000000000000000000000000000000000000000000;
	5882 :	000000000000000000000000000000000000000000000000000000000000000;
	5881 :	000000000000000000000000000000000000000000000000000000000000000;
	5880 :	000000000000000000000000000000000000000000000000000000000000000;
	5879 :	000000000000000000000000000000000000000000000000000000000000000;
	5878 :	000000000000000000000000000000000000000000000000000000000000000;
	5877 :	000000000000000000000000000000000000000000000000000000000000000;
	5876 :	000000000000000000000000000000000000000000000000000000000000000;
	5875 :	000000000000000000000000000000000000000000000000000000000000000;
	5874 :	000000000000000000000000000000000000000000000000000000000000000;
	5873 :	000000000000000000000000000000000000000000000000000000000000000;
	5872 :	000000000000000000000000000000000000000000000000000000000000000;
	5871 :	000000000000000000000000000000000000000000000000000000000000000;
	5870 :	000000000000000000000000000000000000000000000000000000000000000;
	5869 :	000000000000000000000000000000000000000000000000000000000000000;
	5868 :	000000000000000000000000000000000000000000000000000000000000000;
	5867 :	000000000000000000000000000000000000000000000000000000000000000;
	5866 :	000000000000000000000000000000000000000000000000000000000000000;
	5865 :	000000000000000000000000000000000000000000000000000000000000000;
	5864 :	000000000000000000000000000000000000000000000000000000000000000;
	5863 :	000000000000000000000000000000000000000000000000000000000000000;
	5862 :	000000000000000000000000000000000000000000000000000000000000000;
	5861 :	000000000000000000000000000000000000000000000000000000000000000;
	5860 :	000000000000000000000000000000000000000000000000000000000000000;
	5859 :	000000000000000000000000000000000000000000000000000000000000000;
	5858 :	000000000000000000000000000000000000000000000000000000000000000;
	5857 :	000000000000000000000000000000000000000000000000000000000000000;
	5856 :	000000000000000000000000000000000000000000000000000000000000000;
	5855 :	000000000000000000000000000000000000000000000000000000000000000;
	5854 :	000000000000000000000000000000000000000000000000000000000000000;
	5853 :	000000000000000000000000000000000000000000000000000000000000000;
	5852 :	000000000000000000000000000000000000000000000000000000000000000;
	5851 :	000000000000000000000000000000000000000000000000000000000000000;
	5850 :	000000000000000000000000000000000000000000000000000000000000000;
	5849 :	000000000000000000000000000000000000000000000000000000000000000;
	5848 :	000000000000000000000000000000000000000000000000000000000000000;
	5847 :	000000000000000000000000000000000000000000000000000000000000000;
	5846 :	000000000000000000000000000000000000000000000000000000000000000;
	5845 :	000000000000000000000000000000000000000000000000000000000000000;
	5844 :	000000000000000000000000000000000000000000000000000000000000000;
	5843 :	000000000000000000000000000000000000000000000000000000000000000;
	5842 :	000000000000000000000000000000000000000000000000000000000000000;
	5841 :	000000000000000000000000000000000000000000000000000000000000000;
	5840 :	000000000000000000000000000000000000000000000000000000000000000;
	5839 :	000000000000000000000000000000000000000000000000000000000000000;
	5838 :	000000000000000000000000000000000000000000000000000000000000000;
	5837 :	000000000000000000000000000000000000000000000000000000000000000;
	5836 :	000000000000000000000000000000000000000000000000000000000000000;
	5835 :	000000000000000000000000000000000000000000000000000000000000000;
	5834 :	000000000000000000000000000000000000000000000000000000000000000;
	5833 :	000000000000000000000000000000000000000000000000000000000000000;
	5832 :	000000000000000000000000000000000000000000000000000000000000000;
	5831 :	000000000000000000000000000000000000000000000000000000000000000;
	5830 :	000000000000000000000000000000000000000000000000000000000000000;
	5829 :	000000000000000000000000000000000000000000000000000000000000000;
	5828 :	000000000000000000000000000000000000000000000000000000000000000;
	5827 :	000000000000000000000000000000000000000000000000000000000000000;
	5826 :	000000000000000000000000000000000000000000000000000000000000000;
	5825 :	000000000000000000000000000000000000000000000000000000000000000;
	5824 :	000000000000000000000000000000000000000000000000000000000000000;
	5823 :	000000000000000000000000000000000000000000000000000000000000000;
	5822 :	000000000000000000000000000000000000000000000000000000000000000;
	5821 :	000000000000000000000000000000000000000000000000000000000000000;
	5820 :	000000000000000000000000000000000000000000000000000000000000000;
	5819 :	000000000000000000000000000000000000000000000000000000000000000;
	5818 :	000000000000000000000000000000000000000000000000000000000000000;
	5817 :	000000000000000000000000000000000000000000000000000000000000000;
	5816 :	000000000000000000000000000000000000000000000000000000000000000;
	5815 :	000000000000000000000000000000000000000000000000000000000000000;
	5814 :	000000000000000000000000000000000000000000000000000000000000000;
	5813 :	000000000000000000000000000000000000000000000000000000000000000;
	5812 :	000000000000000000000000000000000000000000000000000000000000000;
	5811 :	000000000000000000000000000000000000000000000000000000000000000;
	5810 :	000000000000000000000000000000000000000000000000000000000000000;
	5809 :	000000000000000000000000000000000000000000000000000000000000000;
	5808 :	000000000000000000000000000000000000000000000000000000000000000;
	5807 :	000000000000000000000000000000000000000000000000000000000000000;
	5806 :	000000000000000000000000000000000000000000000000000000000000000;
	5805 :	000000000000000000000000000000000000000000000000000000000000000;
	5804 :	000000000000000000000000000000000000000000000000000000000000000;
	5803 :	000000000000000000000000000000000000000000000000000000000000000;
	5802 :	000000000000000000000000000000000000000000000000000000000000000;
	5801 :	000000000000000000000000000000000000000000000000000000000000000;
	5800 :	000000000000000000000000000000000000000000000000000000000000000;
	5799 :	000000000000000000000000000000000000000000000000000000000000000;
	5798 :	000000000000000000000000000000000000000000000000000000000000000;
	5797 :	000000000000000000000000000000000000000000000000000000000000000;
	5796 :	000000000000000000000000000000000000000000000000000000000000000;
	5795 :	000000000000000000000000000000000000000000000000000000000000000;
	5794 :	000000000000000000000000000000000000000000000000000000000000000;
	5793 :	000000000000000000000000000000000000000000000000000000000000000;
	5792 :	000000000000000000000000000000000000000000000000000000000000000;
	5791 :	000000000000000000000000000000000000000000000000000000000000000;
	5790 :	000000000000000000000000000000000000000000000000000000000000000;
	5789 :	000000000000000000000000000000000000000000000000000000000000000;
	5788 :	000000000000000000000000000000000000000000000000000000000000000;
	5787 :	000000000000000000000000000000000000000000000000000000000000000;
	5786 :	000000000000000000000000000000000000000000000000000000000000000;
	5785 :	000000000000000000000000000000000000000000000000000000000000000;
	5784 :	000000000000000000000000000000000000000000000000000000000000000;
	5783 :	000000000000000000000000000000000000000000000000000000000000000;
	5782 :	000000000000000000000000000000000000000000000000000000000000000;
	5781 :	000000000000000000000000000000000000000000000000000000000000000;
	5780 :	000000000000000000000000000000000000000000000000000000000000000;
	5779 :	000000000000000000000000000000000000000000000000000000000000000;
	5778 :	000000000000000000000000000000000000000000000000000000000000000;
	5777 :	000000000000000000000000000000000000000000000000000000000000000;
	5776 :	000000000000000000000000000000000000000000000000000000000000000;
	5775 :	000000000000000000000000000000000000000000000000000000000000000;
	5774 :	000000000000000000000000000000000000000000000000000000000000000;
	5773 :	000000000000000000000000000000000000000000000000000000000000000;
	5772 :	000000000000000000000000000000000000000000000000000000000000000;
	5771 :	000000000000000000000000000000000000000000000000000000000000000;
	5770 :	000000000000000000000000000000000000000000000000000000000000000;
	5769 :	000000000000000000000000000000000000000000000000000000000000000;
	5768 :	000000000000000000000000000000000000000000000000000000000000000;
	5767 :	000000000000000000000000000000000000000000000000000000000000000;
	5766 :	000000000000000000000000000000000000000000000000000000000000000;
	5765 :	000000000000000000000000000000000000000000000000000000000000000;
	5764 :	000000000000000000000000000000000000000000000000000000000000000;
	5763 :	000000000000000000000000000000000000000000000000000000000000000;
	5762 :	000000000000000000000000000000000000000000000000000000000000000;
	5761 :	000000000000000000000000000000000000000000000000000000000000000;
	5760 :	000000000000000000000000000000000000000000000000000000000000000;
	5759 :	000000000000000000000000000000000000000000000000000000000000000;
	5758 :	000000000000000000000000000000000000000000000000000000000000000;
	5757 :	000000000000000000000000000000000000000000000000000000000000000;
	5756 :	000000000000000000000000000000000000000000000000000000000000000;
	5755 :	000000000000000000000000000000000000000000000000000000000000000;
	5754 :	000000000000000000000000000000000000000000000000000000000000000;
	5753 :	000000000000000000000000000000000000000000000000000000000000000;
	5752 :	000000000000000000000000000000000000000000000000000000000000000;
	5751 :	000000000000000000000000000000000000000000000000000000000000000;
	5750 :	000000000000000000000000000000000000000000000000000000000000000;
	5749 :	000000000000000000000000000000000000000000000000000000000000000;
	5748 :	000000000000000000000000000000000000000000000000000000000000000;
	5747 :	000000000000000000000000000000000000000000000000000000000000000;
	5746 :	000000000000000000000000000000000000000000000000000000000000000;
	5745 :	000000000000000000000000000000000000000000000000000000000000000;
	5744 :	000000000000000000000000000000000000000000000000000000000000000;
	5743 :	000000000000000000000000000000000000000000000000000000000000000;
	5742 :	000000000000000000000000000000000000000000000000000000000000000;
	5741 :	000000000000000000000000000000000000000000000000000000000000000;
	5740 :	000000000000000000000000000000000000000000000000000000000000000;
	5739 :	000000000000000000000000000000000000000000000000000000000000000;
	5738 :	000000000000000000000000000000000000000000000000000000000000000;
	5737 :	000000000000000000000000000000000000000000000000000000000000000;
	5736 :	000000000000000000000000000000000000000000000000000000000000000;
	5735 :	000000000000000000000000000000000000000000000000000000000000000;
	5734 :	000000000000000000000000000000000000000000000000000000000000000;
	5733 :	000000000000000000000000000000000000000000000000000000000000000;
	5732 :	000000000000000000000000000000000000000000000000000000000000000;
	5731 :	000000000000000000000000000000000000000000000000000000000000000;
	5730 :	000000000000000000000000000000000000000000000000000000000000000;
	5729 :	000000000000000000000000000000000000000000000000000000000000000;
	5728 :	000000000000000000000000000000000000000000000000000000000000000;
	5727 :	000000000000000000000000000000000000000000000000000000000000000;
	5726 :	000000000000000000000000000000000000000000000000000000000000000;
	5725 :	000000000000000000000000000000000000000000000000000000000000000;
	5724 :	000000000000000000000000000000000000000000000000000000000000000;
	5723 :	000000000000000000000000000000000000000000000000000000000000000;
	5722 :	000000000000000000000000000000000000000000000000000000000000000;
	5721 :	000000000000000000000000000000000000000000000000000000000000000;
	5720 :	000000000000000000000000000000000000000000000000000000000000000;
	5719 :	000000000000000000000000000000000000000000000000000000000000000;
	5718 :	000000000000000000000000000000000000000000000000000000000000000;
	5717 :	000000000000000000000000000000000000000000000000000000000000000;
	5716 :	000000000000000000000000000000000000000000000000000000000000000;
	5715 :	000000000000000000000000000000000000000000000000000000000000000;
	5714 :	000000000000000000000000000000000000000000000000000000000000000;
	5713 :	000000000000000000000000000000000000000000000000000000000000000;
	5712 :	000000000000000000000000000000000000000000000000000000000000000;
	5711 :	000000000000000000000000000000000000000000000000000000000000000;
	5710 :	000000000000000000000000000000000000000000000000000000000000000;
	5709 :	000000000000000000000000000000000000000000000000000000000000000;
	5708 :	000000000000000000000000000000000000000000000000000000000000000;
	5707 :	000000000000000000000000000000000000000000000000000000000000000;
	5706 :	000000000000000000000000000000000000000000000000000000000000000;
	5705 :	000000000000000000000000000000000000000000000000000000000000000;
	5704 :	000000000000000000000000000000000000000000000000000000000000000;
	5703 :	000000000000000000000000000000000000000000000000000000000000000;
	5702 :	000000000000000000000000000000000000000000000000000000000000000;
	5701 :	000000000000000000000000000000000000000000000000000000000000000;
	5700 :	000000000000000000000000000000000000000000000000000000000000000;
	5699 :	000000000000000000000000000000000000000000000000000000000000000;
	5698 :	000000000000000000000000000000000000000000000000000000000000000;
	5697 :	000000000000000000000000000000000000000000000000000000000000000;
	5696 :	000000000000000000000000000000000000000000000000000000000000000;
	5695 :	000000000000000000000000000000000000000000000000000000000000000;
	5694 :	000000000000000000000000000000000000000000000000000000000000000;
	5693 :	000000000000000000000000000000000000000000000000000000000000000;
	5692 :	000000000000000000000000000000000000000000000000000000000000000;
	5691 :	000000000000000000000000000000000000000000000000000000000000000;
	5690 :	000000000000000000000000000000000000000000000000000000000000000;
	5689 :	000000000000000000000000000000000000000000000000000000000000000;
	5688 :	000000000000000000000000000000000000000000000000000000000000000;
	5687 :	000000000000000000000000000000000000000000000000000000000000000;
	5686 :	000000000000000000000000000000000000000000000000000000000000000;
	5685 :	000000000000000000000000000000000000000000000000000000000000000;
	5684 :	000000000000000000000000000000000000000000000000000000000000000;
	5683 :	000000000000000000000000000000000000000000000000000000000000000;
	5682 :	000000000000000000000000000000000000000000000000000000000000000;
	5681 :	000000000000000000000000000000000000000000000000000000000000000;
	5680 :	000000000000000000000000000000000000000000000000000000000000000;
	5679 :	000000000000000000000000000000000000000000000000000000000000000;
	5678 :	000000000000000000000000000000000000000000000000000000000000000;
	5677 :	000000000000000000000000000000000000000000000000000000000000000;
	5676 :	000000000000000000000000000000000000000000000000000000000000000;
	5675 :	000000000000000000000000000000000000000000000000000000000000000;
	5674 :	000000000000000000000000000000000000000000000000000000000000000;
	5673 :	000000000000000000000000000000000000000000000000000000000000000;
	5672 :	000000000000000000000000000000000000000000000000000000000000000;
	5671 :	000000000000000000000000000000000000000000000000000000000000000;
	5670 :	000000000000000000000000000000000000000000000000000000000000000;
	5669 :	000000000000000000000000000000000000000000000000000000000000000;
	5668 :	000000000000000000000000000000000000000000000000000000000000000;
	5667 :	000000000000000000000000000000000000000000000000000000000000000;
	5666 :	000000000000000000000000000000000000000000000000000000000000000;
	5665 :	000000000000000000000000000000000000000000000000000000000000000;
	5664 :	000000000000000000000000000000000000000000000000000000000000000;
	5663 :	000000000000000000000000000000000000000000000000000000000000000;
	5662 :	000000000000000000000000000000000000000000000000000000000000000;
	5661 :	000000000000000000000000000000000000000000000000000000000000000;
	5660 :	000000000000000000000000000000000000000000000000000000000000000;
	5659 :	000000000000000000000000000000000000000000000000000000000000000;
	5658 :	000000000000000000000000000000000000000000000000000000000000000;
	5657 :	000000000000000000000000000000000000000000000000000000000000000;
	5656 :	000000000000000000000000000000000000000000000000000000000000000;
	5655 :	000000000000000000000000000000000000000000000000000000000000000;
	5654 :	000000000000000000000000000000000000000000000000000000000000000;
	5653 :	000000000000000000000000000000000000000000000000000000000000000;
	5652 :	000000000000000000000000000000000000000000000000000000000000000;
	5651 :	000000000000000000000000000000000000000000000000000000000000000;
	5650 :	000000000000000000000000000000000000000000000000000000000000000;
	5649 :	000000000000000000000000000000000000000000000000000000000000000;
	5648 :	000000000000000000000000000000000000000000000000000000000000000;
	5647 :	000000000000000000000000000000000000000000000000000000000000000;
	5646 :	000000000000000000000000000000000000000000000000000000000000000;
	5645 :	000000000000000000000000000000000000000000000000000000000000000;
	5644 :	000000000000000000000000000000000000000000000000000000000000000;
	5643 :	000000000000000000000000000000000000000000000000000000000000000;
	5642 :	000000000000000000000000000000000000000000000000000000000000000;
	5641 :	000000000000000000000000000000000000000000000000000000000000000;
	5640 :	000000000000000000000000000000000000000000000000000000000000000;
	5639 :	000000000000000000000000000000000000000000000000000000000000000;
	5638 :	000000000000000000000000000000000000000000000000000000000000000;
	5637 :	000000000000000000000000000000000000000000000000000000000000000;
	5636 :	000000000000000000000000000000000000000000000000000000000000000;
	5635 :	000000000000000000000000000000000000000000000000000000000000000;
	5634 :	000000000000000000000000000000000000000000000000000000000000000;
	5633 :	000000000000000000000000000000000000000000000000000000000000000;
	5632 :	000000000000000000000000000000000000000000000000000000000000000;
	5631 :	000000000000000000000000000000000000000000000000000000000000000;
	5630 :	000000000000000000000000000000000000000000000000000000000000000;
	5629 :	000000000000000000000000000000000000000000000000000000000000000;
	5628 :	000000000000000000000000000000000000000000000000000000000000000;
	5627 :	000000000000000000000000000000000000000000000000000000000000000;
	5626 :	000000000000000000000000000000000000000000000000000000000000000;
	5625 :	000000000000000000000000000000000000000000000000000000000000000;
	5624 :	000000000000000000000000000000000000000000000000000000000000000;
	5623 :	000000000000000000000000000000000000000000000000000000000000000;
	5622 :	000000000000000000000000000000000000000000000000000000000000000;
	5621 :	000000000000000000000000000000000000000000000000000000000000000;
	5620 :	000000000000000000000000000000000000000000000000000000000000000;
	5619 :	000000000000000000000000000000000000000000000000000000000000000;
	5618 :	000000000000000000000000000000000000000000000000000000000000000;
	5617 :	000000000000000000000000000000000000000000000000000000000000000;
	5616 :	000000000000000000000000000000000000000000000000000000000000000;
	5615 :	000000000000000000000000000000000000000000000000000000000000000;
	5614 :	000000000000000000000000000000000000000000000000000000000000000;
	5613 :	000000000000000000000000000000000000000000000000000000000000000;
	5612 :	000000000000000000000000000000000000000000000000000000000000000;
	5611 :	000000000000000000000000000000000000000000000000000000000000000;
	5610 :	000000000000000000000000000000000000000000000000000000000000000;
	5609 :	000000000000000000000000000000000000000000000000000000000000000;
	5608 :	000000000000000000000000000000000000000000000000000000000000000;
	5607 :	000000000000000000000000000000000000000000000000000000000000000;
	5606 :	000000000000000000000000000000000000000000000000000000000000000;
	5605 :	000000000000000000000000000000000000000000000000000000000000000;
	5604 :	000000000000000000000000000000000000000000000000000000000000000;
	5603 :	000000000000000000000000000000000000000000000000000000000000000;
	5602 :	000000000000000000000000000000000000000000000000000000000000000;
	5601 :	000000000000000000000000000000000000000000000000000000000000000;
	5600 :	000000000000000000000000000000000000000000000000000000000000000;
	5599 :	000000000000000000000000000000000000000000000000000000000000000;
	5598 :	000000000000000000000000000000000000000000000000000000000000000;
	5597 :	000000000000000000000000000000000000000000000000000000000000000;
	5596 :	000000000000000000000000000000000000000000000000000000000000000;
	5595 :	000000000000000000000000000000000000000000000000000000000000000;
	5594 :	000000000000000000000000000000000000000000000000000000000000000;
	5593 :	000000000000000000000000000000000000000000000000000000000000000;
	5592 :	000000000000000000000000000000000000000000000000000000000000000;
	5591 :	000000000000000000000000000000000000000000000000000000000000000;
	5590 :	000000000000000000000000000000000000000000000000000000000000000;
	5589 :	000000000000000000000000000000000000000000000000000000000000000;
	5588 :	000000000000000000000000000000000000000000000000000000000000000;
	5587 :	000000000000000000000000000000000000000000000000000000000000000;
	5586 :	000000000000000000000000000000000000000000000000000000000000000;
	5585 :	000000000000000000000000000000000000000000000000000000000000000;
	5584 :	000000000000000000000000000000000000000000000000000000000000000;
	5583 :	000000000000000000000000000000000000000000000000000000000000000;
	5582 :	000000000000000000000000000000000000000000000000000000000000000;
	5581 :	000000000000000000000000000000000000000000000000000000000000000;
	5580 :	000000000000000000000000000000000000000000000000000000000000000;
	5579 :	000000000000000000000000000000000000000000000000000000000000000;
	5578 :	000000000000000000000000000000000000000000000000000000000000000;
	5577 :	000000000000000000000000000000000000000000000000000000000000000;
	5576 :	000000000000000000000000000000000000000000000000000000000000000;
	5575 :	000000000000000000000000000000000000000000000000000000000000000;
	5574 :	000000000000000000000000000000000000000000000000000000000000000;
	5573 :	000000000000000000000000000000000000000000000000000000000000000;
	5572 :	000000000000000000000000000000000000000000000000000000000000000;
	5571 :	000000000000000000000000000000000000000000000000000000000000000;
	5570 :	000000000000000000000000000000000000000000000000000000000000000;
	5569 :	000000000000000000000000000000000000000000000000000000000000000;
	5568 :	000000000000000000000000000000000000000000000000000000000000000;
	5567 :	000000000000000000000000000000000000000000000000000000000000000;
	5566 :	000000000000000000000000000000000000000000000000000000000000000;
	5565 :	000000000000000000000000000000000000000000000000000000000000000;
	5564 :	000000000000000000000000000000000000000000000000000000000000000;
	5563 :	000000000000000000000000000000000000000000000000000000000000000;
	5562 :	000000000000000000000000000000000000000000000000000000000000000;
	5561 :	000000000000000000000000000000000000000000000000000000000000000;
	5560 :	000000000000000000000000000000000000000000000000000000000000000;
	5559 :	000000000000000000000000000000000000000000000000000000000000000;
	5558 :	000000000000000000000000000000000000000000000000000000000000000;
	5557 :	000000000000000000000000000000000000000000000000000000000000000;
	5556 :	000000000000000000000000000000000000000000000000000000000000000;
	5555 :	000000000000000000000000000000000000000000000000000000000000000;
	5554 :	000000000000000000000000000000000000000000000000000000000000000;
	5553 :	000000000000000000000000000000000000000000000000000000000000000;
	5552 :	000000000000000000000000000000000000000000000000000000000000000;
	5551 :	000000000000000000000000000000000000000000000000000000000000000;
	5550 :	000000000000000000000000000000000000000000000000000000000000000;
	5549 :	000000000000000000000000000000000000000000000000000000000000000;
	5548 :	000000000000000000000000000000000000000000000000000000000000000;
	5547 :	000000000000000000000000000000000000000000000000000000000000000;
	5546 :	000000000000000000000000000000000000000000000000000000000000000;
	5545 :	000000000000000000000000000000000000000000000000000000000000000;
	5544 :	000000000000000000000000000000000000000000000000000000000000000;
	5543 :	000000000000000000000000000000000000000000000000000000000000000;
	5542 :	000000000000000000000000000000000000000000000000000000000000000;
	5541 :	000000000000000000000000000000000000000000000000000000000000000;
	5540 :	000000000000000000000000000000000000000000000000000000000000000;
	5539 :	000000000000000000000000000000000000000000000000000000000000000;
	5538 :	000000000000000000000000000000000000000000000000000000000000000;
	5537 :	000000000000000000000000000000000000000000000000000000000000000;
	5536 :	000000000000000000000000000000000000000000000000000000000000000;
	5535 :	000000000000000000000000000000000000000000000000000000000000000;
	5534 :	000000000000000000000000000000000000000000000000000000000000000;
	5533 :	000000000000000000000000000000000000000000000000000000000000000;
	5532 :	000000000000000000000000000000000000000000000000000000000000000;
	5531 :	000000000000000000000000000000000000000000000000000000000000000;
	5530 :	000000000000000000000000000000000000000000000000000000000000000;
	5529 :	000000000000000000000000000000000000000000000000000000000000000;
	5528 :	000000000000000000000000000000000000000000000000000000000000000;
	5527 :	000000000000000000000000000000000000000000000000000000000000000;
	5526 :	000000000000000000000000000000000000000000000000000000000000000;
	5525 :	000000000000000000000000000000000000000000000000000000000000000;
	5524 :	000000000000000000000000000000000000000000000000000000000000000;
	5523 :	000000000000000000000000000000000000000000000000000000000000000;
	5522 :	000000000000000000000000000000000000000000000000000000000000000;
	5521 :	000000000000000000000000000000000000000000000000000000000000000;
	5520 :	000000000000000000000000000000000000000000000000000000000000000;
	5519 :	000000000000000000000000000000000000000000000000000000000000000;
	5518 :	000000000000000000000000000000000000000000000000000000000000000;
	5517 :	000000000000000000000000000000000000000000000000000000000000000;
	5516 :	000000000000000000000000000000000000000000000000000000000000000;
	5515 :	000000000000000000000000000000000000000000000000000000000000000;
	5514 :	000000000000000000000000000000000000000000000000000000000000000;
	5513 :	000000000000000000000000000000000000000000000000000000000000000;
	5512 :	000000000000000000000000000000000000000000000000000000000000000;
	5511 :	000000000000000000000000000000000000000000000000000000000000000;
	5510 :	000000000000000000000000000000000000000000000000000000000000000;
	5509 :	000000000000000000000000000000000000000000000000000000000000000;
	5508 :	000000000000000000000000000000000000000000000000000000000000000;
	5507 :	000000000000000000000000000000000000000000000000000000000000000;
	5506 :	000000000000000000000000000000000000000000000000000000000000000;
	5505 :	000000000000000000000000000000000000000000000000000000000000000;
	5504 :	000000000000000000000000000000000000000000000000000000000000000;
	5503 :	000000000000000000000000000000000000000000000000000000000000000;
	5502 :	000000000000000000000000000000000000000000000000000000000000000;
	5501 :	000000000000000000000000000000000000000000000000000000000000000;
	5500 :	000000000000000000000000000000000000000000000000000000000000000;
	5499 :	000000000000000000000000000000000000000000000000000000000000000;
	5498 :	000000000000000000000000000000000000000000000000000000000000000;
	5497 :	000000000000000000000000000000000000000000000000000000000000000;
	5496 :	000000000000000000000000000000000000000000000000000000000000000;
	5495 :	000000000000000000000000000000000000000000000000000000000000000;
	5494 :	000000000000000000000000000000000000000000000000000000000000000;
	5493 :	000000000000000000000000000000000000000000000000000000000000000;
	5492 :	000000000000000000000000000000000000000000000000000000000000000;
	5491 :	000000000000000000000000000000000000000000000000000000000000000;
	5490 :	000000000000000000000000000000000000000000000000000000000000000;
	5489 :	000000000000000000000000000000000000000000000000000000000000000;
	5488 :	000000000000000000000000000000000000000000000000000000000000000;
	5487 :	000000000000000000000000000000000000000000000000000000000000000;
	5486 :	000000000000000000000000000000000000000000000000000000000000000;
	5485 :	000000000000000000000000000000000000000000000000000000000000000;
	5484 :	000000000000000000000000000000000000000000000000000000000000000;
	5483 :	000000000000000000000000000000000000000000000000000000000000000;
	5482 :	000000000000000000000000000000000000000000000000000000000000000;
	5481 :	000000000000000000000000000000000000000000000000000000000000000;
	5480 :	000000000000000000000000000000000000000000000000000000000000000;
	5479 :	000000000000000000000000000000000000000000000000000000000000000;
	5478 :	000000000000000000000000000000000000000000000000000000000000000;
	5477 :	000000000000000000000000000000000000000000000000000000000000000;
	5476 :	000000000000000000000000000000000000000000000000000000000000000;
	5475 :	000000000000000000000000000000000000000000000000000000000000000;
	5474 :	000000000000000000000000000000000000000000000000000000000000000;
	5473 :	000000000000000000000000000000000000000000000000000000000000000;
	5472 :	000000000000000000000000000000000000000000000000000000000000000;
	5471 :	000000000000000000000000000000000000000000000000000000000000000;
	5470 :	000000000000000000000000000000000000000000000000000000000000000;
	5469 :	000000000000000000000000000000000000000000000000000000000000000;
	5468 :	000000000000000000000000000000000000000000000000000000000000000;
	5467 :	000000000000000000000000000000000000000000000000000000000000000;
	5466 :	000000000000000000000000000000000000000000000000000000000000000;
	5465 :	000000000000000000000000000000000000000000000000000000000000000;
	5464 :	000000000000000000000000000000000000000000000000000000000000000;
	5463 :	000000000000000000000000000000000000000000000000000000000000000;
	5462 :	000000000000000000000000000000000000000000000000000000000000000;
	5461 :	000000000000000000000000000000000000000000000000000000000000000;
	5460 :	000000000000000000000000000000000000000000000000000000000000000;
	5459 :	000000000000000000000000000000000000000000000000000000000000000;
	5458 :	000000000000000000000000000000000000000000000000000000000000000;
	5457 :	000000000000000000000000000000000000000000000000000000000000000;
	5456 :	000000000000000000000000000000000000000000000000000000000000000;
	5455 :	000000000000000000000000000000000000000000000000000000000000000;
	5454 :	000000000000000000000000000000000000000000000000000000000000000;
	5453 :	000000000000000000000000000000000000000000000000000000000000000;
	5452 :	000000000000000000000000000000000000000000000000000000000000000;
	5451 :	000000000000000000000000000000000000000000000000000000000000000;
	5450 :	000000000000000000000000000000000000000000000000000000000000000;
	5449 :	000000000000000000000000000000000000000000000000000000000000000;
	5448 :	000000000000000000000000000000000000000000000000000000000000000;
	5447 :	000000000000000000000000000000000000000000000000000000000000000;
	5446 :	000000000000000000000000000000000000000000000000000000000000000;
	5445 :	000000000000000000000000000000000000000000000000000000000000000;
	5444 :	000000000000000000000000000000000000000000000000000000000000000;
	5443 :	000000000000000000000000000000000000000000000000000000000000000;
	5442 :	000000000000000000000000000000000000000000000000000000000000000;
	5441 :	000000000000000000000000000000000000000000000000000000000000000;
	5440 :	000000000000000000000000000000000000000000000000000000000000000;
	5439 :	000000000000000000000000000000000000000000000000000000000000000;
	5438 :	000000000000000000000000000000000000000000000000000000000000000;
	5437 :	000000000000000000000000000000000000000000000000000000000000000;
	5436 :	000000000000000000000000000000000000000000000000000000000000000;
	5435 :	000000000000000000000000000000000000000000000000000000000000000;
	5434 :	000000000000000000000000000000000000000000000000000000000000000;
	5433 :	000000000000000000000000000000000000000000000000000000000000000;
	5432 :	000000000000000000000000000000000000000000000000000000000000000;
	5431 :	000000000000000000000000000000000000000000000000000000000000000;
	5430 :	000000000000000000000000000000000000000000000000000000000000000;
	5429 :	000000000000000000000000000000000000000000000000000000000000000;
	5428 :	000000000000000000000000000000000000000000000000000000000000000;
	5427 :	000000000000000000000000000000000000000000000000000000000000000;
	5426 :	000000000000000000000000000000000000000000000000000000000000000;
	5425 :	000000000000000000000000000000000000000000000000000000000000000;
	5424 :	000000000000000000000000000000000000000000000000000000000000000;
	5423 :	000000000000000000000000000000000000000000000000000000000000000;
	5422 :	000000000000000000000000000000000000000000000000000000000000000;
	5421 :	000000000000000000000000000000000000000000000000000000000000000;
	5420 :	000000000000000000000000000000000000000000000000000000000000000;
	5419 :	000000000000000000000000000000000000000000000000000000000000000;
	5418 :	000000000000000000000000000000000000000000000000000000000000000;
	5417 :	000000000000000000000000000000000000000000000000000000000000000;
	5416 :	000000000000000000000000000000000000000000000000000000000000000;
	5415 :	000000000000000000000000000000000000000000000000000000000000000;
	5414 :	000000000000000000000000000000000000000000000000000000000000000;
	5413 :	000000000000000000000000000000000000000000000000000000000000000;
	5412 :	000000000000000000000000000000000000000000000000000000000000000;
	5411 :	000000000000000000000000000000000000000000000000000000000000000;
	5410 :	000000000000000000000000000000000000000000000000000000000000000;
	5409 :	000000000000000000000000000000000000000000000000000000000000000;
	5408 :	000000000000000000000000000000000000000000000000000000000000000;
	5407 :	000000000000000000000000000000000000000000000000000000000000000;
	5406 :	000000000000000000000000000000000000000000000000000000000000000;
	5405 :	000000000000000000000000000000000000000000000000000000000000000;
	5404 :	000000000000000000000000000000000000000000000000000000000000000;
	5403 :	000000000000000000000000000000000000000000000000000000000000000;
	5402 :	000000000000000000000000000000000000000000000000000000000000000;
	5401 :	000000000000000000000000000000000000000000000000000000000000000;
	5400 :	000000000000000000000000000000000000000000000000000000000000000;
	5399 :	000000000000000000000000000000000000000000000000000000000000000;
	5398 :	000000000000000000000000000000000000000000000000000000000000000;
	5397 :	000000000000000000000000000000000000000000000000000000000000000;
	5396 :	000000000000000000000000000000000000000000000000000000000000000;
	5395 :	000000000000000000000000000000000000000000000000000000000000000;
	5394 :	000000000000000000000000000000000000000000000000000000000000000;
	5393 :	000000000000000000000000000000000000000000000000000000000000000;
	5392 :	000000000000000000000000000000000000000000000000000000000000000;
	5391 :	000000000000000000000000000000000000000000000000000000000000000;
	5390 :	000000000000000000000000000000000000000000000000000000000000000;
	5389 :	000000000000000000000000000000000000000000000000000000000000000;
	5388 :	000000000000000000000000000000000000000000000000000000000000000;
	5387 :	000000000000000000000000000000000000000000000000000000000000000;
	5386 :	000000000000000000000000000000000000000000000000000000000000000;
	5385 :	000000000000000000000000000000000000000000000000000000000000000;
	5384 :	000000000000000000000000000000000000000000000000000000000000000;
	5383 :	000000000000000000000000000000000000000000000000000000000000000;
	5382 :	000000000000000000000000000000000000000000000000000000000000000;
	5381 :	000000000000000000000000000000000000000000000000000000000000000;
	5380 :	000000000000000000000000000000000000000000000000000000000000000;
	5379 :	000000000000000000000000000000000000000000000000000000000000000;
	5378 :	000000000000000000000000000000000000000000000000000000000000000;
	5377 :	000000000000000000000000000000000000000000000000000000000000000;
	5376 :	000000000000000000000000000000000000000000000000000000000000000;
	5375 :	000000000000000000000000000000000000000000000000000000000000000;
	5374 :	000000000000000000000000000000000000000000000000000000000000000;
	5373 :	000000000000000000000000000000000000000000000000000000000000000;
	5372 :	000000000000000000000000000000000000000000000000000000000000000;
	5371 :	000000000000000000000000000000000000000000000000000000000000000;
	5370 :	000000000000000000000000000000000000000000000000000000000000000;
	5369 :	000000000000000000000000000000000000000000000000000000000000000;
	5368 :	000000000000000000000000000000000000000000000000000000000000000;
	5367 :	000000000000000000000000000000000000000000000000000000000000000;
	5366 :	000000000000000000000000000000000000000000000000000000000000000;
	5365 :	000000000000000000000000000000000000000000000000000000000000000;
	5364 :	000000000000000000000000000000000000000000000000000000000000000;
	5363 :	000000000000000000000000000000000000000000000000000000000000000;
	5362 :	000000000000000000000000000000000000000000000000000000000000000;
	5361 :	000000000000000000000000000000000000000000000000000000000000000;
	5360 :	000000000000000000000000000000000000000000000000000000000000000;
	5359 :	000000000000000000000000000000000000000000000000000000000000000;
	5358 :	000000000000000000000000000000000000000000000000000000000000000;
	5357 :	000000000000000000000000000000000000000000000000000000000000000;
	5356 :	000000000000000000000000000000000000000000000000000000000000000;
	5355 :	000000000000000000000000000000000000000000000000000000000000000;
	5354 :	000000000000000000000000000000000000000000000000000000000000000;
	5353 :	000000000000000000000000000000000000000000000000000000000000000;
	5352 :	000000000000000000000000000000000000000000000000000000000000000;
	5351 :	000000000000000000000000000000000000000000000000000000000000000;
	5350 :	000000000000000000000000000000000000000000000000000000000000000;
	5349 :	000000000000000000000000000000000000000000000000000000000000000;
	5348 :	000000000000000000000000000000000000000000000000000000000000000;
	5347 :	000000000000000000000000000000000000000000000000000000000000000;
	5346 :	000000000000000000000000000000000000000000000000000000000000000;
	5345 :	000000000000000000000000000000000000000000000000000000000000000;
	5344 :	000000000000000000000000000000000000000000000000000000000000000;
	5343 :	000000000000000000000000000000000000000000000000000000000000000;
	5342 :	000000000000000000000000000000000000000000000000000000000000000;
	5341 :	000000000000000000000000000000000000000000000000000000000000000;
	5340 :	000000000000000000000000000000000000000000000000000000000000000;
	5339 :	000000000000000000000000000000000000000000000000000000000000000;
	5338 :	000000000000000000000000000000000000000000000000000000000000000;
	5337 :	000000000000000000000000000000000000000000000000000000000000000;
	5336 :	000000000000000000000000000000000000000000000000000000000000000;
	5335 :	000000000000000000000000000000000000000000000000000000000000000;
	5334 :	000000000000000000000000000000000000000000000000000000000000000;
	5333 :	000000000000000000000000000000000000000000000000000000000000000;
	5332 :	000000000000000000000000000000000000000000000000000000000000000;
	5331 :	000000000000000000000000000000000000000000000000000000000000000;
	5330 :	000000000000000000000000000000000000000000000000000000000000000;
	5329 :	000000000000000000000000000000000000000000000000000000000000000;
	5328 :	000000000000000000000000000000000000000000000000000000000000000;
	5327 :	000000000000000000000000000000000000000000000000000000000000000;
	5326 :	000000000000000000000000000000000000000000000000000000000000000;
	5325 :	000000000000000000000000000000000000000000000000000000000000000;
	5324 :	000000000000000000000000000000000000000000000000000000000000000;
	5323 :	000000000000000000000000000000000000000000000000000000000000000;
	5322 :	000000000000000000000000000000000000000000000000000000000000000;
	5321 :	000000000000000000000000000000000000000000000000000000000000000;
	5320 :	000000000000000000000000000000000000000000000000000000000000000;
	5319 :	000000000000000000000000000000000000000000000000000000000000000;
	5318 :	000000000000000000000000000000000000000000000000000000000000000;
	5317 :	000000000000000000000000000000000000000000000000000000000000000;
	5316 :	000000000000000000000000000000000000000000000000000000000000000;
	5315 :	000000000000000000000000000000000000000000000000000000000000000;
	5314 :	000000000000000000000000000000000000000000000000000000000000000;
	5313 :	000000000000000000000000000000000000000000000000000000000000000;
	5312 :	000000000000000000000000000000000000000000000000000000000000000;
	5311 :	000000000000000000000000000000000000000000000000000000000000000;
	5310 :	000000000000000000000000000000000000000000000000000000000000000;
	5309 :	000000000000000000000000000000000000000000000000000000000000000;
	5308 :	000000000000000000000000000000000000000000000000000000000000000;
	5307 :	000000000000000000000000000000000000000000000000000000000000000;
	5306 :	000000000000000000000000000000000000000000000000000000000000000;
	5305 :	000000000000000000000000000000000000000000000000000000000000000;
	5304 :	000000000000000000000000000000000000000000000000000000000000000;
	5303 :	000000000000000000000000000000000000000000000000000000000000000;
	5302 :	000000000000000000000000000000000000000000000000000000000000000;
	5301 :	000000000000000000000000000000000000000000000000000000000000000;
	5300 :	000000000000000000000000000000000000000000000000000000000000000;
	5299 :	000000000000000000000000000000000000000000000000000000000000000;
	5298 :	000000000000000000000000000000000000000000000000000000000000000;
	5297 :	000000000000000000000000000000000000000000000000000000000000000;
	5296 :	000000000000000000000000000000000000000000000000000000000000000;
	5295 :	000000000000000000000000000000000000000000000000000000000000000;
	5294 :	000000000000000000000000000000000000000000000000000000000000000;
	5293 :	000000000000000000000000000000000000000000000000000000000000000;
	5292 :	000000000000000000000000000000000000000000000000000000000000000;
	5291 :	000000000000000000000000000000000000000000000000000000000000000;
	5290 :	000000000000000000000000000000000000000000000000000000000000000;
	5289 :	000000000000000000000000000000000000000000000000000000000000000;
	5288 :	000000000000000000000000000000000000000000000000000000000000000;
	5287 :	000000000000000000000000000000000000000000000000000000000000000;
	5286 :	000000000000000000000000000000000000000000000000000000000000000;
	5285 :	000000000000000000000000000000000000000000000000000000000000000;
	5284 :	000000000000000000000000000000000000000000000000000000000000000;
	5283 :	000000000000000000000000000000000000000000000000000000000000000;
	5282 :	000000000000000000000000000000000000000000000000000000000000000;
	5281 :	000000000000000000000000000000000000000000000000000000000000000;
	5280 :	000000000000000000000000000000000000000000000000000000000000000;
	5279 :	000000000000000000000000000000000000000000000000000000000000000;
	5278 :	000000000000000000000000000000000000000000000000000000000000000;
	5277 :	000000000000000000000000000000000000000000000000000000000000000;
	5276 :	000000000000000000000000000000000000000000000000000000000000000;
	5275 :	000000000000000000000000000000000000000000000000000000000000000;
	5274 :	000000000000000000000000000000000000000000000000000000000000000;
	5273 :	000000000000000000000000000000000000000000000000000000000000000;
	5272 :	000000000000000000000000000000000000000000000000000000000000000;
	5271 :	000000000000000000000000000000000000000000000000000000000000000;
	5270 :	000000000000000000000000000000000000000000000000000000000000000;
	5269 :	000000000000000000000000000000000000000000000000000000000000000;
	5268 :	000000000000000000000000000000000000000000000000000000000000000;
	5267 :	000000000000000000000000000000000000000000000000000000000000000;
	5266 :	000000000000000000000000000000000000000000000000000000000000000;
	5265 :	000000000000000000000000000000000000000000000000000000000000000;
	5264 :	000000000000000000000000000000000000000000000000000000000000000;
	5263 :	000000000000000000000000000000000000000000000000000000000000000;
	5262 :	000000000000000000000000000000000000000000000000000000000000000;
	5261 :	000000000000000000000000000000000000000000000000000000000000000;
	5260 :	000000000000000000000000000000000000000000000000000000000000000;
	5259 :	000000000000000000000000000000000000000000000000000000000000000;
	5258 :	000000000000000000000000000000000000000000000000000000000000000;
	5257 :	000000000000000000000000000000000000000000000000000000000000000;
	5256 :	000000000000000000000000000000000000000000000000000000000000000;
	5255 :	000000000000000000000000000000000000000000000000000000000000000;
	5254 :	000000000000000000000000000000000000000000000000000000000000000;
	5253 :	000000000000000000000000000000000000000000000000000000000000000;
	5252 :	000000000000000000000000000000000000000000000000000000000000000;
	5251 :	000000000000000000000000000000000000000000000000000000000000000;
	5250 :	000000000000000000000000000000000000000000000000000000000000000;
	5249 :	000000000000000000000000000000000000000000000000000000000000000;
	5248 :	000000000000000000000000000000000000000000000000000000000000000;
	5247 :	000000000000000000000000000000000000000000000000000000000000000;
	5246 :	000000000000000000000000000000000000000000000000000000000000000;
	5245 :	000000000000000000000000000000000000000000000000000000000000000;
	5244 :	000000000000000000000000000000000000000000000000000000000000000;
	5243 :	000000000000000000000000000000000000000000000000000000000000000;
	5242 :	000000000000000000000000000000000000000000000000000000000000000;
	5241 :	000000000000000000000000000000000000000000000000000000000000000;
	5240 :	000000000000000000000000000000000000000000000000000000000000000;
	5239 :	000000000000000000000000000000000000000000000000000000000000000;
	5238 :	000000000000000000000000000000000000000000000000000000000000000;
	5237 :	000000000000000000000000000000000000000000000000000000000000000;
	5236 :	000000000000000000000000000000000000000000000000000000000000000;
	5235 :	000000000000000000000000000000000000000000000000000000000000000;
	5234 :	000000000000000000000000000000000000000000000000000000000000000;
	5233 :	000000000000000000000000000000000000000000000000000000000000000;
	5232 :	000000000000000000000000000000000000000000000000000000000000000;
	5231 :	000000000000000000000000000000000000000000000000000000000000000;
	5230 :	000000000000000000000000000000000000000000000000000000000000000;
	5229 :	000000000000000000000000000000000000000000000000000000000000000;
	5228 :	000000000000000000000000000000000000000000000000000000000000000;
	5227 :	000000000000000000000000000000000000000000000000000000000000000;
	5226 :	000000000000000000000000000000000000000000000000000000000000000;
	5225 :	000000000000000000000000000000000000000000000000000000000000000;
	5224 :	000000000000000000000000000000000000000000000000000000000000000;
	5223 :	000000000000000000000000000000000000000000000000000000000000000;
	5222 :	000000000000000000000000000000000000000000000000000000000000000;
	5221 :	000000000000000000000000000000000000000000000000000000000000000;
	5220 :	000000000000000000000000000000000000000000000000000000000000000;
	5219 :	000000000000000000000000000000000000000000000000000000000000000;
	5218 :	000000000000000000000000000000000000000000000000000000000000000;
	5217 :	000000000000000000000000000000000000000000000000000000000000000;
	5216 :	000000000000000000000000000000000000000000000000000000000000000;
	5215 :	000000000000000000000000000000000000000000000000000000000000000;
	5214 :	000000000000000000000000000000000000000000000000000000000000000;
	5213 :	000000000000000000000000000000000000000000000000000000000000000;
	5212 :	000000000000000000000000000000000000000000000000000000000000000;
	5211 :	000000000000000000000000000000000000000000000000000000000000000;
	5210 :	000000000000000000000000000000000000000000000000000000000000000;
	5209 :	000000000000000000000000000000000000000000000000000000000000000;
	5208 :	000000000000000000000000000000000000000000000000000000000000000;
	5207 :	000000000000000000000000000000000000000000000000000000000000000;
	5206 :	000000000000000000000000000000000000000000000000000000000000000;
	5205 :	000000000000000000000000000000000000000000000000000000000000000;
	5204 :	000000000000000000000000000000000000000000000000000000000000000;
	5203 :	000000000000000000000000000000000000000000000000000000000000000;
	5202 :	000000000000000000000000000000000000000000000000000000000000000;
	5201 :	000000000000000000000000000000000000000000000000000000000000000;
	5200 :	000000000000000000000000000000000000000000000000000000000000000;
	5199 :	000000000000000000000000000000000000000000000000000000000000000;
	5198 :	000000000000000000000000000000000000000000000000000000000000000;
	5197 :	000000000000000000000000000000000000000000000000000000000000000;
	5196 :	000000000000000000000000000000000000000000000000000000000000000;
	5195 :	000000000000000000000000000000000000000000000000000000000000000;
	5194 :	000000000000000000000000000000000000000000000000000000000000000;
	5193 :	000000000000000000000000000000000000000000000000000000000000000;
	5192 :	000000000000000000000000000000000000000000000000000000000000000;
	5191 :	000000000000000000000000000000000000000000000000000000000000000;
	5190 :	000000000000000000000000000000000000000000000000000000000000000;
	5189 :	000000000000000000000000000000000000000000000000000000000000000;
	5188 :	000000000000000000000000000000000000000000000000000000000000000;
	5187 :	000000000000000000000000000000000000000000000000000000000000000;
	5186 :	000000000000000000000000000000000000000000000000000000000000000;
	5185 :	000000000000000000000000000000000000000000000000000000000000000;
	5184 :	000000000000000000000000000000000000000000000000000000000000000;
	5183 :	000000000000000000000000000000000000000000000000000000000000000;
	5182 :	000000000000000000000000000000000000000000000000000000000000000;
	5181 :	000000000000000000000000000000000000000000000000000000000000000;
	5180 :	000000000000000000000000000000000000000000000000000000000000000;
	5179 :	000000000000000000000000000000000000000000000000000000000000000;
	5178 :	000000000000000000000000000000000000000000000000000000000000000;
	5177 :	000000000000000000000000000000000000000000000000000000000000000;
	5176 :	000000000000000000000000000000000000000000000000000000000000000;
	5175 :	000000000000000000000000000000000000000000000000000000000000000;
	5174 :	000000000000000000000000000000000000000000000000000000000000000;
	5173 :	000000000000000000000000000000000000000000000000000000000000000;
	5172 :	000000000000000000000000000000000000000000000000000000000000000;
	5171 :	000000000000000000000000000000000000000000000000000000000000000;
	5170 :	000000000000000000000000000000000000000000000000000000000000000;
	5169 :	000000000000000000000000000000000000000000000000000000000000000;
	5168 :	000000000000000000000000000000000000000000000000000000000000000;
	5167 :	000000000000000000000000000000000000000000000000000000000000000;
	5166 :	000000000000000000000000000000000000000000000000000000000000000;
	5165 :	000000000000000000000000000000000000000000000000000000000000000;
	5164 :	000000000000000000000000000000000000000000000000000000000000000;
	5163 :	000000000000000000000000000000000000000000000000000000000000000;
	5162 :	000000000000000000000000000000000000000000000000000000000000000;
	5161 :	000000000000000000000000000000000000000000000000000000000000000;
	5160 :	000000000000000000000000000000000000000000000000000000000000000;
	5159 :	000000000000000000000000000000000000000000000000000000000000000;
	5158 :	000000000000000000000000000000000000000000000000000000000000000;
	5157 :	000000000000000000000000000000000000000000000000000000000000000;
	5156 :	000000000000000000000000000000000000000000000000000000000000000;
	5155 :	000000000000000000000000000000000000000000000000000000000000000;
	5154 :	000000000000000000000000000000000000000000000000000000000000000;
	5153 :	000000000000000000000000000000000000000000000000000000000000000;
	5152 :	000000000000000000000000000000000000000000000000000000000000000;
	5151 :	000000000000000000000000000000000000000000000000000000000000000;
	5150 :	000000000000000000000000000000000000000000000000000000000000000;
	5149 :	000000000000000000000000000000000000000000000000000000000000000;
	5148 :	000000000000000000000000000000000000000000000000000000000000000;
	5147 :	000000000000000000000000000000000000000000000000000000000000000;
	5146 :	000000000000000000000000000000000000000000000000000000000000000;
	5145 :	000000000000000000000000000000000000000000000000000000000000000;
	5144 :	000000000000000000000000000000000000000000000000000000000000000;
	5143 :	000000000000000000000000000000000000000000000000000000000000000;
	5142 :	000000000000000000000000000000000000000000000000000000000000000;
	5141 :	000000000000000000000000000000000000000000000000000000000000000;
	5140 :	000000000000000000000000000000000000000000000000000000000000000;
	5139 :	000000000000000000000000000000000000000000000000000000000000000;
	5138 :	000000000000000000000000000000000000000000000000000000000000000;
	5137 :	000000000000000000000000000000000000000000000000000000000000000;
	5136 :	000000000000000000000000000000000000000000000000000000000000000;
	5135 :	000000000000000000000000000000000000000000000000000000000000000;
	5134 :	000000000000000000000000000000000000000000000000000000000000000;
	5133 :	000000000000000000000000000000000000000000000000000000000000000;
	5132 :	000000000000000000000000000000000000000000000000000000000000000;
	5131 :	000000000000000000000000000000000000000000000000000000000000000;
	5130 :	000000000000000000000000000000000000000000000000000000000000000;
	5129 :	000000000000000000000000000000000000000000000000000000000000000;
	5128 :	000000000000000000000000000000000000000000000000000000000000000;
	5127 :	000000000000000000000000000000000000000000000000000000000000000;
	5126 :	000000000000000000000000000000000000000000000000000000000000000;
	5125 :	000000000000000000000000000000000000000000000000000000000000000;
	5124 :	000000000000000000000000000000000000000000000000000000000000000;
	5123 :	000000000000000000000000000000000000000000000000000000000000000;
	5122 :	000000000000000000000000000000000000000000000000000000000000000;
	5121 :	000000000000000000000000000000000000000000000000000000000000000;
	5120 :	000000000000000000000000000000000000000000000000000000000000000;
	5119 :	000000000000000000000000000000000000000000000000000000000000000;
	5118 :	000000000000000000000000000000000000000000000000000000000000000;
	5117 :	000000000000000000000000000000000000000000000000000000000000000;
	5116 :	000000000000000000000000000000000000000000000000000000000000000;
	5115 :	000000000000000000000000000000000000000000000000000000000000000;
	5114 :	000000000000000000000000000000000000000000000000000000000000000;
	5113 :	000000000000000000000000000000000000000000000000000000000000000;
	5112 :	000000000000000000000000000000000000000000000000000000000000000;
	5111 :	000000000000000000000000000000000000000000000000000000000000000;
	5110 :	000000000000000000000000000000000000000000000000000000000000000;
	5109 :	000000000000000000000000000000000000000000000000000000000000000;
	5108 :	000000000000000000000000000000000000000000000000000000000000000;
	5107 :	000000000000000000000000000000000000000000000000000000000000000;
	5106 :	000000000000000000000000000000000000000000000000000000000000000;
	5105 :	000000000000000000000000000000000000000000000000000000000000000;
	5104 :	000000000000000000000000000000000000000000000000000000000000000;
	5103 :	000000000000000000000000000000000000000000000000000000000000000;
	5102 :	000000000000000000000000000000000000000000000000000000000000000;
	5101 :	000000000000000000000000000000000000000000000000000000000000000;
	5100 :	000000000000000000000000000000000000000000000000000000000000000;
	5099 :	000000000000000000000000000000000000000000000000000000000000000;
	5098 :	000000000000000000000000000000000000000000000000000000000000000;
	5097 :	000000000000000000000000000000000000000000000000000000000000000;
	5096 :	000000000000000000000000000000000000000000000000000000000000000;
	5095 :	000000000000000000000000000000000000000000000000000000000000000;
	5094 :	000000000000000000000000000000000000000000000000000000000000000;
	5093 :	000000000000000000000000000000000000000000000000000000000000000;
	5092 :	000000000000000000000000000000000000000000000000000000000000000;
	5091 :	000000000000000000000000000000000000000000000000000000000000000;
	5090 :	000000000000000000000000000000000000000000000000000000000000000;
	5089 :	000000000000000000000000000000000000000000000000000000000000000;
	5088 :	000000000000000000000000000000000000000000000000000000000000000;
	5087 :	000000000000000000000000000000000000000000000000000000000000000;
	5086 :	000000000000000000000000000000000000000000000000000000000000000;
	5085 :	000000000000000000000000000000000000000000000000000000000000000;
	5084 :	000000000000000000000000000000000000000000000000000000000000000;
	5083 :	000000000000000000000000000000000000000000000000000000000000000;
	5082 :	000000000000000000000000000000000000000000000000000000000000000;
	5081 :	000000000000000000000000000000000000000000000000000000000000000;
	5080 :	000000000000000000000000000000000000000000000000000000000000000;
	5079 :	000000000000000000000000000000000000000000000000000000000000000;
	5078 :	000000000000000000000000000000000000000000000000000000000000000;
	5077 :	000000000000000000000000000000000000000000000000000000000000000;
	5076 :	000000000000000000000000000000000000000000000000000000000000000;
	5075 :	000000000000000000000000000000000000000000000000000000000000000;
	5074 :	000000000000000000000000000000000000000000000000000000000000000;
	5073 :	000000000000000000000000000000000000000000000000000000000000000;
	5072 :	000000000000000000000000000000000000000000000000000000000000000;
	5071 :	000000000000000000000000000000000000000000000000000000000000000;
	5070 :	000000000000000000000000000000000000000000000000000000000000000;
	5069 :	000000000000000000000000000000000000000000000000000000000000000;
	5068 :	000000000000000000000000000000000000000000000000000000000000000;
	5067 :	000000000000000000000000000000000000000000000000000000000000000;
	5066 :	000000000000000000000000000000000000000000000000000000000000000;
	5065 :	000000000000000000000000000000000000000000000000000000000000000;
	5064 :	000000000000000000000000000000000000000000000000000000000000000;
	5063 :	000000000000000000000000000000000000000000000000000000000000000;
	5062 :	000000000000000000000000000000000000000000000000000000000000000;
	5061 :	000000000000000000000000000000000000000000000000000000000000000;
	5060 :	000000000000000000000000000000000000000000000000000000000000000;
	5059 :	000000000000000000000000000000000000000000000000000000000000000;
	5058 :	000000000000000000000000000000000000000000000000000000000000000;
	5057 :	000000000000000000000000000000000000000000000000000000000000000;
	5056 :	000000000000000000000000000000000000000000000000000000000000000;
	5055 :	000000000000000000000000000000000000000000000000000000000000000;
	5054 :	000000000000000000000000000000000000000000000000000000000000000;
	5053 :	000000000000000000000000000000000000000000000000000000000000000;
	5052 :	000000000000000000000000000000000000000000000000000000000000000;
	5051 :	000000000000000000000000000000000000000000000000000000000000000;
	5050 :	000000000000000000000000000000000000000000000000000000000000000;
	5049 :	000000000000000000000000000000000000000000000000000000000000000;
	5048 :	000000000000000000000000000000000000000000000000000000000000000;
	5047 :	000000000000000000000000000000000000000000000000000000000000000;
	5046 :	000000000000000000000000000000000000000000000000000000000000000;
	5045 :	000000000000000000000000000000000000000000000000000000000000000;
	5044 :	000000000000000000000000000000000000000000000000000000000000000;
	5043 :	000000000000000000000000000000000000000000000000000000000000000;
	5042 :	000000000000000000000000000000000000000000000000000000000000000;
	5041 :	000000000000000000000000000000000000000000000000000000000000000;
	5040 :	000000000000000000000000000000000000000000000000000000000000000;
	5039 :	000000000000000000000000000000000000000000000000000000000000000;
	5038 :	000000000000000000000000000000000000000000000000000000000000000;
	5037 :	000000000000000000000000000000000000000000000000000000000000000;
	5036 :	000000000000000000000000000000000000000000000000000000000000000;
	5035 :	000000000000000000000000000000000000000000000000000000000000000;
	5034 :	000000000000000000000000000000000000000000000000000000000000000;
	5033 :	000000000000000000000000000000000000000000000000000000000000000;
	5032 :	000000000000000000000000000000000000000000000000000000000000000;
	5031 :	000000000000000000000000000000000000000000000000000000000000000;
	5030 :	000000000000000000000000000000000000000000000000000000000000000;
	5029 :	000000000000000000000000000000000000000000000000000000000000000;
	5028 :	000000000000000000000000000000000000000000000000000000000000000;
	5027 :	000000000000000000000000000000000000000000000000000000000000000;
	5026 :	000000000000000000000000000000000000000000000000000000000000000;
	5025 :	000000000000000000000000000000000000000000000000000000000000000;
	5024 :	000000000000000000000000000000000000000000000000000000000000000;
	5023 :	000000000000000000000000000000000000000000000000000000000000000;
	5022 :	000000000000000000000000000000000000000000000000000000000000000;
	5021 :	000000000000000000000000000000000000000000000000000000000000000;
	5020 :	000000000000000000000000000000000000000000000000000000000000000;
	5019 :	000000000000000000000000000000000000000000000000000000000000000;
	5018 :	000000000000000000000000000000000000000000000000000000000000000;
	5017 :	000000000000000000000000000000000000000000000000000000000000000;
	5016 :	000000000000000000000000000000000000000000000000000000000000000;
	5015 :	000000000000000000000000000000000000000000000000000000000000000;
	5014 :	000000000000000000000000000000000000000000000000000000000000000;
	5013 :	000000000000000000000000000000000000000000000000000000000000000;
	5012 :	000000000000000000000000000000000000000000000000000000000000000;
	5011 :	000000000000000000000000000000000000000000000000000000000000000;
	5010 :	000000000000000000000000000000000000000000000000000000000000000;
	5009 :	000000000000000000000000000000000000000000000000000000000000000;
	5008 :	000000000000000000000000000000000000000000000000000000000000000;
	5007 :	000000000000000000000000000000000000000000000000000000000000000;
	5006 :	000000000000000000000000000000000000000000000000000000000000000;
	5005 :	000000000000000000000000000000000000000000000000000000000000000;
	5004 :	000000000000000000000000000000000000000000000000000000000000000;
	5003 :	000000000000000000000000000000000000000000000000000000000000000;
	5002 :	000000000000000000000000000000000000000000000000000000000000000;
	5001 :	000000000000000000000000000000000000000000000000000000000000000;
	5000 :	000000000000000000000000000000000000000000000000000000000000000;
	4999 :	000000000000000000000000000000000000000000000000000000000000000;
	4998 :	000000000000000000000000000000000000000000000000000000000000000;
	4997 :	000000000000000000000000000000000000000000000000000000000000000;
	4996 :	000000000000000000000000000000000000000000000000000000000000000;
	4995 :	000000000000000000000000000000000000000000000000000000000000000;
	4994 :	000000000000000000000000000000000000000000000000000000000000000;
	4993 :	000000000000000000000000000000000000000000000000000000000000000;
	4992 :	000000000000000000000000000000000000000000000000000000000000000;
	4991 :	000000000000000000000000000000000000000000000000000000000000000;
	4990 :	000000000000000000000000000000000000000000000000000000000000000;
	4989 :	000000000000000000000000000000000000000000000000000000000000000;
	4988 :	000000000000000000000000000000000000000000000000000000000000000;
	4987 :	000000000000000000000000000000000000000000000000000000000000000;
	4986 :	000000000000000000000000000000000000000000000000000000000000000;
	4985 :	000000000000000000000000000000000000000000000000000000000000000;
	4984 :	000000000000000000000000000000000000000000000000000000000000000;
	4983 :	000000000000000000000000000000000000000000000000000000000000000;
	4982 :	000000000000000000000000000000000000000000000000000000000000000;
	4981 :	000000000000000000000000000000000000000000000000000000000000000;
	4980 :	000000000000000000000000000000000000000000000000000000000000000;
	4979 :	000000000000000000000000000000000000000000000000000000000000000;
	4978 :	000000000000000000000000000000000000000000000000000000000000000;
	4977 :	000000000000000000000000000000000000000000000000000000000000000;
	4976 :	000000000000000000000000000000000000000000000000000000000000000;
	4975 :	000000000000000000000000000000000000000000000000000000000000000;
	4974 :	000000000000000000000000000000000000000000000000000000000000000;
	4973 :	000000000000000000000000000000000000000000000000000000000000000;
	4972 :	000000000000000000000000000000000000000000000000000000000000000;
	4971 :	000000000000000000000000000000000000000000000000000000000000000;
	4970 :	000000000000000000000000000000000000000000000000000000000000000;
	4969 :	000000000000000000000000000000000000000000000000000000000000000;
	4968 :	000000000000000000000000000000000000000000000000000000000000000;
	4967 :	000000000000000000000000000000000000000000000000000000000000000;
	4966 :	000000000000000000000000000000000000000000000000000000000000000;
	4965 :	000000000000000000000000000000000000000000000000000000000000000;
	4964 :	000000000000000000000000000000000000000000000000000000000000000;
	4963 :	000000000000000000000000000000000000000000000000000000000000000;
	4962 :	000000000000000000000000000000000000000000000000000000000000000;
	4961 :	000000000000000000000000000000000000000000000000000000000000000;
	4960 :	000000000000000000000000000000000000000000000000000000000000000;
	4959 :	000000000000000000000000000000000000000000000000000000000000000;
	4958 :	000000000000000000000000000000000000000000000000000000000000000;
	4957 :	000000000000000000000000000000000000000000000000000000000000000;
	4956 :	000000000000000000000000000000000000000000000000000000000000000;
	4955 :	000000000000000000000000000000000000000000000000000000000000000;
	4954 :	000000000000000000000000000000000000000000000000000000000000000;
	4953 :	000000000000000000000000000000000000000000000000000000000000000;
	4952 :	000000000000000000000000000000000000000000000000000000000000000;
	4951 :	000000000000000000000000000000000000000000000000000000000000000;
	4950 :	000000000000000000000000000000000000000000000000000000000000000;
	4949 :	000000000000000000000000000000000000000000000000000000000000000;
	4948 :	000000000000000000000000000000000000000000000000000000000000000;
	4947 :	000000000000000000000000000000000000000000000000000000000000000;
	4946 :	000000000000000000000000000000000000000000000000000000000000000;
	4945 :	000000000000000000000000000000000000000000000000000000000000000;
	4944 :	000000000000000000000000000000000000000000000000000000000000000;
	4943 :	000000000000000000000000000000000000000000000000000000000000000;
	4942 :	000000000000000000000000000000000000000000000000000000000000000;
	4941 :	000000000000000000000000000000000000000000000000000000000000000;
	4940 :	000000000000000000000000000000000000000000000000000000000000000;
	4939 :	000000000000000000000000000000000000000000000000000000000000000;
	4938 :	000000000000000000000000000000000000000000000000000000000000000;
	4937 :	000000000000000000000000000000000000000000000000000000000000000;
	4936 :	000000000000000000000000000000000000000000000000000000000000000;
	4935 :	000000000000000000000000000000000000000000000000000000000000000;
	4934 :	000000000000000000000000000000000000000000000000000000000000000;
	4933 :	000000000000000000000000000000000000000000000000000000000000000;
	4932 :	000000000000000000000000000000000000000000000000000000000000000;
	4931 :	000000000000000000000000000000000000000000000000000000000000000;
	4930 :	000000000000000000000000000000000000000000000000000000000000000;
	4929 :	000000000000000000000000000000000000000000000000000000000000000;
	4928 :	000000000000000000000000000000000000000000000000000000000000000;
	4927 :	000000000000000000000000000000000000000000000000000000000000000;
	4926 :	000000000000000000000000000000000000000000000000000000000000000;
	4925 :	000000000000000000000000000000000000000000000000000000000000000;
	4924 :	000000000000000000000000000000000000000000000000000000000000000;
	4923 :	000000000000000000000000000000000000000000000000000000000000000;
	4922 :	000000000000000000000000000000000000000000000000000000000000000;
	4921 :	000000000000000000000000000000000000000000000000000000000000000;
	4920 :	000000000000000000000000000000000000000000000000000000000000000;
	4919 :	000000000000000000000000000000000000000000000000000000000000000;
	4918 :	000000000000000000000000000000000000000000000000000000000000000;
	4917 :	000000000000000000000000000000000000000000000000000000000000000;
	4916 :	000000000000000000000000000000000000000000000000000000000000000;
	4915 :	000000000000000000000000000000000000000000000000000000000000000;
	4914 :	000000000000000000000000000000000000000000000000000000000000000;
	4913 :	000000000000000000000000000000000000000000000000000000000000000;
	4912 :	000000000000000000000000000000000000000000000000000000000000000;
	4911 :	000000000000000000000000000000000000000000000000000000000000000;
	4910 :	000000000000000000000000000000000000000000000000000000000000000;
	4909 :	000000000000000000000000000000000000000000000000000000000000000;
	4908 :	000000000000000000000000000000000000000000000000000000000000000;
	4907 :	000000000000000000000000000000000000000000000000000000000000000;
	4906 :	000000000000000000000000000000000000000000000000000000000000000;
	4905 :	000000000000000000000000000000000000000000000000000000000000000;
	4904 :	000000000000000000000000000000000000000000000000000000000000000;
	4903 :	000000000000000000000000000000000000000000000000000000000000000;
	4902 :	000000000000000000000000000000000000000000000000000000000000000;
	4901 :	000000000000000000000000000000000000000000000000000000000000000;
	4900 :	000000000000000000000000000000000000000000000000000000000000000;
	4899 :	000000000000000000000000000000000000000000000000000000000000000;
	4898 :	000000000000000000000000000000000000000000000000000000000000000;
	4897 :	000000000000000000000000000000000000000000000000000000000000000;
	4896 :	000000000000000000000000000000000000000000000000000000000000000;
	4895 :	000000000000000000000000000000000000000000000000000000000000000;
	4894 :	000000000000000000000000000000000000000000000000000000000000000;
	4893 :	000000000000000000000000000000000000000000000000000000000000000;
	4892 :	000000000000000000000000000000000000000000000000000000000000000;
	4891 :	000000000000000000000000000000000000000000000000000000000000000;
	4890 :	000000000000000000000000000000000000000000000000000000000000000;
	4889 :	000000000000000000000000000000000000000000000000000000000000000;
	4888 :	000000000000000000000000000000000000000000000000000000000000000;
	4887 :	000000000000000000000000000000000000000000000000000000000000000;
	4886 :	000000000000000000000000000000000000000000000000000000000000000;
	4885 :	000000000000000000000000000000000000000000000000000000000000000;
	4884 :	000000000000000000000000000000000000000000000000000000000000000;
	4883 :	000000000000000000000000000000000000000000000000000000000000000;
	4882 :	000000000000000000000000000000000000000000000000000000000000000;
	4881 :	000000000000000000000000000000000000000000000000000000000000000;
	4880 :	000000000000000000000000000000000000000000000000000000000000000;
	4879 :	000000000000000000000000000000000000000000000000000000000000000;
	4878 :	000000000000000000000000000000000000000000000000000000000000000;
	4877 :	000000000000000000000000000000000000000000000000000000000000000;
	4876 :	000000000000000000000000000000000000000000000000000000000000000;
	4875 :	000000000000000000000000000000000000000000000000000000000000000;
	4874 :	000000000000000000000000000000000000000000000000000000000000000;
	4873 :	000000000000000000000000000000000000000000000000000000000000000;
	4872 :	000000000000000000000000000000000000000000000000000000000000000;
	4871 :	000000000000000000000000000000000000000000000000000000000000000;
	4870 :	000000000000000000000000000000000000000000000000000000000000000;
	4869 :	000000000000000000000000000000000000000000000000000000000000000;
	4868 :	000000000000000000000000000000000000000000000000000000000000000;
	4867 :	000000000000000000000000000000000000000000000000000000000000000;
	4866 :	000000000000000000000000000000000000000000000000000000000000000;
	4865 :	000000000000000000000000000000000000000000000000000000000000000;
	4864 :	000000000000000000000000000000000000000000000000000000000000000;
	4863 :	000000000000000000000000000000000000000000000000000000000000000;
	4862 :	000000000000000000000000000000000000000000000000000000000000000;
	4861 :	000000000000000000000000000000000000000000000000000000000000000;
	4860 :	000000000000000000000000000000000000000000000000000000000000000;
	4859 :	000000000000000000000000000000000000000000000000000000000000000;
	4858 :	000000000000000000000000000000000000000000000000000000000000000;
	4857 :	000000000000000000000000000000000000000000000000000000000000000;
	4856 :	000000000000000000000000000000000000000000000000000000000000000;
	4855 :	000000000000000000000000000000000000000000000000000000000000000;
	4854 :	000000000000000000000000000000000000000000000000000000000000000;
	4853 :	000000000000000000000000000000000000000000000000000000000000000;
	4852 :	000000000000000000000000000000000000000000000000000000000000000;
	4851 :	000000000000000000000000000000000000000000000000000000000000000;
	4850 :	000000000000000000000000000000000000000000000000000000000000000;
	4849 :	000000000000000000000000000000000000000000000000000000000000000;
	4848 :	000000000000000000000000000000000000000000000000000000000000000;
	4847 :	000000000000000000000000000000000000000000000000000000000000000;
	4846 :	000000000000000000000000000000000000000000000000000000000000000;
	4845 :	000000000000000000000000000000000000000000000000000000000000000;
	4844 :	000000000000000000000000000000000000000000000000000000000000000;
	4843 :	000000000000000000000000000000000000000000000000000000000000000;
	4842 :	000000000000000000000000000000000000000000000000000000000000000;
	4841 :	000000000000000000000000000000000000000000000000000000000000000;
	4840 :	000000000000000000000000000000000000000000000000000000000000000;
	4839 :	000000000000000000000000000000000000000000000000000000000000000;
	4838 :	000000000000000000000000000000000000000000000000000000000000000;
	4837 :	000000000000000000000000000000000000000000000000000000000000000;
	4836 :	000000000000000000000000000000000000000000000000000000000000000;
	4835 :	000000000000000000000000000000000000000000000000000000000000000;
	4834 :	000000000000000000000000000000000000000000000000000000000000000;
	4833 :	000000000000000000000000000000000000000000000000000000000000000;
	4832 :	000000000000000000000000000000000000000000000000000000000000000;
	4831 :	000000000000000000000000000000000000000000000000000000000000000;
	4830 :	000000000000000000000000000000000000000000000000000000000000000;
	4829 :	000000000000000000000000000000000000000000000000000000000000000;
	4828 :	000000000000000000000000000000000000000000000000000000000000000;
	4827 :	000000000000000000000000000000000000000000000000000000000000000;
	4826 :	000000000000000000000000000000000000000000000000000000000000000;
	4825 :	000000000000000000000000000000000000000000000000000000000000000;
	4824 :	000000000000000000000000000000000000000000000000000000000000000;
	4823 :	000000000000000000000000000000000000000000000000000000000000000;
	4822 :	000000000000000000000000000000000000000000000000000000000000000;
	4821 :	000000000000000000000000000000000000000000000000000000000000000;
	4820 :	000000000000000000000000000000000000000000000000000000000000000;
	4819 :	000000000000000000000000000000000000000000000000000000000000000;
	4818 :	000000000000000000000000000000000000000000000000000000000000000;
	4817 :	000000000000000000000000000000000000000000000000000000000000000;
	4816 :	000000000000000000000000000000000000000000000000000000000000000;
	4815 :	000000000000000000000000000000000000000000000000000000000000000;
	4814 :	000000000000000000000000000000000000000000000000000000000000000;
	4813 :	000000000000000000000000000000000000000000000000000000000000000;
	4812 :	000000000000000000000000000000000000000000000000000000000000000;
	4811 :	000000000000000000000000000000000000000000000000000000000000000;
	4810 :	000000000000000000000000000000000000000000000000000000000000000;
	4809 :	000000000000000000000000000000000000000000000000000000000000000;
	4808 :	000000000000000000000000000000000000000000000000000000000000000;
	4807 :	000000000000000000000000000000000000000000000000000000000000000;
	4806 :	000000000000000000000000000000000000000000000000000000000000000;
	4805 :	000000000000000000000000000000000000000000000000000000000000000;
	4804 :	000000000000000000000000000000000000000000000000000000000000000;
	4803 :	000000000000000000000000000000000000000000000000000000000000000;
	4802 :	000000000000000000000000000000000000000000000000000000000000000;
	4801 :	000000000000000000000000000000000000000000000000000000000000000;
	4800 :	000000000000000000000000000000000000000000000000000000000000000;
	4799 :	000000000000000000000000000000000000000000000000000000000000000;
	4798 :	000000000000000000000000000000000000000000000000000000000000000;
	4797 :	000000000000000000000000000000000000000000000000000000000000000;
	4796 :	000000000000000000000000000000000000000000000000000000000000000;
	4795 :	000000000000000000000000000000000000000000000000000000000000000;
	4794 :	000000000000000000000000000000000000000000000000000000000000000;
	4793 :	000000000000000000000000000000000000000000000000000000000000000;
	4792 :	000000000000000000000000000000000000000000000000000000000000000;
	4791 :	000000000000000000000000000000000000000000000000000000000000000;
	4790 :	000000000000000000000000000000000000000000000000000000000000000;
	4789 :	000000000000000000000000000000000000000000000000000000000000000;
	4788 :	000000000000000000000000000000000000000000000000000000000000000;
	4787 :	000000000000000000000000000000000000000000000000000000000000000;
	4786 :	000000000000000000000000000000000000000000000000000000000000000;
	4785 :	000000000000000000000000000000000000000000000000000000000000000;
	4784 :	000000000000000000000000000000000000000000000000000000000000000;
	4783 :	000000000000000000000000000000000000000000000000000000000000000;
	4782 :	000000000000000000000000000000000000000000000000000000000000000;
	4781 :	000000000000000000000000000000000000000000000000000000000000000;
	4780 :	000000000000000000000000000000000000000000000000000000000000000;
	4779 :	000000000000000000000000000000000000000000000000000000000000000;
	4778 :	000000000000000000000000000000000000000000000000000000000000000;
	4777 :	000000000000000000000000000000000000000000000000000000000000000;
	4776 :	000000000000000000000000000000000000000000000000000000000000000;
	4775 :	000000000000000000000000000000000000000000000000000000000000000;
	4774 :	000000000000000000000000000000000000000000000000000000000000000;
	4773 :	000000000000000000000000000000000000000000000000000000000000000;
	4772 :	000000000000000000000000000000000000000000000000000000000000000;
	4771 :	000000000000000000000000000000000000000000000000000000000000000;
	4770 :	000000000000000000000000000000000000000000000000000000000000000;
	4769 :	000000000000000000000000000000000000000000000000000000000000000;
	4768 :	000000000000000000000000000000000000000000000000000000000000000;
	4767 :	000000000000000000000000000000000000000000000000000000000000000;
	4766 :	000000000000000000000000000000000000000000000000000000000000000;
	4765 :	000000000000000000000000000000000000000000000000000000000000000;
	4764 :	000000000000000000000000000000000000000000000000000000000000000;
	4763 :	000000000000000000000000000000000000000000000000000000000000000;
	4762 :	000000000000000000000000000000000000000000000000000000000000000;
	4761 :	000000000000000000000000000000000000000000000000000000000000000;
	4760 :	000000000000000000000000000000000000000000000000000000000000000;
	4759 :	000000000000000000000000000000000000000000000000000000000000000;
	4758 :	000000000000000000000000000000000000000000000000000000000000000;
	4757 :	000000000000000000000000000000000000000000000000000000000000000;
	4756 :	000000000000000000000000000000000000000000000000000000000000000;
	4755 :	000000000000000000000000000000000000000000000000000000000000000;
	4754 :	000000000000000000000000000000000000000000000000000000000000000;
	4753 :	000000000000000000000000000000000000000000000000000000000000000;
	4752 :	000000000000000000000000000000000000000000000000000000000000000;
	4751 :	000000000000000000000000000000000000000000000000000000000000000;
	4750 :	000000000000000000000000000000000000000000000000000000000000000;
	4749 :	000000000000000000000000000000000000000000000000000000000000000;
	4748 :	000000000000000000000000000000000000000000000000000000000000000;
	4747 :	000000000000000000000000000000000000000000000000000000000000000;
	4746 :	000000000000000000000000000000000000000000000000000000000000000;
	4745 :	000000000000000000000000000000000000000000000000000000000000000;
	4744 :	000000000000000000000000000000000000000000000000000000000000000;
	4743 :	000000000000000000000000000000000000000000000000000000000000000;
	4742 :	000000000000000000000000000000000000000000000000000000000000000;
	4741 :	000000000000000000000000000000000000000000000000000000000000000;
	4740 :	000000000000000000000000000000000000000000000000000000000000000;
	4739 :	000000000000000000000000000000000000000000000000000000000000000;
	4738 :	000000000000000000000000000000000000000000000000000000000000000;
	4737 :	000000000000000000000000000000000000000000000000000000000000000;
	4736 :	000000000000000000000000000000000000000000000000000000000000000;
	4735 :	000000000000000000000000000000000000000000000000000000000000000;
	4734 :	000000000000000000000000000000000000000000000000000000000000000;
	4733 :	000000000000000000000000000000000000000000000000000000000000000;
	4732 :	000000000000000000000000000000000000000000000000000000000000000;
	4731 :	000000000000000000000000000000000000000000000000000000000000000;
	4730 :	000000000000000000000000000000000000000000000000000000000000000;
	4729 :	000000000000000000000000000000000000000000000000000000000000000;
	4728 :	000000000000000000000000000000000000000000000000000000000000000;
	4727 :	000000000000000000000000000000000000000000000000000000000000000;
	4726 :	000000000000000000000000000000000000000000000000000000000000000;
	4725 :	000000000000000000000000000000000000000000000000000000000000000;
	4724 :	000000000000000000000000000000000000000000000000000000000000000;
	4723 :	000000000000000000000000000000000000000000000000000000000000000;
	4722 :	000000000000000000000000000000000000000000000000000000000000000;
	4721 :	000000000000000000000000000000000000000000000000000000000000000;
	4720 :	000000000000000000000000000000000000000000000000000000000000000;
	4719 :	000000000000000000000000000000000000000000000000000000000000000;
	4718 :	000000000000000000000000000000000000000000000000000000000000000;
	4717 :	000000000000000000000000000000000000000000000000000000000000000;
	4716 :	000000000000000000000000000000000000000000000000000000000000000;
	4715 :	000000000000000000000000000000000000000000000000000000000000000;
	4714 :	000000000000000000000000000000000000000000000000000000000000000;
	4713 :	000000000000000000000000000000000000000000000000000000000000000;
	4712 :	000000000000000000000000000000000000000000000000000000000000000;
	4711 :	000000000000000000000000000000000000000000000000000000000000000;
	4710 :	000000000000000000000000000000000000000000000000000000000000000;
	4709 :	000000000000000000000000000000000000000000000000000000000000000;
	4708 :	000000000000000000000000000000000000000000000000000000000000000;
	4707 :	000000000000000000000000000000000000000000000000000000000000000;
	4706 :	000000000000000000000000000000000000000000000000000000000000000;
	4705 :	000000000000000000000000000000000000000000000000000000000000000;
	4704 :	000000000000000000000000000000000000000000000000000000000000000;
	4703 :	000000000000000000000000000000000000000000000000000000000000000;
	4702 :	000000000000000000000000000000000000000000000000000000000000000;
	4701 :	000000000000000000000000000000000000000000000000000000000000000;
	4700 :	000000000000000000000000000000000000000000000000000000000000000;
	4699 :	000000000000000000000000000000000000000000000000000000000000000;
	4698 :	000000000000000000000000000000000000000000000000000000000000000;
	4697 :	000000000000000000000000000000000000000000000000000000000000000;
	4696 :	000000000000000000000000000000000000000000000000000000000000000;
	4695 :	000000000000000000000000000000000000000000000000000000000000000;
	4694 :	000000000000000000000000000000000000000000000000000000000000000;
	4693 :	000000000000000000000000000000000000000000000000000000000000000;
	4692 :	000000000000000000000000000000000000000000000000000000000000000;
	4691 :	000000000000000000000000000000000000000000000000000000000000000;
	4690 :	000000000000000000000000000000000000000000000000000000000000000;
	4689 :	000000000000000000000000000000000000000000000000000000000000000;
	4688 :	000000000000000000000000000000000000000000000000000000000000000;
	4687 :	000000000000000000000000000000000000000000000000000000000000000;
	4686 :	000000000000000000000000000000000000000000000000000000000000000;
	4685 :	000000000000000000000000000000000000000000000000000000000000000;
	4684 :	000000000000000000000000000000000000000000000000000000000000000;
	4683 :	000000000000000000000000000000000000000000000000000000000000000;
	4682 :	000000000000000000000000000000000000000000000000000000000000000;
	4681 :	000000000000000000000000000000000000000000000000000000000000000;
	4680 :	000000000000000000000000000000000000000000000000000000000000000;
	4679 :	000000000000000000000000000000000000000000000000000000000000000;
	4678 :	000000000000000000000000000000000000000000000000000000000000000;
	4677 :	000000000000000000000000000000000000000000000000000000000000000;
	4676 :	000000000000000000000000000000000000000000000000000000000000000;
	4675 :	000000000000000000000000000000000000000000000000000000000000000;
	4674 :	000000000000000000000000000000000000000000000000000000000000000;
	4673 :	000000000000000000000000000000000000000000000000000000000000000;
	4672 :	000000000000000000000000000000000000000000000000000000000000000;
	4671 :	000000000000000000000000000000000000000000000000000000000000000;
	4670 :	000000000000000000000000000000000000000000000000000000000000000;
	4669 :	000000000000000000000000000000000000000000000000000000000000000;
	4668 :	000000000000000000000000000000000000000000000000000000000000000;
	4667 :	000000000000000000000000000000000000000000000000000000000000000;
	4666 :	000000000000000000000000000000000000000000000000000000000000000;
	4665 :	000000000000000000000000000000000000000000000000000000000000000;
	4664 :	000000000000000000000000000000000000000000000000000000000000000;
	4663 :	000000000000000000000000000000000000000000000000000000000000000;
	4662 :	000000000000000000000000000000000000000000000000000000000000000;
	4661 :	000000000000000000000000000000000000000000000000000000000000000;
	4660 :	000000000000000000000000000000000000000000000000000000000000000;
	4659 :	000000000000000000000000000000000000000000000000000000000000000;
	4658 :	000000000000000000000000000000000000000000000000000000000000000;
	4657 :	000000000000000000000000000000000000000000000000000000000000000;
	4656 :	000000000000000000000000000000000000000000000000000000000000000;
	4655 :	000000000000000000000000000000000000000000000000000000000000000;
	4654 :	000000000000000000000000000000000000000000000000000000000000000;
	4653 :	000000000000000000000000000000000000000000000000000000000000000;
	4652 :	000000000000000000000000000000000000000000000000000000000000000;
	4651 :	000000000000000000000000000000000000000000000000000000000000000;
	4650 :	000000000000000000000000000000000000000000000000000000000000000;
	4649 :	000000000000000000000000000000000000000000000000000000000000000;
	4648 :	000000000000000000000000000000000000000000000000000000000000000;
	4647 :	000000000000000000000000000000000000000000000000000000000000000;
	4646 :	000000000000000000000000000000000000000000000000000000000000000;
	4645 :	000000000000000000000000000000000000000000000000000000000000000;
	4644 :	000000000000000000000000000000000000000000000000000000000000000;
	4643 :	000000000000000000000000000000000000000000000000000000000000000;
	4642 :	000000000000000000000000000000000000000000000000000000000000000;
	4641 :	000000000000000000000000000000000000000000000000000000000000000;
	4640 :	000000000000000000000000000000000000000000000000000000000000000;
	4639 :	000000000000000000000000000000000000000000000000000000000000000;
	4638 :	000000000000000000000000000000000000000000000000000000000000000;
	4637 :	000000000000000000000000000000000000000000000000000000000000000;
	4636 :	000000000000000000000000000000000000000000000000000000000000000;
	4635 :	000000000000000000000000000000000000000000000000000000000000000;
	4634 :	000000000000000000000000000000000000000000000000000000000000000;
	4633 :	000000000000000000000000000000000000000000000000000000000000000;
	4632 :	000000000000000000000000000000000000000000000000000000000000000;
	4631 :	000000000000000000000000000000000000000000000000000000000000000;
	4630 :	000000000000000000000000000000000000000000000000000000000000000;
	4629 :	000000000000000000000000000000000000000000000000000000000000000;
	4628 :	000000000000000000000000000000000000000000000000000000000000000;
	4627 :	000000000000000000000000000000000000000000000000000000000000000;
	4626 :	000000000000000000000000000000000000000000000000000000000000000;
	4625 :	000000000000000000000000000000000000000000000000000000000000000;
	4624 :	000000000000000000000000000000000000000000000000000000000000000;
	4623 :	000000000000000000000000000000000000000000000000000000000000000;
	4622 :	000000000000000000000000000000000000000000000000000000000000000;
	4621 :	000000000000000000000000000000000000000000000000000000000000000;
	4620 :	000000000000000000000000000000000000000000000000000000000000000;
	4619 :	000000000000000000000000000000000000000000000000000000000000000;
	4618 :	000000000000000000000000000000000000000000000000000000000000000;
	4617 :	000000000000000000000000000000000000000000000000000000000000000;
	4616 :	000000000000000000000000000000000000000000000000000000000000000;
	4615 :	000000000000000000000000000000000000000000000000000000000000000;
	4614 :	000000000000000000000000000000000000000000000000000000000000000;
	4613 :	000000000000000000000000000000000000000000000000000000000000000;
	4612 :	000000000000000000000000000000000000000000000000000000000000000;
	4611 :	000000000000000000000000000000000000000000000000000000000000000;
	4610 :	000000000000000000000000000000000000000000000000000000000000000;
	4609 :	000000000000000000000000000000000000000000000000000000000000000;
	4608 :	000000000000000000000000000000000000000000000000000000000000000;
	4607 :	000000000000000000000000000000000000000000000000000000000000000;
	4606 :	000000000000000000000000000000000000000000000000000000000000000;
	4605 :	000000000000000000000000000000000000000000000000000000000000000;
	4604 :	000000000000000000000000000000000000000000000000000000000000000;
	4603 :	000000000000000000000000000000000000000000000000000000000000000;
	4602 :	000000000000000000000000000000000000000000000000000000000000000;
	4601 :	000000000000000000000000000000000000000000000000000000000000000;
	4600 :	000000000000000000000000000000000000000000000000000000000000000;
	4599 :	000000000000000000000000000000000000000000000000000000000000000;
	4598 :	000000000000000000000000000000000000000000000000000000000000000;
	4597 :	000000000000000000000000000000000000000000000000000000000000000;
	4596 :	000000000000000000000000000000000000000000000000000000000000000;
	4595 :	000000000000000000000000000000000000000000000000000000000000000;
	4594 :	000000000000000000000000000000000000000000000000000000000000000;
	4593 :	000000000000000000000000000000000000000000000000000000000000000;
	4592 :	000000000000000000000000000000000000000000000000000000000000000;
	4591 :	000000000000000000000000000000000000000000000000000000000000000;
	4590 :	000000000000000000000000000000000000000000000000000000000000000;
	4589 :	000000000000000000000000000000000000000000000000000000000000000;
	4588 :	000000000000000000000000000000000000000000000000000000000000000;
	4587 :	000000000000000000000000000000000000000000000000000000000000000;
	4586 :	000000000000000000000000000000000000000000000000000000000000000;
	4585 :	000000000000000000000000000000000000000000000000000000000000000;
	4584 :	000000000000000000000000000000000000000000000000000000000000000;
	4583 :	000000000000000000000000000000000000000000000000000000000000000;
	4582 :	000000000000000000000000000000000000000000000000000000000000000;
	4581 :	000000000000000000000000000000000000000000000000000000000000000;
	4580 :	000000000000000000000000000000000000000000000000000000000000000;
	4579 :	000000000000000000000000000000000000000000000000000000000000000;
	4578 :	000000000000000000000000000000000000000000000000000000000000000;
	4577 :	000000000000000000000000000000000000000000000000000000000000000;
	4576 :	000000000000000000000000000000000000000000000000000000000000000;
	4575 :	000000000000000000000000000000000000000000000000000000000000000;
	4574 :	000000000000000000000000000000000000000000000000000000000000000;
	4573 :	000000000000000000000000000000000000000000000000000000000000000;
	4572 :	000000000000000000000000000000000000000000000000000000000000000;
	4571 :	000000000000000000000000000000000000000000000000000000000000000;
	4570 :	000000000000000000000000000000000000000000000000000000000000000;
	4569 :	000000000000000000000000000000000000000000000000000000000000000;
	4568 :	000000000000000000000000000000000000000000000000000000000000000;
	4567 :	000000000000000000000000000000000000000000000000000000000000000;
	4566 :	000000000000000000000000000000000000000000000000000000000000000;
	4565 :	000000000000000000000000000000000000000000000000000000000000000;
	4564 :	000000000000000000000000000000000000000000000000000000000000000;
	4563 :	000000000000000000000000000000000000000000000000000000000000000;
	4562 :	000000000000000000000000000000000000000000000000000000000000000;
	4561 :	000000000000000000000000000000000000000000000000000000000000000;
	4560 :	000000000000000000000000000000000000000000000000000000000000000;
	4559 :	000000000000000000000000000000000000000000000000000000000000000;
	4558 :	000000000000000000000000000000000000000000000000000000000000000;
	4557 :	000000000000000000000000000000000000000000000000000000000000000;
	4556 :	000000000000000000000000000000000000000000000000000000000000000;
	4555 :	000000000000000000000000000000000000000000000000000000000000000;
	4554 :	000000000000000000000000000000000000000000000000000000000000000;
	4553 :	000000000000000000000000000000000000000000000000000000000000000;
	4552 :	000000000000000000000000000000000000000000000000000000000000000;
	4551 :	000000000000000000000000000000000000000000000000000000000000000;
	4550 :	000000000000000000000000000000000000000000000000000000000000000;
	4549 :	000000000000000000000000000000000000000000000000000000000000000;
	4548 :	000000000000000000000000000000000000000000000000000000000000000;
	4547 :	000000000000000000000000000000000000000000000000000000000000000;
	4546 :	000000000000000000000000000000000000000000000000000000000000000;
	4545 :	000000000000000000000000000000000000000000000000000000000000000;
	4544 :	000000000000000000000000000000000000000000000000000000000000000;
	4543 :	000000000000000000000000000000000000000000000000000000000000000;
	4542 :	000000000000000000000000000000000000000000000000000000000000000;
	4541 :	000000000000000000000000000000000000000000000000000000000000000;
	4540 :	000000000000000000000000000000000000000000000000000000000000000;
	4539 :	000000000000000000000000000000000000000000000000000000000000000;
	4538 :	000000000000000000000000000000000000000000000000000000000000000;
	4537 :	000000000000000000000000000000000000000000000000000000000000000;
	4536 :	000000000000000000000000000000000000000000000000000000000000000;
	4535 :	000000000000000000000000000000000000000000000000000000000000000;
	4534 :	000000000000000000000000000000000000000000000000000000000000000;
	4533 :	000000000000000000000000000000000000000000000000000000000000000;
	4532 :	000000000000000000000000000000000000000000000000000000000000000;
	4531 :	000000000000000000000000000000000000000000000000000000000000000;
	4530 :	000000000000000000000000000000000000000000000000000000000000000;
	4529 :	000000000000000000000000000000000000000000000000000000000000000;
	4528 :	000000000000000000000000000000000000000000000000000000000000000;
	4527 :	000000000000000000000000000000000000000000000000000000000000000;
	4526 :	000000000000000000000000000000000000000000000000000000000000000;
	4525 :	000000000000000000000000000000000000000000000000000000000000000;
	4524 :	000000000000000000000000000000000000000000000000000000000000000;
	4523 :	000000000000000000000000000000000000000000000000000000000000000;
	4522 :	000000000000000000000000000000000000000000000000000000000000000;
	4521 :	000000000000000000000000000000000000000000000000000000000000000;
	4520 :	000000000000000000000000000000000000000000000000000000000000000;
	4519 :	000000000000000000000000000000000000000000000000000000000000000;
	4518 :	000000000000000000000000000000000000000000000000000000000000000;
	4517 :	000000000000000000000000000000000000000000000000000000000000000;
	4516 :	000000000000000000000000000000000000000000000000000000000000000;
	4515 :	000000000000000000000000000000000000000000000000000000000000000;
	4514 :	000000000000000000000000000000000000000000000000000000000000000;
	4513 :	000000000000000000000000000000000000000000000000000000000000000;
	4512 :	000000000000000000000000000000000000000000000000000000000000000;
	4511 :	000000000000000000000000000000000000000000000000000000000000000;
	4510 :	000000000000000000000000000000000000000000000000000000000000000;
	4509 :	000000000000000000000000000000000000000000000000000000000000000;
	4508 :	000000000000000000000000000000000000000000000000000000000000000;
	4507 :	000000000000000000000000000000000000000000000000000000000000000;
	4506 :	000000000000000000000000000000000000000000000000000000000000000;
	4505 :	000000000000000000000000000000000000000000000000000000000000000;
	4504 :	000000000000000000000000000000000000000000000000000000000000000;
	4503 :	000000000000000000000000000000000000000000000000000000000000000;
	4502 :	000000000000000000000000000000000000000000000000000000000000000;
	4501 :	000000000000000000000000000000000000000000000000000000000000000;
	4500 :	000000000000000000000000000000000000000000000000000000000000000;
	4499 :	000000000000000000000000000000000000000000000000000000000000000;
	4498 :	000000000000000000000000000000000000000000000000000000000000000;
	4497 :	000000000000000000000000000000000000000000000000000000000000000;
	4496 :	000000000000000000000000000000000000000000000000000000000000000;
	4495 :	000000000000000000000000000000000000000000000000000000000000000;
	4494 :	000000000000000000000000000000000000000000000000000000000000000;
	4493 :	000000000000000000000000000000000000000000000000000000000000000;
	4492 :	000000000000000000000000000000000000000000000000000000000000000;
	4491 :	000000000000000000000000000000000000000000000000000000000000000;
	4490 :	000000000000000000000000000000000000000000000000000000000000000;
	4489 :	000000000000000000000000000000000000000000000000000000000000000;
	4488 :	000000000000000000000000000000000000000000000000000000000000000;
	4487 :	000000000000000000000000000000000000000000000000000000000000000;
	4486 :	000000000000000000000000000000000000000000000000000000000000000;
	4485 :	000000000000000000000000000000000000000000000000000000000000000;
	4484 :	000000000000000000000000000000000000000000000000000000000000000;
	4483 :	000000000000000000000000000000000000000000000000000000000000000;
	4482 :	000000000000000000000000000000000000000000000000000000000000000;
	4481 :	000000000000000000000000000000000000000000000000000000000000000;
	4480 :	000000000000000000000000000000000000000000000000000000000000000;
	4479 :	000000000000000000000000000000000000000000000000000000000000000;
	4478 :	000000000000000000000000000000000000000000000000000000000000000;
	4477 :	000000000000000000000000000000000000000000000000000000000000000;
	4476 :	000000000000000000000000000000000000000000000000000000000000000;
	4475 :	000000000000000000000000000000000000000000000000000000000000000;
	4474 :	000000000000000000000000000000000000000000000000000000000000000;
	4473 :	000000000000000000000000000000000000000000000000000000000000000;
	4472 :	000000000000000000000000000000000000000000000000000000000000000;
	4471 :	000000000000000000000000000000000000000000000000000000000000000;
	4470 :	000000000000000000000000000000000000000000000000000000000000000;
	4469 :	000000000000000000000000000000000000000000000000000000000000000;
	4468 :	000000000000000000000000000000000000000000000000000000000000000;
	4467 :	000000000000000000000000000000000000000000000000000000000000000;
	4466 :	000000000000000000000000000000000000000000000000000000000000000;
	4465 :	000000000000000000000000000000000000000000000000000000000000000;
	4464 :	000000000000000000000000000000000000000000000000000000000000000;
	4463 :	000000000000000000000000000000000000000000000000000000000000000;
	4462 :	000000000000000000000000000000000000000000000000000000000000000;
	4461 :	000000000000000000000000000000000000000000000000000000000000000;
	4460 :	000000000000000000000000000000000000000000000000000000000000000;
	4459 :	000000000000000000000000000000000000000000000000000000000000000;
	4458 :	000000000000000000000000000000000000000000000000000000000000000;
	4457 :	000000000000000000000000000000000000000000000000000000000000000;
	4456 :	000000000000000000000000000000000000000000000000000000000000000;
	4455 :	000000000000000000000000000000000000000000000000000000000000000;
	4454 :	000000000000000000000000000000000000000000000000000000000000000;
	4453 :	000000000000000000000000000000000000000000000000000000000000000;
	4452 :	000000000000000000000000000000000000000000000000000000000000000;
	4451 :	000000000000000000000000000000000000000000000000000000000000000;
	4450 :	000000000000000000000000000000000000000000000000000000000000000;
	4449 :	000000000000000000000000000000000000000000000000000000000000000;
	4448 :	000000000000000000000000000000000000000000000000000000000000000;
	4447 :	000000000000000000000000000000000000000000000000000000000000000;
	4446 :	000000000000000000000000000000000000000000000000000000000000000;
	4445 :	000000000000000000000000000000000000000000000000000000000000000;
	4444 :	000000000000000000000000000000000000000000000000000000000000000;
	4443 :	000000000000000000000000000000000000000000000000000000000000000;
	4442 :	000000000000000000000000000000000000000000000000000000000000000;
	4441 :	000000000000000000000000000000000000000000000000000000000000000;
	4440 :	000000000000000000000000000000000000000000000000000000000000000;
	4439 :	000000000000000000000000000000000000000000000000000000000000000;
	4438 :	000000000000000000000000000000000000000000000000000000000000000;
	4437 :	000000000000000000000000000000000000000000000000000000000000000;
	4436 :	000000000000000000000000000000000000000000000000000000000000000;
	4435 :	000000000000000000000000000000000000000000000000000000000000000;
	4434 :	000000000000000000000000000000000000000000000000000000000000000;
	4433 :	000000000000000000000000000000000000000000000000000000000000000;
	4432 :	000000000000000000000000000000000000000000000000000000000000000;
	4431 :	000000000000000000000000000000000000000000000000000000000000000;
	4430 :	000000000000000000000000000000000000000000000000000000000000000;
	4429 :	000000000000000000000000000000000000000000000000000000000000000;
	4428 :	000000000000000000000000000000000000000000000000000000000000000;
	4427 :	000000000000000000000000000000000000000000000000000000000000000;
	4426 :	000000000000000000000000000000000000000000000000000000000000000;
	4425 :	000000000000000000000000000000000000000000000000000000000000000;
	4424 :	000000000000000000000000000000000000000000000000000000000000000;
	4423 :	000000000000000000000000000000000000000000000000000000000000000;
	4422 :	000000000000000000000000000000000000000000000000000000000000000;
	4421 :	000000000000000000000000000000000000000000000000000000000000000;
	4420 :	000000000000000000000000000000000000000000000000000000000000000;
	4419 :	000000000000000000000000000000000000000000000000000000000000000;
	4418 :	000000000000000000000000000000000000000000000000000000000000000;
	4417 :	000000000000000000000000000000000000000000000000000000000000000;
	4416 :	000000000000000000000000000000000000000000000000000000000000000;
	4415 :	000000000000000000000000000000000000000000000000000000000000000;
	4414 :	000000000000000000000000000000000000000000000000000000000000000;
	4413 :	000000000000000000000000000000000000000000000000000000000000000;
	4412 :	000000000000000000000000000000000000000000000000000000000000000;
	4411 :	000000000000000000000000000000000000000000000000000000000000000;
	4410 :	000000000000000000000000000000000000000000000000000000000000000;
	4409 :	000000000000000000000000000000000000000000000000000000000000000;
	4408 :	000000000000000000000000000000000000000000000000000000000000000;
	4407 :	000000000000000000000000000000000000000000000000000000000000000;
	4406 :	000000000000000000000000000000000000000000000000000000000000000;
	4405 :	000000000000000000000000000000000000000000000000000000000000000;
	4404 :	000000000000000000000000000000000000000000000000000000000000000;
	4403 :	000000000000000000000000000000000000000000000000000000000000000;
	4402 :	000000000000000000000000000000000000000000000000000000000000000;
	4401 :	000000000000000000000000000000000000000000000000000000000000000;
	4400 :	000000000000000000000000000000000000000000000000000000000000000;
	4399 :	000000000000000000000000000000000000000000000000000000000000000;
	4398 :	000000000000000000000000000000000000000000000000000000000000000;
	4397 :	000000000000000000000000000000000000000000000000000000000000000;
	4396 :	000000000000000000000000000000000000000000000000000000000000000;
	4395 :	000000000000000000000000000000000000000000000000000000000000000;
	4394 :	000000000000000000000000000000000000000000000000000000000000000;
	4393 :	000000000000000000000000000000000000000000000000000000000000000;
	4392 :	000000000000000000000000000000000000000000000000000000000000000;
	4391 :	000000000000000000000000000000000000000000000000000000000000000;
	4390 :	000000000000000000000000000000000000000000000000000000000000000;
	4389 :	000000000000000000000000000000000000000000000000000000000000000;
	4388 :	000000000000000000000000000000000000000000000000000000000000000;
	4387 :	000000000000000000000000000000000000000000000000000000000000000;
	4386 :	000000000000000000000000000000000000000000000000000000000000000;
	4385 :	000000000000000000000000000000000000000000000000000000000000000;
	4384 :	000000000000000000000000000000000000000000000000000000000000000;
	4383 :	000000000000000000000000000000000000000000000000000000000000000;
	4382 :	000000000000000000000000000000000000000000000000000000000000000;
	4381 :	000000000000000000000000000000000000000000000000000000000000000;
	4380 :	000000000000000000000000000000000000000000000000000000000000000;
	4379 :	000000000000000000000000000000000000000000000000000000000000000;
	4378 :	000000000000000000000000000000000000000000000000000000000000000;
	4377 :	000000000000000000000000000000000000000000000000000000000000000;
	4376 :	000000000000000000000000000000000000000000000000000000000000000;
	4375 :	000000000000000000000000000000000000000000000000000000000000000;
	4374 :	000000000000000000000000000000000000000000000000000000000000000;
	4373 :	000000000000000000000000000000000000000000000000000000000000000;
	4372 :	000000000000000000000000000000000000000000000000000000000000000;
	4371 :	000000000000000000000000000000000000000000000000000000000000000;
	4370 :	000000000000000000000000000000000000000000000000000000000000000;
	4369 :	000000000000000000000000000000000000000000000000000000000000000;
	4368 :	000000000000000000000000000000000000000000000000000000000000000;
	4367 :	000000000000000000000000000000000000000000000000000000000000000;
	4366 :	000000000000000000000000000000000000000000000000000000000000000;
	4365 :	000000000000000000000000000000000000000000000000000000000000000;
	4364 :	000000000000000000000000000000000000000000000000000000000000000;
	4363 :	000000000000000000000000000000000000000000000000000000000000000;
	4362 :	000000000000000000000000000000000000000000000000000000000000000;
	4361 :	000000000000000000000000000000000000000000000000000000000000000;
	4360 :	000000000000000000000000000000000000000000000000000000000000000;
	4359 :	000000000000000000000000000000000000000000000000000000000000000;
	4358 :	000000000000000000000000000000000000000000000000000000000000000;
	4357 :	000000000000000000000000000000000000000000000000000000000000000;
	4356 :	000000000000000000000000000000000000000000000000000000000000000;
	4355 :	000000000000000000000000000000000000000000000000000000000000000;
	4354 :	000000000000000000000000000000000000000000000000000000000000000;
	4353 :	000000000000000000000000000000000000000000000000000000000000000;
	4352 :	000000000000000000000000000000000000000000000000000000000000000;
	4351 :	000000000000000000000000000000000000000000000000000000000000000;
	4350 :	000000000000000000000000000000000000000000000000000000000000000;
	4349 :	000000000000000000000000000000000000000000000000000000000000000;
	4348 :	000000000000000000000000000000000000000000000000000000000000000;
	4347 :	000000000000000000000000000000000000000000000000000000000000000;
	4346 :	000000000000000000000000000000000000000000000000000000000000000;
	4345 :	000000000000000000000000000000000000000000000000000000000000000;
	4344 :	000000000000000000000000000000000000000000000000000000000000000;
	4343 :	000000000000000000000000000000000000000000000000000000000000000;
	4342 :	000000000000000000000000000000000000000000000000000000000000000;
	4341 :	000000000000000000000000000000000000000000000000000000000000000;
	4340 :	000000000000000000000000000000000000000000000000000000000000000;
	4339 :	000000000000000000000000000000000000000000000000000000000000000;
	4338 :	000000000000000000000000000000000000000000000000000000000000000;
	4337 :	000000000000000000000000000000000000000000000000000000000000000;
	4336 :	000000000000000000000000000000000000000000000000000000000000000;
	4335 :	000000000000000000000000000000000000000000000000000000000000000;
	4334 :	000000000000000000000000000000000000000000000000000000000000000;
	4333 :	000000000000000000000000000000000000000000000000000000000000000;
	4332 :	000000000000000000000000000000000000000000000000000000000000000;
	4331 :	000000000000000000000000000000000000000000000000000000000000000;
	4330 :	000000000000000000000000000000000000000000000000000000000000000;
	4329 :	000000000000000000000000000000000000000000000000000000000000000;
	4328 :	000000000000000000000000000000000000000000000000000000000000000;
	4327 :	000000000000000000000000000000000000000000000000000000000000000;
	4326 :	000000000000000000000000000000000000000000000000000000000000000;
	4325 :	000000000000000000000000000000000000000000000000000000000000000;
	4324 :	000000000000000000000000000000000000000000000000000000000000000;
	4323 :	000000000000000000000000000000000000000000000000000000000000000;
	4322 :	000000000000000000000000000000000000000000000000000000000000000;
	4321 :	000000000000000000000000000000000000000000000000000000000000000;
	4320 :	000000000000000000000000000000000000000000000000000000000000000;
	4319 :	000000000000000000000000000000000000000000000000000000000000000;
	4318 :	000000000000000000000000000000000000000000000000000000000000000;
	4317 :	000000000000000000000000000000000000000000000000000000000000000;
	4316 :	000000000000000000000000000000000000000000000000000000000000000;
	4315 :	000000000000000000000000000000000000000000000000000000000000000;
	4314 :	000000000000000000000000000000000000000000000000000000000000000;
	4313 :	000000000000000000000000000000000000000000000000000000000000000;
	4312 :	000000000000000000000000000000000000000000000000000000000000000;
	4311 :	000000000000000000000000000000000000000000000000000000000000000;
	4310 :	000000000000000000000000000000000000000000000000000000000000000;
	4309 :	000000000000000000000000000000000000000000000000000000000000000;
	4308 :	000000000000000000000000000000000000000000000000000000000000000;
	4307 :	000000000000000000000000000000000000000000000000000000000000000;
	4306 :	000000000000000000000000000000000000000000000000000000000000000;
	4305 :	000000000000000000000000000000000000000000000000000000000000000;
	4304 :	000000000000000000000000000000000000000000000000000000000000000;
	4303 :	000000000000000000000000000000000000000000000000000000000000000;
	4302 :	000000000000000000000000000000000000000000000000000000000000000;
	4301 :	000000000000000000000000000000000000000000000000000000000000000;
	4300 :	000000000000000000000000000000000000000000000000000000000000000;
	4299 :	000000000000000000000000000000000000000000000000000000000000000;
	4298 :	000000000000000000000000000000000000000000000000000000000000000;
	4297 :	000000000000000000000000000000000000000000000000000000000000000;
	4296 :	000000000000000000000000000000000000000000000000000000000000000;
	4295 :	000000000000000000000000000000000000000000000000000000000000000;
	4294 :	000000000000000000000000000000000000000000000000000000000000000;
	4293 :	000000000000000000000000000000000000000000000000000000000000000;
	4292 :	000000000000000000000000000000000000000000000000000000000000000;
	4291 :	000000000000000000000000000000000000000000000000000000000000000;
	4290 :	000000000000000000000000000000000000000000000000000000000000000;
	4289 :	000000000000000000000000000000000000000000000000000000000000000;
	4288 :	000000000000000000000000000000000000000000000000000000000000000;
	4287 :	000000000000000000000000000000000000000000000000000000000000000;
	4286 :	000000000000000000000000000000000000000000000000000000000000000;
	4285 :	000000000000000000000000000000000000000000000000000000000000000;
	4284 :	000000000000000000000000000000000000000000000000000000000000000;
	4283 :	000000000000000000000000000000000000000000000000000000000000000;
	4282 :	000000000000000000000000000000000000000000000000000000000000000;
	4281 :	000000000000000000000000000000000000000000000000000000000000000;
	4280 :	000000000000000000000000000000000000000000000000000000000000000;
	4279 :	000000000000000000000000000000000000000000000000000000000000000;
	4278 :	000000000000000000000000000000000000000000000000000000000000000;
	4277 :	000000000000000000000000000000000000000000000000000000000000000;
	4276 :	000000000000000000000000000000000000000000000000000000000000000;
	4275 :	000000000000000000000000000000000000000000000000000000000000000;
	4274 :	000000000000000000000000000000000000000000000000000000000000000;
	4273 :	000000000000000000000000000000000000000000000000000000000000000;
	4272 :	000000000000000000000000000000000000000000000000000000000000000;
	4271 :	000000000000000000000000000000000000000000000000000000000000000;
	4270 :	000000000000000000000000000000000000000000000000000000000000000;
	4269 :	000000000000000000000000000000000000000000000000000000000000000;
	4268 :	000000000000000000000000000000000000000000000000000000000000000;
	4267 :	000000000000000000000000000000000000000000000000000000000000000;
	4266 :	000000000000000000000000000000000000000000000000000000000000000;
	4265 :	000000000000000000000000000000000000000000000000000000000000000;
	4264 :	000000000000000000000000000000000000000000000000000000000000000;
	4263 :	000000000000000000000000000000000000000000000000000000000000000;
	4262 :	000000000000000000000000000000000000000000000000000000000000000;
	4261 :	000000000000000000000000000000000000000000000000000000000000000;
	4260 :	000000000000000000000000000000000000000000000000000000000000000;
	4259 :	000000000000000000000000000000000000000000000000000000000000000;
	4258 :	000000000000000000000000000000000000000000000000000000000000000;
	4257 :	000000000000000000000000000000000000000000000000000000000000000;
	4256 :	000000000000000000000000000000000000000000000000000000000000000;
	4255 :	000000000000000000000000000000000000000000000000000000000000000;
	4254 :	000000000000000000000000000000000000000000000000000000000000000;
	4253 :	000000000000000000000000000000000000000000000000000000000000000;
	4252 :	000000000000000000000000000000000000000000000000000000000000000;
	4251 :	000000000000000000000000000000000000000000000000000000000000000;
	4250 :	000000000000000000000000000000000000000000000000000000000000000;
	4249 :	000000000000000000000000000000000000000000000000000000000000000;
	4248 :	000000000000000000000000000000000000000000000000000000000000000;
	4247 :	000000000000000000000000000000000000000000000000000000000000000;
	4246 :	000000000000000000000000000000000000000000000000000000000000000;
	4245 :	000000000000000000000000000000000000000000000000000000000000000;
	4244 :	000000000000000000000000000000000000000000000000000000000000000;
	4243 :	000000000000000000000000000000000000000000000000000000000000000;
	4242 :	000000000000000000000000000000000000000000000000000000000000000;
	4241 :	000000000000000000000000000000000000000000000000000000000000000;
	4240 :	000000000000000000000000000000000000000000000000000000000000000;
	4239 :	000000000000000000000000000000000000000000000000000000000000000;
	4238 :	000000000000000000000000000000000000000000000000000000000000000;
	4237 :	000000000000000000000000000000000000000000000000000000000000000;
	4236 :	000000000000000000000000000000000000000000000000000000000000000;
	4235 :	000000000000000000000000000000000000000000000000000000000000000;
	4234 :	000000000000000000000000000000000000000000000000000000000000000;
	4233 :	000000000000000000000000000000000000000000000000000000000000000;
	4232 :	000000000000000000000000000000000000000000000000000000000000000;
	4231 :	000000000000000000000000000000000000000000000000000000000000000;
	4230 :	000000000000000000000000000000000000000000000000000000000000000;
	4229 :	000000000000000000000000000000000000000000000000000000000000000;
	4228 :	000000000000000000000000000000000000000000000000000000000000000;
	4227 :	000000000000000000000000000000000000000000000000000000000000000;
	4226 :	000000000000000000000000000000000000000000000000000000000000000;
	4225 :	000000000000000000000000000000000000000000000000000000000000000;
	4224 :	000000000000000000000000000000000000000000000000000000000000000;
	4223 :	000000000000000000000000000000000000000000000000000000000000000;
	4222 :	000000000000000000000000000000000000000000000000000000000000000;
	4221 :	000000000000000000000000000000000000000000000000000000000000000;
	4220 :	000000000000000000000000000000000000000000000000000000000000000;
	4219 :	000000000000000000000000000000000000000000000000000000000000000;
	4218 :	000000000000000000000000000000000000000000000000000000000000000;
	4217 :	000000000000000000000000000000000000000000000000000000000000000;
	4216 :	000000000000000000000000000000000000000000000000000000000000000;
	4215 :	000000000000000000000000000000000000000000000000000000000000000;
	4214 :	000000000000000000000000000000000000000000000000000000000000000;
	4213 :	000000000000000000000000000000000000000000000000000000000000000;
	4212 :	000000000000000000000000000000000000000000000000000000000000000;
	4211 :	000000000000000000000000000000000000000000000000000000000000000;
	4210 :	000000000000000000000000000000000000000000000000000000000000000;
	4209 :	000000000000000000000000000000000000000000000000000000000000000;
	4208 :	000000000000000000000000000000000000000000000000000000000000000;
	4207 :	000000000000000000000000000000000000000000000000000000000000000;
	4206 :	000000000000000000000000000000000000000000000000000000000000000;
	4205 :	000000000000000000000000000000000000000000000000000000000000000;
	4204 :	000000000000000000000000000000000000000000000000000000000000000;
	4203 :	000000000000000000000000000000000000000000000000000000000000000;
	4202 :	000000000000000000000000000000000000000000000000000000000000000;
	4201 :	000000000000000000000000000000000000000000000000000000000000000;
	4200 :	000000000000000000000000000000000000000000000000000000000000000;
	4199 :	000000000000000000000000000000000000000000000000000000000000000;
	4198 :	000000000000000000000000000000000000000000000000000000000000000;
	4197 :	000000000000000000000000000000000000000000000000000000000000000;
	4196 :	000000000000000000000000000000000000000000000000000000000000000;
	4195 :	000000000000000000000000000000000000000000000000000000000000000;
	4194 :	000000000000000000000000000000000000000000000000000000000000000;
	4193 :	000000000000000000000000000000000000000000000000000000000000000;
	4192 :	000000000000000000000000000000000000000000000000000000000000000;
	4191 :	000000000000000000000000000000000000000000000000000000000000000;
	4190 :	000000000000000000000000000000000000000000000000000000000000000;
	4189 :	000000000000000000000000000000000000000000000000000000000000000;
	4188 :	000000000000000000000000000000000000000000000000000000000000000;
	4187 :	000000000000000000000000000000000000000000000000000000000000000;
	4186 :	000000000000000000000000000000000000000000000000000000000000000;
	4185 :	000000000000000000000000000000000000000000000000000000000000000;
	4184 :	000000000000000000000000000000000000000000000000000000000000000;
	4183 :	000000000000000000000000000000000000000000000000000000000000000;
	4182 :	000000000000000000000000000000000000000000000000000000000000000;
	4181 :	000000000000000000000000000000000000000000000000000000000000000;
	4180 :	000000000000000000000000000000000000000000000000000000000000000;
	4179 :	000000000000000000000000000000000000000000000000000000000000000;
	4178 :	000000000000000000000000000000000000000000000000000000000000000;
	4177 :	000000000000000000000000000000000000000000000000000000000000000;
	4176 :	000000000000000000000000000000000000000000000000000000000000000;
	4175 :	000000000000000000000000000000000000000000000000000000000000000;
	4174 :	000000000000000000000000000000000000000000000000000000000000000;
	4173 :	000000000000000000000000000000000000000000000000000000000000000;
	4172 :	000000000000000000000000000000000000000000000000000000000000000;
	4171 :	000000000000000000000000000000000000000000000000000000000000000;
	4170 :	000000000000000000000000000000000000000000000000000000000000000;
	4169 :	000000000000000000000000000000000000000000000000000000000000000;
	4168 :	000000000000000000000000000000000000000000000000000000000000000;
	4167 :	000000000000000000000000000000000000000000000000000000000000000;
	4166 :	000000000000000000000000000000000000000000000000000000000000000;
	4165 :	000000000000000000000000000000000000000000000000000000000000000;
	4164 :	000000000000000000000000000000000000000000000000000000000000000;
	4163 :	000000000000000000000000000000000000000000000000000000000000000;
	4162 :	000000000000000000000000000000000000000000000000000000000000000;
	4161 :	000000000000000000000000000000000000000000000000000000000000000;
	4160 :	000000000000000000000000000000000000000000000000000000000000000;
	4159 :	000000000000000000000000000000000000000000000000000000000000000;
	4158 :	000000000000000000000000000000000000000000000000000000000000000;
	4157 :	000000000000000000000000000000000000000000000000000000000000000;
	4156 :	000000000000000000000000000000000000000000000000000000000000000;
	4155 :	000000000000000000000000000000000000000000000000000000000000000;
	4154 :	000000000000000000000000000000000000000000000000000000000000000;
	4153 :	000000000000000000000000000000000000000000000000000000000000000;
	4152 :	000000000000000000000000000000000000000000000000000000000000000;
	4151 :	000000000000000000000000000000000000000000000000000000000000000;
	4150 :	000000000000000000000000000000000000000000000000000000000000000;
	4149 :	000000000000000000000000000000000000000000000000000000000000000;
	4148 :	000000000000000000000000000000000000000000000000000000000000000;
	4147 :	000000000000000000000000000000000000000000000000000000000000000;
	4146 :	000000000000000000000000000000000000000000000000000000000000000;
	4145 :	000000000000000000000000000000000000000000000000000000000000000;
	4144 :	000000000000000000000000000000000000000000000000000000000000000;
	4143 :	000000000000000000000000000000000000000000000000000000000000000;
	4142 :	000000000000000000000000000000000000000000000000000000000000000;
	4141 :	000000000000000000000000000000000000000000000000000000000000000;
	4140 :	000000000000000000000000000000000000000000000000000000000000000;
	4139 :	000000000000000000000000000000000000000000000000000000000000000;
	4138 :	000000000000000000000000000000000000000000000000000000000000000;
	4137 :	000000000000000000000000000000000000000000000000000000000000000;
	4136 :	000000000000000000000000000000000000000000000000000000000000000;
	4135 :	000000000000000000000000000000000000000000000000000000000000000;
	4134 :	000000000000000000000000000000000000000000000000000000000000000;
	4133 :	000000000000000000000000000000000000000000000000000000000000000;
	4132 :	000000000000000000000000000000000000000000000000000000000000000;
	4131 :	000000000000000000000000000000000000000000000000000000000000000;
	4130 :	000000000000000000000000000000000000000000000000000000000000000;
	4129 :	000000000000000000000000000000000000000000000000000000000000000;
	4128 :	000000000000000000000000000000000000000000000000000000000000000;
	4127 :	000000000000000000000000000000000000000000000000000000000000000;
	4126 :	000000000000000000000000000000000000000000000000000000000000000;
	4125 :	000000000000000000000000000000000000000000000000000000000000000;
	4124 :	000000000000000000000000000000000000000000000000000000000000000;
	4123 :	000000000000000000000000000000000000000000000000000000000000000;
	4122 :	000000000000000000000000000000000000000000000000000000000000000;
	4121 :	000000000000000000000000000000000000000000000000000000000000000;
	4120 :	000000000000000000000000000000000000000000000000000000000000000;
	4119 :	000000000000000000000000000000000000000000000000000000000000000;
	4118 :	000000000000000000000000000000000000000000000000000000000000000;
	4117 :	000000000000000000000000000000000000000000000000000000000000000;
	4116 :	000000000000000000000000000000000000000000000000000000000000000;
	4115 :	000000000000000000000000000000000000000000000000000000000000000;
	4114 :	000000000000000000000000000000000000000000000000000000000000000;
	4113 :	000000000000000000000000000000000000000000000000000000000000000;
	4112 :	000000000000000000000000000000000000000000000000000000000000000;
	4111 :	000000000000000000000000000000000000000000000000000000000000000;
	4110 :	000000000000000000000000000000000000000000000000000000000000000;
	4109 :	000000000000000000000000000000000000000000000000000000000000000;
	4108 :	000000000000000000000000000000000000000000000000000000000000000;
	4107 :	000000000000000000000000000000000000000000000000000000000000000;
	4106 :	000000000000000000000000000000000000000000000000000000000000000;
	4105 :	000000000000000000000000000000000000000000000000000000000000000;
	4104 :	000000000000000000000000000000000000000000000000000000000000000;
	4103 :	000000000000000000000000000000000000000000000000000000000000000;
	4102 :	000000000000000000000000000000000000000000000000000000000000000;
	4101 :	000000000000000000000000000000000000000000000000000000000000000;
	4100 :	000000000000000000000000000000000000000000000000000000000000000;
	4099 :	000000000000000000000000000000000000000000000000000000000000000;
	4098 :	000000000000000000000000000000000000000000000000000000000000000;
	4097 :	000000000000000000000000000000000000000000000000000000000000000;
	4096 :	000000000000000000000000000000000000000000000000000000000000000;
	4095 :	000000000000000000000000000000000000000000000000000000000000000;
	4094 :	000000000000000000000000000000000000000000000000000000000000000;
	4093 :	000000000000000000000000000000000000000000000000000000000000000;
	4092 :	000000000000000000000000000000000000000000000000000000000000000;
	4091 :	000000000000000000000000000000000000000000000000000000000000000;
	4090 :	000000000000000000000000000000000000000000000000000000000000000;
	4089 :	000000000000000000000000000000000000000000000000000000000000000;
	4088 :	000000000000000000000000000000000000000000000000000000000000000;
	4087 :	000000000000000000000000000000000000000000000000000000000000000;
	4086 :	000000000000000000000000000000000000000000000000000000000000000;
	4085 :	000000000000000000000000000000000000000000000000000000000000000;
	4084 :	000000000000000000000000000000000000000000000000000000000000000;
	4083 :	000000000000000000000000000000000000000000000000000000000000000;
	4082 :	000000000000000000000000000000000000000000000000000000000000000;
	4081 :	000000000000000000000000000000000000000000000000000000000000000;
	4080 :	000000000000000000000000000000000000000000000000000000000000000;
	4079 :	000000000000000000000000000000000000000000000000000000000000000;
	4078 :	000000000000000000000000000000000000000000000000000000000000000;
	4077 :	000000000000000000000000000000000000000000000000000000000000000;
	4076 :	000000000000000000000000000000000000000000000000000000000000000;
	4075 :	000000000000000000000000000000000000000000000000000000000000000;
	4074 :	000000000000000000000000000000000000000000000000000000000000000;
	4073 :	000000000000000000000000000000000000000000000000000000000000000;
	4072 :	000000000000000000000000000000000000000000000000000000000000000;
	4071 :	000000000000000000000000000000000000000000000000000000000000000;
	4070 :	000000000000000000000000000000000000000000000000000000000000000;
	4069 :	000000000000000000000000000000000000000000000000000000000000000;
	4068 :	000000000000000000000000000000000000000000000000000000000000000;
	4067 :	000000000000000000000000000000000000000000000000000000000000000;
	4066 :	000000000000000000000000000000000000000000000000000000000000000;
	4065 :	000000000000000000000000000000000000000000000000000000000000000;
	4064 :	000000000000000000000000000000000000000000000000000000000000000;
	4063 :	000000000000000000000000000000000000000000000000000000000000000;
	4062 :	000000000000000000000000000000000000000000000000000000000000000;
	4061 :	000000000000000000000000000000000000000000000000000000000000000;
	4060 :	000000000000000000000000000000000000000000000000000000000000000;
	4059 :	000000000000000000000000000000000000000000000000000000000000000;
	4058 :	000000000000000000000000000000000000000000000000000000000000000;
	4057 :	000000000000000000000000000000000000000000000000000000000000000;
	4056 :	000000000000000000000000000000000000000000000000000000000000000;
	4055 :	000000000000000000000000000000000000000000000000000000000000000;
	4054 :	000000000000000000000000000000000000000000000000000000000000000;
	4053 :	000000000000000000000000000000000000000000000000000000000000000;
	4052 :	000000000000000000000000000000000000000000000000000000000000000;
	4051 :	000000000000000000000000000000000000000000000000000000000000000;
	4050 :	000000000000000000000000000000000000000000000000000000000000000;
	4049 :	000000000000000000000000000000000000000000000000000000000000000;
	4048 :	000000000000000000000000000000000000000000000000000000000000000;
	4047 :	000000000000000000000000000000000000000000000000000000000000000;
	4046 :	000000000000000000000000000000000000000000000000000000000000000;
	4045 :	000000000000000000000000000000000000000000000000000000000000000;
	4044 :	000000000000000000000000000000000000000000000000000000000000000;
	4043 :	000000000000000000000000000000000000000000000000000000000000000;
	4042 :	000000000000000000000000000000000000000000000000000000000000000;
	4041 :	000000000000000000000000000000000000000000000000000000000000000;
	4040 :	000000000000000000000000000000000000000000000000000000000000000;
	4039 :	000000000000000000000000000000000000000000000000000000000000000;
	4038 :	000000000000000000000000000000000000000000000000000000000000000;
	4037 :	000000000000000000000000000000000000000000000000000000000000000;
	4036 :	000000000000000000000000000000000000000000000000000000000000000;
	4035 :	000000000000000000000000000000000000000000000000000000000000000;
	4034 :	000000000000000000000000000000000000000000000000000000000000000;
	4033 :	000000000000000000000000000000000000000000000000000000000000000;
	4032 :	000000000000000000000000000000000000000000000000000000000000000;
	4031 :	000000000000000000000000000000000000000000000000000000000000000;
	4030 :	000000000000000000000000000000000000000000000000000000000000000;
	4029 :	000000000000000000000000000000000000000000000000000000000000000;
	4028 :	000000000000000000000000000000000000000000000000000000000000000;
	4027 :	000000000000000000000000000000000000000000000000000000000000000;
	4026 :	000000000000000000000000000000000000000000000000000000000000000;
	4025 :	000000000000000000000000000000000000000000000000000000000000000;
	4024 :	000000000000000000000000000000000000000000000000000000000000000;
	4023 :	000000000000000000000000000000000000000000000000000000000000000;
	4022 :	000000000000000000000000000000000000000000000000000000000000000;
	4021 :	000000000000000000000000000000000000000000000000000000000000000;
	4020 :	000000000000000000000000000000000000000000000000000000000000000;
	4019 :	000000000000000000000000000000000000000000000000000000000000000;
	4018 :	000000000000000000000000000000000000000000000000000000000000000;
	4017 :	000000000000000000000000000000000000000000000000000000000000000;
	4016 :	000000000000000000000000000000000000000000000000000000000000000;
	4015 :	000000000000000000000000000000000000000000000000000000000000000;
	4014 :	000000000000000000000000000000000000000000000000000000000000000;
	4013 :	000000000000000000000000000000000000000000000000000000000000000;
	4012 :	000000000000000000000000000000000000000000000000000000000000000;
	4011 :	000000000000000000000000000000000000000000000000000000000000000;
	4010 :	000000000000000000000000000000000000000000000000000000000000000;
	4009 :	000000000000000000000000000000000000000000000000000000000000000;
	4008 :	000000000000000000000000000000000000000000000000000000000000000;
	4007 :	000000000000000000000000000000000000000000000000000000000000000;
	4006 :	000000000000000000000000000000000000000000000000000000000000000;
	4005 :	000000000000000000000000000000000000000000000000000000000000000;
	4004 :	000000000000000000000000000000000000000000000000000000000000000;
	4003 :	000000000000000000000000000000000000000000000000000000000000000;
	4002 :	000000000000000000000000000000000000000000000000000000000000000;
	4001 :	000000000000000000000000000000000000000000000000000000000000000;
	4000 :	000000000000000000000000000000000000000000000000000000000000000;
	3999 :	000000000000000000000000000000000000000000000000000000000000000;
	3998 :	000000000000000000000000000000000000000000000000000000000000000;
	3997 :	000000000000000000000000000000000000000000000000000000000000000;
	3996 :	000000000000000000000000000000000000000000000000000000000000000;
	3995 :	000000000000000000000000000000000000000000000000000000000000000;
	3994 :	000000000000000000000000000000000000000000000000000000000000000;
	3993 :	000000000000000000000000000000000000000000000000000000000000000;
	3992 :	000000000000000000000000000000000000000000000000000000000000000;
	3991 :	000000000000000000000000000000000000000000000000000000000000000;
	3990 :	000000000000000000000000000000000000000000000000000000000000000;
	3989 :	000000000000000000000000000000000000000000000000000000000000000;
	3988 :	000000000000000000000000000000000000000000000000000000000000000;
	3987 :	000000000000000000000000000000000000000000000000000000000000000;
	3986 :	000000000000000000000000000000000000000000000000000000000000000;
	3985 :	000000000000000000000000000000000000000000000000000000000000000;
	3984 :	000000000000000000000000000000000000000000000000000000000000000;
	3983 :	000000000000000000000000000000000000000000000000000000000000000;
	3982 :	000000000000000000000000000000000000000000000000000000000000000;
	3981 :	000000000000000000000000000000000000000000000000000000000000000;
	3980 :	000000000000000000000000000000000000000000000000000000000000000;
	3979 :	000000000000000000000000000000000000000000000000000000000000000;
	3978 :	000000000000000000000000000000000000000000000000000000000000000;
	3977 :	000000000000000000000000000000000000000000000000000000000000000;
	3976 :	000000000000000000000000000000000000000000000000000000000000000;
	3975 :	000000000000000000000000000000000000000000000000000000000000000;
	3974 :	000000000000000000000000000000000000000000000000000000000000000;
	3973 :	000000000000000000000000000000000000000000000000000000000000000;
	3972 :	000000000000000000000000000000000000000000000000000000000000000;
	3971 :	000000000000000000000000000000000000000000000000000000000000000;
	3970 :	000000000000000000000000000000000000000000000000000000000000000;
	3969 :	000000000000000000000000000000000000000000000000000000000000000;
	3968 :	000000000000000000000000000000000000000000000000000000000000000;
	3967 :	000000000000000000000000000000000000000000000000000000000000000;
	3966 :	000000000000000000000000000000000000000000000000000000000000000;
	3965 :	000000000000000000000000000000000000000000000000000000000000000;
	3964 :	000000000000000000000000000000000000000000000000000000000000000;
	3963 :	000000000000000000000000000000000000000000000000000000000000000;
	3962 :	000000000000000000000000000000000000000000000000000000000000000;
	3961 :	000000000000000000000000000000000000000000000000000000000000000;
	3960 :	000000000000000000000000000000000000000000000000000000000000000;
	3959 :	000000000000000000000000000000000000000000000000000000000000000;
	3958 :	000000000000000000000000000000000000000000000000000000000000000;
	3957 :	000000000000000000000000000000000000000000000000000000000000000;
	3956 :	000000000000000000000000000000000000000000000000000000000000000;
	3955 :	000000000000000000000000000000000000000000000000000000000000000;
	3954 :	000000000000000000000000000000000000000000000000000000000000000;
	3953 :	000000000000000000000000000000000000000000000000000000000000000;
	3952 :	000000000000000000000000000000000000000000000000000000000000000;
	3951 :	000000000000000000000000000000000000000000000000000000000000000;
	3950 :	000000000000000000000000000000000000000000000000000000000000000;
	3949 :	000000000000000000000000000000000000000000000000000000000000000;
	3948 :	000000000000000000000000000000000000000000000000000000000000000;
	3947 :	000000000000000000000000000000000000000000000000000000000000000;
	3946 :	000000000000000000000000000000000000000000000000000000000000000;
	3945 :	000000000000000000000000000000000000000000000000000000000000000;
	3944 :	000000000000000000000000000000000000000000000000000000000000000;
	3943 :	000000000000000000000000000000000000000000000000000000000000000;
	3942 :	000000000000000000000000000000000000000000000000000000000000000;
	3941 :	000000000000000000000000000000000000000000000000000000000000000;
	3940 :	000000000000000000000000000000000000000000000000000000000000000;
	3939 :	000000000000000000000000000000000000000000000000000000000000000;
	3938 :	000000000000000000000000000000000000000000000000000000000000000;
	3937 :	000000000000000000000000000000000000000000000000000000000000000;
	3936 :	000000000000000000000000000000000000000000000000000000000000000;
	3935 :	000000000000000000000000000000000000000000000000000000000000000;
	3934 :	000000000000000000000000000000000000000000000000000000000000000;
	3933 :	000000000000000000000000000000000000000000000000000000000000000;
	3932 :	000000000000000000000000000000000000000000000000000000000000000;
	3931 :	000000000000000000000000000000000000000000000000000000000000000;
	3930 :	000000000000000000000000000000000000000000000000000000000000000;
	3929 :	000000000000000000000000000000000000000000000000000000000000000;
	3928 :	000000000000000000000000000000000000000000000000000000000000000;
	3927 :	000000000000000000000000000000000000000000000000000000000000000;
	3926 :	000000000000000000000000000000000000000000000000000000000000000;
	3925 :	000000000000000000000000000000000000000000000000000000000000000;
	3924 :	000000000000000000000000000000000000000000000000000000000000000;
	3923 :	000000000000000000000000000000000000000000000000000000000000000;
	3922 :	000000000000000000000000000000000000000000000000000000000000000;
	3921 :	000000000000000000000000000000000000000000000000000000000000000;
	3920 :	000000000000000000000000000000000000000000000000000000000000000;
	3919 :	000000000000000000000000000000000000000000000000000000000000000;
	3918 :	000000000000000000000000000000000000000000000000000000000000000;
	3917 :	000000000000000000000000000000000000000000000000000000000000000;
	3916 :	000000000000000000000000000000000000000000000000000000000000000;
	3915 :	000000000000000000000000000000000000000000000000000000000000000;
	3914 :	000000000000000000000000000000000000000000000000000000000000000;
	3913 :	000000000000000000000000000000000000000000000000000000000000000;
	3912 :	000000000000000000000000000000000000000000000000000000000000000;
	3911 :	000000000000000000000000000000000000000000000000000000000000000;
	3910 :	000000000000000000000000000000000000000000000000000000000000000;
	3909 :	000000000000000000000000000000000000000000000000000000000000000;
	3908 :	000000000000000000000000000000000000000000000000000000000000000;
	3907 :	000000000000000000000000000000000000000000000000000000000000000;
	3906 :	000000000000000000000000000000000000000000000000000000000000000;
	3905 :	000000000000000000000000000000000000000000000000000000000000000;
	3904 :	000000000000000000000000000000000000000000000000000000000000000;
	3903 :	000000000000000000000000000000000000000000000000000000000000000;
	3902 :	000000000000000000000000000000000000000000000000000000000000000;
	3901 :	000000000000000000000000000000000000000000000000000000000000000;
	3900 :	000000000000000000000000000000000000000000000000000000000000000;
	3899 :	000000000000000000000000000000000000000000000000000000000000000;
	3898 :	000000000000000000000000000000000000000000000000000000000000000;
	3897 :	000000000000000000000000000000000000000000000000000000000000000;
	3896 :	000000000000000000000000000000000000000000000000000000000000000;
	3895 :	000000000000000000000000000000000000000000000000000000000000000;
	3894 :	000000000000000000000000000000000000000000000000000000000000000;
	3893 :	000000000000000000000000000000000000000000000000000000000000000;
	3892 :	000000000000000000000000000000000000000000000000000000000000000;
	3891 :	000000000000000000000000000000000000000000000000000000000000000;
	3890 :	000000000000000000000000000000000000000000000000000000000000000;
	3889 :	000000000000000000000000000000000000000000000000000000000000000;
	3888 :	000000000000000000000000000000000000000000000000000000000000000;
	3887 :	000000000000000000000000000000000000000000000000000000000000000;
	3886 :	000000000000000000000000000000000000000000000000000000000000000;
	3885 :	000000000000000000000000000000000000000000000000000000000000000;
	3884 :	000000000000000000000000000000000000000000000000000000000000000;
	3883 :	000000000000000000000000000000000000000000000000000000000000000;
	3882 :	000000000000000000000000000000000000000000000000000000000000000;
	3881 :	000000000000000000000000000000000000000000000000000000000000000;
	3880 :	000000000000000000000000000000000000000000000000000000000000000;
	3879 :	000000000000000000000000000000000000000000000000000000000000000;
	3878 :	000000000000000000000000000000000000000000000000000000000000000;
	3877 :	000000000000000000000000000000000000000000000000000000000000000;
	3876 :	000000000000000000000000000000000000000000000000000000000000000;
	3875 :	000000000000000000000000000000000000000000000000000000000000000;
	3874 :	000000000000000000000000000000000000000000000000000000000000000;
	3873 :	000000000000000000000000000000000000000000000000000000000000000;
	3872 :	000000000000000000000000000000000000000000000000000000000000000;
	3871 :	000000000000000000000000000000000000000000000000000000000000000;
	3870 :	000000000000000000000000000000000000000000000000000000000000000;
	3869 :	000000000000000000000000000000000000000000000000000000000000000;
	3868 :	000000000000000000000000000000000000000000000000000000000000000;
	3867 :	000000000000000000000000000000000000000000000000000000000000000;
	3866 :	000000000000000000000000000000000000000000000000000000000000000;
	3865 :	000000000000000000000000000000000000000000000000000000000000000;
	3864 :	000000000000000000000000000000000000000000000000000000000000000;
	3863 :	000000000000000000000000000000000000000000000000000000000000000;
	3862 :	000000000000000000000000000000000000000000000000000000000000000;
	3861 :	000000000000000000000000000000000000000000000000000000000000000;
	3860 :	000000000000000000000000000000000000000000000000000000000000000;
	3859 :	000000000000000000000000000000000000000000000000000000000000000;
	3858 :	000000000000000000000000000000000000000000000000000000000000000;
	3857 :	000000000000000000000000000000000000000000000000000000000000000;
	3856 :	000000000000000000000000000000000000000000000000000000000000000;
	3855 :	000000000000000000000000000000000000000000000000000000000000000;
	3854 :	000000000000000000000000000000000000000000000000000000000000000;
	3853 :	000000000000000000000000000000000000000000000000000000000000000;
	3852 :	000000000000000000000000000000000000000000000000000000000000000;
	3851 :	000000000000000000000000000000000000000000000000000000000000000;
	3850 :	000000000000000000000000000000000000000000000000000000000000000;
	3849 :	000000000000000000000000000000000000000000000000000000000000000;
	3848 :	000000000000000000000000000000000000000000000000000000000000000;
	3847 :	000000000000000000000000000000000000000000000000000000000000000;
	3846 :	000000000000000000000000000000000000000000000000000000000000000;
	3845 :	000000000000000000000000000000000000000000000000000000000000000;
	3844 :	000000000000000000000000000000000000000000000000000000000000000;
	3843 :	000000000000000000000000000000000000000000000000000000000000000;
	3842 :	000000000000000000000000000000000000000000000000000000000000000;
	3841 :	000000000000000000000000000000000000000000000000000000000000000;
	3840 :	000000000000000000000000000000000000000000000000000000000000000;
	3839 :	000000000000000000000000000000000000000000000000000000000000000;
	3838 :	000000000000000000000000000000000000000000000000000000000000000;
	3837 :	000000000000000000000000000000000000000000000000000000000000000;
	3836 :	000000000000000000000000000000000000000000000000000000000000000;
	3835 :	000000000000000000000000000000000000000000000000000000000000000;
	3834 :	000000000000000000000000000000000000000000000000000000000000000;
	3833 :	000000000000000000000000000000000000000000000000000000000000000;
	3832 :	000000000000000000000000000000000000000000000000000000000000000;
	3831 :	000000000000000000000000000000000000000000000000000000000000000;
	3830 :	000000000000000000000000000000000000000000000000000000000000000;
	3829 :	000000000000000000000000000000000000000000000000000000000000000;
	3828 :	000000000000000000000000000000000000000000000000000000000000000;
	3827 :	000000000000000000000000000000000000000000000000000000000000000;
	3826 :	000000000000000000000000000000000000000000000000000000000000000;
	3825 :	000000000000000000000000000000000000000000000000000000000000000;
	3824 :	000000000000000000000000000000000000000000000000000000000000000;
	3823 :	000000000000000000000000000000000000000000000000000000000000000;
	3822 :	000000000000000000000000000000000000000000000000000000000000000;
	3821 :	000000000000000000000000000000000000000000000000000000000000000;
	3820 :	000000000000000000000000000000000000000000000000000000000000000;
	3819 :	000000000000000000000000000000000000000000000000000000000000000;
	3818 :	000000000000000000000000000000000000000000000000000000000000000;
	3817 :	000000000000000000000000000000000000000000000000000000000000000;
	3816 :	000000000000000000000000000000000000000000000000000000000000000;
	3815 :	000000000000000000000000000000000000000000000000000000000000000;
	3814 :	000000000000000000000000000000000000000000000000000000000000000;
	3813 :	000000000000000000000000000000000000000000000000000000000000000;
	3812 :	000000000000000000000000000000000000000000000000000000000000000;
	3811 :	000000000000000000000000000000000000000000000000000000000000000;
	3810 :	000000000000000000000000000000000000000000000000000000000000000;
	3809 :	000000000000000000000000000000000000000000000000000000000000000;
	3808 :	000000000000000000000000000000000000000000000000000000000000000;
	3807 :	000000000000000000000000000000000000000000000000000000000000000;
	3806 :	000000000000000000000000000000000000000000000000000000000000000;
	3805 :	000000000000000000000000000000000000000000000000000000000000000;
	3804 :	000000000000000000000000000000000000000000000000000000000000000;
	3803 :	000000000000000000000000000000000000000000000000000000000000000;
	3802 :	000000000000000000000000000000000000000000000000000000000000000;
	3801 :	000000000000000000000000000000000000000000000000000000000000000;
	3800 :	000000000000000000000000000000000000000000000000000000000000000;
	3799 :	000000000000000000000000000000000000000000000000000000000000000;
	3798 :	000000000000000000000000000000000000000000000000000000000000000;
	3797 :	000000000000000000000000000000000000000000000000000000000000000;
	3796 :	000000000000000000000000000000000000000000000000000000000000000;
	3795 :	000000000000000000000000000000000000000000000000000000000000000;
	3794 :	000000000000000000000000000000000000000000000000000000000000000;
	3793 :	000000000000000000000000000000000000000000000000000000000000000;
	3792 :	000000000000000000000000000000000000000000000000000000000000000;
	3791 :	000000000000000000000000000000000000000000000000000000000000000;
	3790 :	000000000000000000000000000000000000000000000000000000000000000;
	3789 :	000000000000000000000000000000000000000000000000000000000000000;
	3788 :	000000000000000000000000000000000000000000000000000000000000000;
	3787 :	000000000000000000000000000000000000000000000000000000000000000;
	3786 :	000000000000000000000000000000000000000000000000000000000000000;
	3785 :	000000000000000000000000000000000000000000000000000000000000000;
	3784 :	000000000000000000000000000000000000000000000000000000000000000;
	3783 :	000000000000000000000000000000000000000000000000000000000000000;
	3782 :	000000000000000000000000000000000000000000000000000000000000000;
	3781 :	000000000000000000000000000000000000000000000000000000000000000;
	3780 :	000000000000000000000000000000000000000000000000000000000000000;
	3779 :	000000000000000000000000000000000000000000000000000000000000000;
	3778 :	000000000000000000000000000000000000000000000000000000000000000;
	3777 :	000000000000000000000000000000000000000000000000000000000000000;
	3776 :	000000000000000000000000000000000000000000000000000000000000000;
	3775 :	000000000000000000000000000000000000000000000000000000000000000;
	3774 :	000000000000000000000000000000000000000000000000000000000000000;
	3773 :	000000000000000000000000000000000000000000000000000000000000000;
	3772 :	000000000000000000000000000000000000000000000000000000000000000;
	3771 :	000000000000000000000000000000000000000000000000000000000000000;
	3770 :	000000000000000000000000000000000000000000000000000000000000000;
	3769 :	000000000000000000000000000000000000000000000000000000000000000;
	3768 :	000000000000000000000000000000000000000000000000000000000000000;
	3767 :	000000000000000000000000000000000000000000000000000000000000000;
	3766 :	000000000000000000000000000000000000000000000000000000000000000;
	3765 :	000000000000000000000000000000000000000000000000000000000000000;
	3764 :	000000000000000000000000000000000000000000000000000000000000000;
	3763 :	000000000000000000000000000000000000000000000000000000000000000;
	3762 :	000000000000000000000000000000000000000000000000000000000000000;
	3761 :	000000000000000000000000000000000000000000000000000000000000000;
	3760 :	000000000000000000000000000000000000000000000000000000000000000;
	3759 :	000000000000000000000000000000000000000000000000000000000000000;
	3758 :	000000000000000000000000000000000000000000000000000000000000000;
	3757 :	000000000000000000000000000000000000000000000000000000000000000;
	3756 :	000000000000000000000000000000000000000000000000000000000000000;
	3755 :	000000000000000000000000000000000000000000000000000000000000000;
	3754 :	000000000000000000000000000000000000000000000000000000000000000;
	3753 :	000000000000000000000000000000000000000000000000000000000000000;
	3752 :	000000000000000000000000000000000000000000000000000000000000000;
	3751 :	000000000000000000000000000000000000000000000000000000000000000;
	3750 :	000000000000000000000000000000000000000000000000000000000000000;
	3749 :	000000000000000000000000000000000000000000000000000000000000000;
	3748 :	000000000000000000000000000000000000000000000000000000000000000;
	3747 :	000000000000000000000000000000000000000000000000000000000000000;
	3746 :	000000000000000000000000000000000000000000000000000000000000000;
	3745 :	000000000000000000000000000000000000000000000000000000000000000;
	3744 :	000000000000000000000000000000000000000000000000000000000000000;
	3743 :	000000000000000000000000000000000000000000000000000000000000000;
	3742 :	000000000000000000000000000000000000000000000000000000000000000;
	3741 :	000000000000000000000000000000000000000000000000000000000000000;
	3740 :	000000000000000000000000000000000000000000000000000000000000000;
	3739 :	000000000000000000000000000000000000000000000000000000000000000;
	3738 :	000000000000000000000000000000000000000000000000000000000000000;
	3737 :	000000000000000000000000000000000000000000000000000000000000000;
	3736 :	000000000000000000000000000000000000000000000000000000000000000;
	3735 :	000000000000000000000000000000000000000000000000000000000000000;
	3734 :	000000000000000000000000000000000000000000000000000000000000000;
	3733 :	000000000000000000000000000000000000000000000000000000000000000;
	3732 :	000000000000000000000000000000000000000000000000000000000000000;
	3731 :	000000000000000000000000000000000000000000000000000000000000000;
	3730 :	000000000000000000000000000000000000000000000000000000000000000;
	3729 :	000000000000000000000000000000000000000000000000000000000000000;
	3728 :	000000000000000000000000000000000000000000000000000000000000000;
	3727 :	000000000000000000000000000000000000000000000000000000000000000;
	3726 :	000000000000000000000000000000000000000000000000000000000000000;
	3725 :	000000000000000000000000000000000000000000000000000000000000000;
	3724 :	000000000000000000000000000000000000000000000000000000000000000;
	3723 :	000000000000000000000000000000000000000000000000000000000000000;
	3722 :	000000000000000000000000000000000000000000000000000000000000000;
	3721 :	000000000000000000000000000000000000000000000000000000000000000;
	3720 :	000000000000000000000000000000000000000000000000000000000000000;
	3719 :	000000000000000000000000000000000000000000000000000000000000000;
	3718 :	000000000000000000000000000000000000000000000000000000000000000;
	3717 :	000000000000000000000000000000000000000000000000000000000000000;
	3716 :	000000000000000000000000000000000000000000000000000000000000000;
	3715 :	000000000000000000000000000000000000000000000000000000000000000;
	3714 :	000000000000000000000000000000000000000000000000000000000000000;
	3713 :	000000000000000000000000000000000000000000000000000000000000000;
	3712 :	000000000000000000000000000000000000000000000000000000000000000;
	3711 :	000000000000000000000000000000000000000000000000000000000000000;
	3710 :	000000000000000000000000000000000000000000000000000000000000000;
	3709 :	000000000000000000000000000000000000000000000000000000000000000;
	3708 :	000000000000000000000000000000000000000000000000000000000000000;
	3707 :	000000000000000000000000000000000000000000000000000000000000000;
	3706 :	000000000000000000000000000000000000000000000000000000000000000;
	3705 :	000000000000000000000000000000000000000000000000000000000000000;
	3704 :	000000000000000000000000000000000000000000000000000000000000000;
	3703 :	000000000000000000000000000000000000000000000000000000000000000;
	3702 :	000000000000000000000000000000000000000000000000000000000000000;
	3701 :	000000000000000000000000000000000000000000000000000000000000000;
	3700 :	000000000000000000000000000000000000000000000000000000000000000;
	3699 :	000000000000000000000000000000000000000000000000000000000000000;
	3698 :	000000000000000000000000000000000000000000000000000000000000000;
	3697 :	000000000000000000000000000000000000000000000000000000000000000;
	3696 :	000000000000000000000000000000000000000000000000000000000000000;
	3695 :	000000000000000000000000000000000000000000000000000000000000000;
	3694 :	000000000000000000000000000000000000000000000000000000000000000;
	3693 :	000000000000000000000000000000000000000000000000000000000000000;
	3692 :	000000000000000000000000000000000000000000000000000000000000000;
	3691 :	000000000000000000000000000000000000000000000000000000000000000;
	3690 :	000000000000000000000000000000000000000000000000000000000000000;
	3689 :	000000000000000000000000000000000000000000000000000000000000000;
	3688 :	000000000000000000000000000000000000000000000000000000000000000;
	3687 :	000000000000000000000000000000000000000000000000000000000000000;
	3686 :	000000000000000000000000000000000000000000000000000000000000000;
	3685 :	000000000000000000000000000000000000000000000000000000000000000;
	3684 :	000000000000000000000000000000000000000000000000000000000000000;
	3683 :	000000000000000000000000000000000000000000000000000000000000000;
	3682 :	000000000000000000000000000000000000000000000000000000000000000;
	3681 :	000000000000000000000000000000000000000000000000000000000000000;
	3680 :	000000000000000000000000000000000000000000000000000000000000000;
	3679 :	000000000000000000000000000000000000000000000000000000000000000;
	3678 :	000000000000000000000000000000000000000000000000000000000000000;
	3677 :	000000000000000000000000000000000000000000000000000000000000000;
	3676 :	000000000000000000000000000000000000000000000000000000000000000;
	3675 :	000000000000000000000000000000000000000000000000000000000000000;
	3674 :	000000000000000000000000000000000000000000000000000000000000000;
	3673 :	000000000000000000000000000000000000000000000000000000000000000;
	3672 :	000000000000000000000000000000000000000000000000000000000000000;
	3671 :	000000000000000000000000000000000000000000000000000000000000000;
	3670 :	000000000000000000000000000000000000000000000000000000000000000;
	3669 :	000000000000000000000000000000000000000000000000000000000000000;
	3668 :	000000000000000000000000000000000000000000000000000000000000000;
	3667 :	000000000000000000000000000000000000000000000000000000000000000;
	3666 :	000000000000000000000000000000000000000000000000000000000000000;
	3665 :	000000000000000000000000000000000000000000000000000000000000000;
	3664 :	000000000000000000000000000000000000000000000000000000000000000;
	3663 :	000000000000000000000000000000000000000000000000000000000000000;
	3662 :	000000000000000000000000000000000000000000000000000000000000000;
	3661 :	000000000000000000000000000000000000000000000000000000000000000;
	3660 :	000000000000000000000000000000000000000000000000000000000000000;
	3659 :	000000000000000000000000000000000000000000000000000000000000000;
	3658 :	000000000000000000000000000000000000000000000000000000000000000;
	3657 :	000000000000000000000000000000000000000000000000000000000000000;
	3656 :	000000000000000000000000000000000000000000000000000000000000000;
	3655 :	000000000000000000000000000000000000000000000000000000000000000;
	3654 :	000000000000000000000000000000000000000000000000000000000000000;
	3653 :	000000000000000000000000000000000000000000000000000000000000000;
	3652 :	000000000000000000000000000000000000000000000000000000000000000;
	3651 :	000000000000000000000000000000000000000000000000000000000000000;
	3650 :	000000000000000000000000000000000000000000000000000000000000000;
	3649 :	000000000000000000000000000000000000000000000000000000000000000;
	3648 :	000000000000000000000000000000000000000000000000000000000000000;
	3647 :	000000000000000000000000000000000000000000000000000000000000000;
	3646 :	000000000000000000000000000000000000000000000000000000000000000;
	3645 :	000000000000000000000000000000000000000000000000000000000000000;
	3644 :	000000000000000000000000000000000000000000000000000000000000000;
	3643 :	000000000000000000000000000000000000000000000000000000000000000;
	3642 :	000000000000000000000000000000000000000000000000000000000000000;
	3641 :	000000000000000000000000000000000000000000000000000000000000000;
	3640 :	000000000000000000000000000000000000000000000000000000000000000;
	3639 :	000000000000000000000000000000000000000000000000000000000000000;
	3638 :	000000000000000000000000000000000000000000000000000000000000000;
	3637 :	000000000000000000000000000000000000000000000000000000000000000;
	3636 :	000000000000000000000000000000000000000000000000000000000000000;
	3635 :	000000000000000000000000000000000000000000000000000000000000000;
	3634 :	000000000000000000000000000000000000000000000000000000000000000;
	3633 :	000000000000000000000000000000000000000000000000000000000000000;
	3632 :	000000000000000000000000000000000000000000000000000000000000000;
	3631 :	000000000000000000000000000000000000000000000000000000000000000;
	3630 :	000000000000000000000000000000000000000000000000000000000000000;
	3629 :	000000000000000000000000000000000000000000000000000000000000000;
	3628 :	000000000000000000000000000000000000000000000000000000000000000;
	3627 :	000000000000000000000000000000000000000000000000000000000000000;
	3626 :	000000000000000000000000000000000000000000000000000000000000000;
	3625 :	000000000000000000000000000000000000000000000000000000000000000;
	3624 :	000000000000000000000000000000000000000000000000000000000000000;
	3623 :	000000000000000000000000000000000000000000000000000000000000000;
	3622 :	000000000000000000000000000000000000000000000000000000000000000;
	3621 :	000000000000000000000000000000000000000000000000000000000000000;
	3620 :	000000000000000000000000000000000000000000000000000000000000000;
	3619 :	000000000000000000000000000000000000000000000000000000000000000;
	3618 :	000000000000000000000000000000000000000000000000000000000000000;
	3617 :	000000000000000000000000000000000000000000000000000000000000000;
	3616 :	000000000000000000000000000000000000000000000000000000000000000;
	3615 :	000000000000000000000000000000000000000000000000000000000000000;
	3614 :	000000000000000000000000000000000000000000000000000000000000000;
	3613 :	000000000000000000000000000000000000000000000000000000000000000;
	3612 :	000000000000000000000000000000000000000000000000000000000000000;
	3611 :	000000000000000000000000000000000000000000000000000000000000000;
	3610 :	000000000000000000000000000000000000000000000000000000000000000;
	3609 :	000000000000000000000000000000000000000000000000000000000000000;
	3608 :	000000000000000000000000000000000000000000000000000000000000000;
	3607 :	000000000000000000000000000000000000000000000000000000000000000;
	3606 :	000000000000000000000000000000000000000000000000000000000000000;
	3605 :	000000000000000000000000000000000000000000000000000000000000000;
	3604 :	000000000000000000000000000000000000000000000000000000000000000;
	3603 :	000000000000000000000000000000000000000000000000000000000000000;
	3602 :	000000000000000000000000000000000000000000000000000000000000000;
	3601 :	000000000000000000000000000000000000000000000000000000000000000;
	3600 :	000000000000000000000000000000000000000000000000000000000000000;
	3599 :	000000000000000000000000000000000000000000000000000000000000000;
	3598 :	000000000000000000000000000000000000000000000000000000000000000;
	3597 :	000000000000000000000000000000000000000000000000000000000000000;
	3596 :	000000000000000000000000000000000000000000000000000000000000000;
	3595 :	000000000000000000000000000000000000000000000000000000000000000;
	3594 :	000000000000000000000000000000000000000000000000000000000000000;
	3593 :	000000000000000000000000000000000000000000000000000000000000000;
	3592 :	000000000000000000000000000000000000000000000000000000000000000;
	3591 :	000000000000000000000000000000000000000000000000000000000000000;
	3590 :	000000000000000000000000000000000000000000000000000000000000000;
	3589 :	000000000000000000000000000000000000000000000000000000000000000;
	3588 :	000000000000000000000000000000000000000000000000000000000000000;
	3587 :	000000000000000000000000000000000000000000000000000000000000000;
	3586 :	000000000000000000000000000000000000000000000000000000000000000;
	3585 :	000000000000000000000000000000000000000000000000000000000000000;
	3584 :	000000000000000000000000000000000000000000000000000000000000000;
	3583 :	000000000000000000000000000000000000000000000000000000000000000;
	3582 :	000000000000000000000000000000000000000000000000000000000000000;
	3581 :	000000000000000000000000000000000000000000000000000000000000000;
	3580 :	000000000000000000000000000000000000000000000000000000000000000;
	3579 :	000000000000000000000000000000000000000000000000000000000000000;
	3578 :	000000000000000000000000000000000000000000000000000000000000000;
	3577 :	000000000000000000000000000000000000000000000000000000000000000;
	3576 :	000000000000000000000000000000000000000000000000000000000000000;
	3575 :	000000000000000000000000000000000000000000000000000000000000000;
	3574 :	000000000000000000000000000000000000000000000000000000000000000;
	3573 :	000000000000000000000000000000000000000000000000000000000000000;
	3572 :	000000000000000000000000000000000000000000000000000000000000000;
	3571 :	000000000000000000000000000000000000000000000000000000000000000;
	3570 :	000000000000000000000000000000000000000000000000000000000000000;
	3569 :	000000000000000000000000000000000000000000000000000000000000000;
	3568 :	000000000000000000000000000000000000000000000000000000000000000;
	3567 :	000000000000000000000000000000000000000000000000000000000000000;
	3566 :	000000000000000000000000000000000000000000000000000000000000000;
	3565 :	000000000000000000000000000000000000000000000000000000000000000;
	3564 :	000000000000000000000000000000000000000000000000000000000000000;
	3563 :	000000000000000000000000000000000000000000000000000000000000000;
	3562 :	000000000000000000000000000000000000000000000000000000000000000;
	3561 :	000000000000000000000000000000000000000000000000000000000000000;
	3560 :	000000000000000000000000000000000000000000000000000000000000000;
	3559 :	000000000000000000000000000000000000000000000000000000000000000;
	3558 :	000000000000000000000000000000000000000000000000000000000000000;
	3557 :	000000000000000000000000000000000000000000000000000000000000000;
	3556 :	000000000000000000000000000000000000000000000000000000000000000;
	3555 :	000000000000000000000000000000000000000000000000000000000000000;
	3554 :	000000000000000000000000000000000000000000000000000000000000000;
	3553 :	000000000000000000000000000000000000000000000000000000000000000;
	3552 :	000000000000000000000000000000000000000000000000000000000000000;
	3551 :	000000000000000000000000000000000000000000000000000000000000000;
	3550 :	000000000000000000000000000000000000000000000000000000000000000;
	3549 :	000000000000000000000000000000000000000000000000000000000000000;
	3548 :	000000000000000000000000000000000000000000000000000000000000000;
	3547 :	000000000000000000000000000000000000000000000000000000000000000;
	3546 :	000000000000000000000000000000000000000000000000000000000000000;
	3545 :	000000000000000000000000000000000000000000000000000000000000000;
	3544 :	000000000000000000000000000000000000000000000000000000000000000;
	3543 :	000000000000000000000000000000000000000000000000000000000000000;
	3542 :	000000000000000000000000000000000000000000000000000000000000000;
	3541 :	000000000000000000000000000000000000000000000000000000000000000;
	3540 :	000000000000000000000000000000000000000000000000000000000000000;
	3539 :	000000000000000000000000000000000000000000000000000000000000000;
	3538 :	000000000000000000000000000000000000000000000000000000000000000;
	3537 :	000000000000000000000000000000000000000000000000000000000000000;
	3536 :	000000000000000000000000000000000000000000000000000000000000000;
	3535 :	000000000000000000000000000000000000000000000000000000000000000;
	3534 :	000000000000000000000000000000000000000000000000000000000000000;
	3533 :	000000000000000000000000000000000000000000000000000000000000000;
	3532 :	000000000000000000000000000000000000000000000000000000000000000;
	3531 :	000000000000000000000000000000000000000000000000000000000000000;
	3530 :	000000000000000000000000000000000000000000000000000000000000000;
	3529 :	000000000000000000000000000000000000000000000000000000000000000;
	3528 :	000000000000000000000000000000000000000000000000000000000000000;
	3527 :	000000000000000000000000000000000000000000000000000000000000000;
	3526 :	000000000000000000000000000000000000000000000000000000000000000;
	3525 :	000000000000000000000000000000000000000000000000000000000000000;
	3524 :	000000000000000000000000000000000000000000000000000000000000000;
	3523 :	000000000000000000000000000000000000000000000000000000000000000;
	3522 :	000000000000000000000000000000000000000000000000000000000000000;
	3521 :	000000000000000000000000000000000000000000000000000000000000000;
	3520 :	000000000000000000000000000000000000000000000000000000000000000;
	3519 :	000000000000000000000000000000000000000000000000000000000000000;
	3518 :	000000000000000000000000000000000000000000000000000000000000000;
	3517 :	000000000000000000000000000000000000000000000000000000000000000;
	3516 :	000000000000000000000000000000000000000000000000000000000000000;
	3515 :	000000000000000000000000000000000000000000000000000000000000000;
	3514 :	000000000000000000000000000000000000000000000000000000000000000;
	3513 :	000000000000000000000000000000000000000000000000000000000000000;
	3512 :	000000000000000000000000000000000000000000000000000000000000000;
	3511 :	000000000000000000000000000000000000000000000000000000000000000;
	3510 :	000000000000000000000000000000000000000000000000000000000000000;
	3509 :	000000000000000000000000000000000000000000000000000000000000000;
	3508 :	000000000000000000000000000000000000000000000000000000000000000;
	3507 :	000000000000000000000000000000000000000000000000000000000000000;
	3506 :	000000000000000000000000000000000000000000000000000000000000000;
	3505 :	000000000000000000000000000000000000000000000000000000000000000;
	3504 :	000000000000000000000000000000000000000000000000000000000000000;
	3503 :	000000000000000000000000000000000000000000000000000000000000000;
	3502 :	000000000000000000000000000000000000000000000000000000000000000;
	3501 :	000000000000000000000000000000000000000000000000000000000000000;
	3500 :	000000000000000000000000000000000000000000000000000000000000000;
	3499 :	000000000000000000000000000000000000000000000000000000000000000;
	3498 :	000000000000000000000000000000000000000000000000000000000000000;
	3497 :	000000000000000000000000000000000000000000000000000000000000000;
	3496 :	000000000000000000000000000000000000000000000000000000000000000;
	3495 :	000000000000000000000000000000000000000000000000000000000000000;
	3494 :	000000000000000000000000000000000000000000000000000000000000000;
	3493 :	000000000000000000000000000000000000000000000000000000000000000;
	3492 :	000000000000000000000000000000000000000000000000000000000000000;
	3491 :	000000000000000000000000000000000000000000000000000000000000000;
	3490 :	000000000000000000000000000000000000000000000000000000000000000;
	3489 :	000000000000000000000000000000000000000000000000000000000000000;
	3488 :	000000000000000000000000000000000000000000000000000000000000000;
	3487 :	000000000000000000000000000000000000000000000000000000000000000;
	3486 :	000000000000000000000000000000000000000000000000000000000000000;
	3485 :	000000000000000000000000000000000000000000000000000000000000000;
	3484 :	000000000000000000000000000000000000000000000000000000000000000;
	3483 :	000000000000000000000000000000000000000000000000000000000000000;
	3482 :	000000000000000000000000000000000000000000000000000000000000000;
	3481 :	000000000000000000000000000000000000000000000000000000000000000;
	3480 :	000000000000000000000000000000000000000000000000000000000000000;
	3479 :	000000000000000000000000000000000000000000000000000000000000000;
	3478 :	000000000000000000000000000000000000000000000000000000000000000;
	3477 :	000000000000000000000000000000000000000000000000000000000000000;
	3476 :	000000000000000000000000000000000000000000000000000000000000000;
	3475 :	000000000000000000000000000000000000000000000000000000000000000;
	3474 :	000000000000000000000000000000000000000000000000000000000000000;
	3473 :	000000000000000000000000000000000000000000000000000000000000000;
	3472 :	000000000000000000000000000000000000000000000000000000000000000;
	3471 :	000000000000000000000000000000000000000000000000000000000000000;
	3470 :	000000000000000000000000000000000000000000000000000000000000000;
	3469 :	000000000000000000000000000000000000000000000000000000000000000;
	3468 :	000000000000000000000000000000000000000000000000000000000000000;
	3467 :	000000000000000000000000000000000000000000000000000000000000000;
	3466 :	000000000000000000000000000000000000000000000000000000000000000;
	3465 :	000000000000000000000000000000000000000000000000000000000000000;
	3464 :	000000000000000000000000000000000000000000000000000000000000000;
	3463 :	000000000000000000000000000000000000000000000000000000000000000;
	3462 :	000000000000000000000000000000000000000000000000000000000000000;
	3461 :	000000000000000000000000000000000000000000000000000000000000000;
	3460 :	000000000000000000000000000000000000000000000000000000000000000;
	3459 :	000000000000000000000000000000000000000000000000000000000000000;
	3458 :	000000000000000000000000000000000000000000000000000000000000000;
	3457 :	000000000000000000000000000000000000000000000000000000000000000;
	3456 :	000000000000000000000000000000000000000000000000000000000000000;
	3455 :	000000000000000000000000000000000000000000000000000000000000000;
	3454 :	000000000000000000000000000000000000000000000000000000000000000;
	3453 :	000000000000000000000000000000000000000000000000000000000000000;
	3452 :	000000000000000000000000000000000000000000000000000000000000000;
	3451 :	000000000000000000000000000000000000000000000000000000000000000;
	3450 :	000000000000000000000000000000000000000000000000000000000000000;
	3449 :	000000000000000000000000000000000000000000000000000000000000000;
	3448 :	000000000000000000000000000000000000000000000000000000000000000;
	3447 :	000000000000000000000000000000000000000000000000000000000000000;
	3446 :	000000000000000000000000000000000000000000000000000000000000000;
	3445 :	000000000000000000000000000000000000000000000000000000000000000;
	3444 :	000000000000000000000000000000000000000000000000000000000000000;
	3443 :	000000000000000000000000000000000000000000000000000000000000000;
	3442 :	000000000000000000000000000000000000000000000000000000000000000;
	3441 :	000000000000000000000000000000000000000000000000000000000000000;
	3440 :	000000000000000000000000000000000000000000000000000000000000000;
	3439 :	000000000000000000000000000000000000000000000000000000000000000;
	3438 :	000000000000000000000000000000000000000000000000000000000000000;
	3437 :	000000000000000000000000000000000000000000000000000000000000000;
	3436 :	000000000000000000000000000000000000000000000000000000000000000;
	3435 :	000000000000000000000000000000000000000000000000000000000000000;
	3434 :	000000000000000000000000000000000000000000000000000000000000000;
	3433 :	000000000000000000000000000000000000000000000000000000000000000;
	3432 :	000000000000000000000000000000000000000000000000000000000000000;
	3431 :	000000000000000000000000000000000000000000000000000000000000000;
	3430 :	000000000000000000000000000000000000000000000000000000000000000;
	3429 :	000000000000000000000000000000000000000000000000000000000000000;
	3428 :	000000000000000000000000000000000000000000000000000000000000000;
	3427 :	000000000000000000000000000000000000000000000000000000000000000;
	3426 :	000000000000000000000000000000000000000000000000000000000000000;
	3425 :	000000000000000000000000000000000000000000000000000000000000000;
	3424 :	000000000000000000000000000000000000000000000000000000000000000;
	3423 :	000000000000000000000000000000000000000000000000000000000000000;
	3422 :	000000000000000000000000000000000000000000000000000000000000000;
	3421 :	000000000000000000000000000000000000000000000000000000000000000;
	3420 :	000000000000000000000000000000000000000000000000000000000000000;
	3419 :	000000000000000000000000000000000000000000000000000000000000000;
	3418 :	000000000000000000000000000000000000000000000000000000000000000;
	3417 :	000000000000000000000000000000000000000000000000000000000000000;
	3416 :	000000000000000000000000000000000000000000000000000000000000000;
	3415 :	000000000000000000000000000000000000000000000000000000000000000;
	3414 :	000000000000000000000000000000000000000000000000000000000000000;
	3413 :	000000000000000000000000000000000000000000000000000000000000000;
	3412 :	000000000000000000000000000000000000000000000000000000000000000;
	3411 :	000000000000000000000000000000000000000000000000000000000000000;
	3410 :	000000000000000000000000000000000000000000000000000000000000000;
	3409 :	000000000000000000000000000000000000000000000000000000000000000;
	3408 :	000000000000000000000000000000000000000000000000000000000000000;
	3407 :	000000000000000000000000000000000000000000000000000000000000000;
	3406 :	000000000000000000000000000000000000000000000000000000000000000;
	3405 :	000000000000000000000000000000000000000000000000000000000000000;
	3404 :	000000000000000000000000000000000000000000000000000000000000000;
	3403 :	000000000000000000000000000000000000000000000000000000000000000;
	3402 :	000000000000000000000000000000000000000000000000000000000000000;
	3401 :	000000000000000000000000000000000000000000000000000000000000000;
	3400 :	000000000000000000000000000000000000000000000000000000000000000;
	3399 :	000000000000000000000000000000000000000000000000000000000000000;
	3398 :	000000000000000000000000000000000000000000000000000000000000000;
	3397 :	000000000000000000000000000000000000000000000000000000000000000;
	3396 :	000000000000000000000000000000000000000000000000000000000000000;
	3395 :	000000000000000000000000000000000000000000000000000000000000000;
	3394 :	000000000000000000000000000000000000000000000000000000000000000;
	3393 :	000000000000000000000000000000000000000000000000000000000000000;
	3392 :	000000000000000000000000000000000000000000000000000000000000000;
	3391 :	000000000000000000000000000000000000000000000000000000000000000;
	3390 :	000000000000000000000000000000000000000000000000000000000000000;
	3389 :	000000000000000000000000000000000000000000000000000000000000000;
	3388 :	000000000000000000000000000000000000000000000000000000000000000;
	3387 :	000000000000000000000000000000000000000000000000000000000000000;
	3386 :	000000000000000000000000000000000000000000000000000000000000000;
	3385 :	000000000000000000000000000000000000000000000000000000000000000;
	3384 :	000000000000000000000000000000000000000000000000000000000000000;
	3383 :	000000000000000000000000000000000000000000000000000000000000000;
	3382 :	000000000000000000000000000000000000000000000000000000000000000;
	3381 :	000000000000000000000000000000000000000000000000000000000000000;
	3380 :	000000000000000000000000000000000000000000000000000000000000000;
	3379 :	000000000000000000000000000000000000000000000000000000000000000;
	3378 :	000000000000000000000000000000000000000000000000000000000000000;
	3377 :	000000000000000000000000000000000000000000000000000000000000000;
	3376 :	000000000000000000000000000000000000000000000000000000000000000;
	3375 :	000000000000000000000000000000000000000000000000000000000000000;
	3374 :	000000000000000000000000000000000000000000000000000000000000000;
	3373 :	000000000000000000000000000000000000000000000000000000000000000;
	3372 :	000000000000000000000000000000000000000000000000000000000000000;
	3371 :	000000000000000000000000000000000000000000000000000000000000000;
	3370 :	000000000000000000000000000000000000000000000000000000000000000;
	3369 :	000000000000000000000000000000000000000000000000000000000000000;
	3368 :	000000000000000000000000000000000000000000000000000000000000000;
	3367 :	000000000000000000000000000000000000000000000000000000000000000;
	3366 :	000000000000000000000000000000000000000000000000000000000000000;
	3365 :	000000000000000000000000000000000000000000000000000000000000000;
	3364 :	000000000000000000000000000000000000000000000000000000000000000;
	3363 :	000000000000000000000000000000000000000000000000000000000000000;
	3362 :	000000000000000000000000000000000000000000000000000000000000000;
	3361 :	000000000000000000000000000000000000000000000000000000000000000;
	3360 :	000000000000000000000000000000000000000000000000000000000000000;
	3359 :	000000000000000000000000000000000000000000000000000000000000000;
	3358 :	000000000000000000000000000000000000000000000000000000000000000;
	3357 :	000000000000000000000000000000000000000000000000000000000000000;
	3356 :	000000000000000000000000000000000000000000000000000000000000000;
	3355 :	000000000000000000000000000000000000000000000000000000000000000;
	3354 :	000000000000000000000000000000000000000000000000000000000000000;
	3353 :	000000000000000000000000000000000000000000000000000000000000000;
	3352 :	000000000000000000000000000000000000000000000000000000000000000;
	3351 :	000000000000000000000000000000000000000000000000000000000000000;
	3350 :	000000000000000000000000000000000000000000000000000000000000000;
	3349 :	000000000000000000000000000000000000000000000000000000000000000;
	3348 :	000000000000000000000000000000000000000000000000000000000000000;
	3347 :	000000000000000000000000000000000000000000000000000000000000000;
	3346 :	000000000000000000000000000000000000000000000000000000000000000;
	3345 :	000000000000000000000000000000000000000000000000000000000000000;
	3344 :	000000000000000000000000000000000000000000000000000000000000000;
	3343 :	000000000000000000000000000000000000000000000000000000000000000;
	3342 :	000000000000000000000000000000000000000000000000000000000000000;
	3341 :	000000000000000000000000000000000000000000000000000000000000000;
	3340 :	000000000000000000000000000000000000000000000000000000000000000;
	3339 :	000000000000000000000000000000000000000000000000000000000000000;
	3338 :	000000000000000000000000000000000000000000000000000000000000000;
	3337 :	000000000000000000000000000000000000000000000000000000000000000;
	3336 :	000000000000000000000000000000000000000000000000000000000000000;
	3335 :	000000000000000000000000000000000000000000000000000000000000000;
	3334 :	000000000000000000000000000000000000000000000000000000000000000;
	3333 :	000000000000000000000000000000000000000000000000000000000000000;
	3332 :	000000000000000000000000000000000000000000000000000000000000000;
	3331 :	000000000000000000000000000000000000000000000000000000000000000;
	3330 :	000000000000000000000000000000000000000000000000000000000000000;
	3329 :	000000000000000000000000000000000000000000000000000000000000000;
	3328 :	000000000000000000000000000000000000000000000000000000000000000;
	3327 :	000000000000000000000000000000000000000000000000000000000000000;
	3326 :	000000000000000000000000000000000000000000000000000000000000000;
	3325 :	000000000000000000000000000000000000000000000000000000000000000;
	3324 :	000000000000000000000000000000000000000000000000000000000000000;
	3323 :	000000000000000000000000000000000000000000000000000000000000000;
	3322 :	000000000000000000000000000000000000000000000000000000000000000;
	3321 :	000000000000000000000000000000000000000000000000000000000000000;
	3320 :	000000000000000000000000000000000000000000000000000000000000000;
	3319 :	000000000000000000000000000000000000000000000000000000000000000;
	3318 :	000000000000000000000000000000000000000000000000000000000000000;
	3317 :	000000000000000000000000000000000000000000000000000000000000000;
	3316 :	000000000000000000000000000000000000000000000000000000000000000;
	3315 :	000000000000000000000000000000000000000000000000000000000000000;
	3314 :	000000000000000000000000000000000000000000000000000000000000000;
	3313 :	000000000000000000000000000000000000000000000000000000000000000;
	3312 :	000000000000000000000000000000000000000000000000000000000000000;
	3311 :	000000000000000000000000000000000000000000000000000000000000000;
	3310 :	000000000000000000000000000000000000000000000000000000000000000;
	3309 :	000000000000000000000000000000000000000000000000000000000000000;
	3308 :	000000000000000000000000000000000000000000000000000000000000000;
	3307 :	000000000000000000000000000000000000000000000000000000000000000;
	3306 :	000000000000000000000000000000000000000000000000000000000000000;
	3305 :	000000000000000000000000000000000000000000000000000000000000000;
	3304 :	000000000000000000000000000000000000000000000000000000000000000;
	3303 :	000000000000000000000000000000000000000000000000000000000000000;
	3302 :	000000000000000000000000000000000000000000000000000000000000000;
	3301 :	000000000000000000000000000000000000000000000000000000000000000;
	3300 :	000000000000000000000000000000000000000000000000000000000000000;
	3299 :	000000000000000000000000000000000000000000000000000000000000000;
	3298 :	000000000000000000000000000000000000000000000000000000000000000;
	3297 :	000000000000000000000000000000000000000000000000000000000000000;
	3296 :	000000000000000000000000000000000000000000000000000000000000000;
	3295 :	000000000000000000000000000000000000000000000000000000000000000;
	3294 :	000000000000000000000000000000000000000000000000000000000000000;
	3293 :	000000000000000000000000000000000000000000000000000000000000000;
	3292 :	000000000000000000000000000000000000000000000000000000000000000;
	3291 :	000000000000000000000000000000000000000000000000000000000000000;
	3290 :	000000000000000000000000000000000000000000000000000000000000000;
	3289 :	000000000000000000000000000000000000000000000000000000000000000;
	3288 :	000000000000000000000000000000000000000000000000000000000000000;
	3287 :	000000000000000000000000000000000000000000000000000000000000000;
	3286 :	000000000000000000000000000000000000000000000000000000000000000;
	3285 :	000000000000000000000000000000000000000000000000000000000000000;
	3284 :	000000000000000000000000000000000000000000000000000000000000000;
	3283 :	000000000000000000000000000000000000000000000000000000000000000;
	3282 :	000000000000000000000000000000000000000000000000000000000000000;
	3281 :	000000000000000000000000000000000000000000000000000000000000000;
	3280 :	000000000000000000000000000000000000000000000000000000000000000;
	3279 :	000000000000000000000000000000000000000000000000000000000000000;
	3278 :	000000000000000000000000000000000000000000000000000000000000000;
	3277 :	000000000000000000000000000000000000000000000000000000000000000;
	3276 :	000000000000000000000000000000000000000000000000000000000000000;
	3275 :	000000000000000000000000000000000000000000000000000000000000000;
	3274 :	000000000000000000000000000000000000000000000000000000000000000;
	3273 :	000000000000000000000000000000000000000000000000000000000000000;
	3272 :	000000000000000000000000000000000000000000000000000000000000000;
	3271 :	000000000000000000000000000000000000000000000000000000000000000;
	3270 :	000000000000000000000000000000000000000000000000000000000000000;
	3269 :	000000000000000000000000000000000000000000000000000000000000000;
	3268 :	000000000000000000000000000000000000000000000000000000000000000;
	3267 :	000000000000000000000000000000000000000000000000000000000000000;
	3266 :	000000000000000000000000000000000000000000000000000000000000000;
	3265 :	000000000000000000000000000000000000000000000000000000000000000;
	3264 :	000000000000000000000000000000000000000000000000000000000000000;
	3263 :	000000000000000000000000000000000000000000000000000000000000000;
	3262 :	000000000000000000000000000000000000000000000000000000000000000;
	3261 :	000000000000000000000000000000000000000000000000000000000000000;
	3260 :	000000000000000000000000000000000000000000000000000000000000000;
	3259 :	000000000000000000000000000000000000000000000000000000000000000;
	3258 :	000000000000000000000000000000000000000000000000000000000000000;
	3257 :	000000000000000000000000000000000000000000000000000000000000000;
	3256 :	000000000000000000000000000000000000000000000000000000000000000;
	3255 :	000000000000000000000000000000000000000000000000000000000000000;
	3254 :	000000000000000000000000000000000000000000000000000000000000000;
	3253 :	000000000000000000000000000000000000000000000000000000000000000;
	3252 :	000000000000000000000000000000000000000000000000000000000000000;
	3251 :	000000000000000000000000000000000000000000000000000000000000000;
	3250 :	000000000000000000000000000000000000000000000000000000000000000;
	3249 :	000000000000000000000000000000000000000000000000000000000000000;
	3248 :	000000000000000000000000000000000000000000000000000000000000000;
	3247 :	000000000000000000000000000000000000000000000000000000000000000;
	3246 :	000000000000000000000000000000000000000000000000000000000000000;
	3245 :	000000000000000000000000000000000000000000000000000000000000000;
	3244 :	000000000000000000000000000000000000000000000000000000000000000;
	3243 :	000000000000000000000000000000000000000000000000000000000000000;
	3242 :	000000000000000000000000000000000000000000000000000000000000000;
	3241 :	000000000000000000000000000000000000000000000000000000000000000;
	3240 :	000000000000000000000000000000000000000000000000000000000000000;
	3239 :	000000000000000000000000000000000000000000000000000000000000000;
	3238 :	000000000000000000000000000000000000000000000000000000000000000;
	3237 :	000000000000000000000000000000000000000000000000000000000000000;
	3236 :	000000000000000000000000000000000000000000000000000000000000000;
	3235 :	000000000000000000000000000000000000000000000000000000000000000;
	3234 :	000000000000000000000000000000000000000000000000000000000000000;
	3233 :	000000000000000000000000000000000000000000000000000000000000000;
	3232 :	000000000000000000000000000000000000000000000000000000000000000;
	3231 :	000000000000000000000000000000000000000000000000000000000000000;
	3230 :	000000000000000000000000000000000000000000000000000000000000000;
	3229 :	000000000000000000000000000000000000000000000000000000000000000;
	3228 :	000000000000000000000000000000000000000000000000000000000000000;
	3227 :	000000000000000000000000000000000000000000000000000000000000000;
	3226 :	000000000000000000000000000000000000000000000000000000000000000;
	3225 :	000000000000000000000000000000000000000000000000000000000000000;
	3224 :	000000000000000000000000000000000000000000000000000000000000000;
	3223 :	000000000000000000000000000000000000000000000000000000000000000;
	3222 :	000000000000000000000000000000000000000000000000000000000000000;
	3221 :	000000000000000000000000000000000000000000000000000000000000000;
	3220 :	000000000000000000000000000000000000000000000000000000000000000;
	3219 :	000000000000000000000000000000000000000000000000000000000000000;
	3218 :	000000000000000000000000000000000000000000000000000000000000000;
	3217 :	000000000000000000000000000000000000000000000000000000000000000;
	3216 :	000000000000000000000000000000000000000000000000000000000000000;
	3215 :	000000000000000000000000000000000000000000000000000000000000000;
	3214 :	000000000000000000000000000000000000000000000000000000000000000;
	3213 :	000000000000000000000000000000000000000000000000000000000000000;
	3212 :	000000000000000000000000000000000000000000000000000000000000000;
	3211 :	000000000000000000000000000000000000000000000000000000000000000;
	3210 :	000000000000000000000000000000000000000000000000000000000000000;
	3209 :	000000000000000000000000000000000000000000000000000000000000000;
	3208 :	000000000000000000000000000000000000000000000000000000000000000;
	3207 :	000000000000000000000000000000000000000000000000000000000000000;
	3206 :	000000000000000000000000000000000000000000000000000000000000000;
	3205 :	000000000000000000000000000000000000000000000000000000000000000;
	3204 :	000000000000000000000000000000000000000000000000000000000000000;
	3203 :	000000000000000000000000000000000000000000000000000000000000000;
	3202 :	000000000000000000000000000000000000000000000000000000000000000;
	3201 :	000000000000000000000000000000000000000000000000000000000000000;
	3200 :	000000000000000000000000000000000000000000000000000000000000000;
	3199 :	000000000000000000000000000000000000000000000000000000000000000;
	3198 :	000000000000000000000000000000000000000000000000000000000000000;
	3197 :	000000000000000000000000000000000000000000000000000000000000000;
	3196 :	000000000000000000000000000000000000000000000000000000000000000;
	3195 :	000000000000000000000000000000000000000000000000000000000000000;
	3194 :	000000000000000000000000000000000000000000000000000000000000000;
	3193 :	000000000000000000000000000000000000000000000000000000000000000;
	3192 :	000000000000000000000000000000000000000000000000000000000000000;
	3191 :	000000000000000000000000000000000000000000000000000000000000000;
	3190 :	000000000000000000000000000000000000000000000000000000000000000;
	3189 :	000000000000000000000000000000000000000000000000000000000000000;
	3188 :	000000000000000000000000000000000000000000000000000000000000000;
	3187 :	000000000000000000000000000000000000000000000000000000000000000;
	3186 :	000000000000000000000000000000000000000000000000000000000000000;
	3185 :	000000000000000000000000000000000000000000000000000000000000000;
	3184 :	000000000000000000000000000000000000000000000000000000000000000;
	3183 :	000000000000000000000000000000000000000000000000000000000000000;
	3182 :	000000000000000000000000000000000000000000000000000000000000000;
	3181 :	000000000000000000000000000000000000000000000000000000000000000;
	3180 :	000000000000000000000000000000000000000000000000000000000000000;
	3179 :	000000000000000000000000000000000000000000000000000000000000000;
	3178 :	000000000000000000000000000000000000000000000000000000000000000;
	3177 :	000000000000000000000000000000000000000000000000000000000000000;
	3176 :	000000000000000000000000000000000000000000000000000000000000000;
	3175 :	000000000000000000000000000000000000000000000000000000000000000;
	3174 :	000000000000000000000000000000000000000000000000000000000000000;
	3173 :	000000000000000000000000000000000000000000000000000000000000000;
	3172 :	000000000000000000000000000000000000000000000000000000000000000;
	3171 :	000000000000000000000000000000000000000000000000000000000000000;
	3170 :	000000000000000000000000000000000000000000000000000000000000000;
	3169 :	000000000000000000000000000000000000000000000000000000000000000;
	3168 :	000000000000000000000000000000000000000000000000000000000000000;
	3167 :	000000000000000000000000000000000000000000000000000000000000000;
	3166 :	000000000000000000000000000000000000000000000000000000000000000;
	3165 :	000000000000000000000000000000000000000000000000000000000000000;
	3164 :	000000000000000000000000000000000000000000000000000000000000000;
	3163 :	000000000000000000000000000000000000000000000000000000000000000;
	3162 :	000000000000000000000000000000000000000000000000000000000000000;
	3161 :	000000000000000000000000000000000000000000000000000000000000000;
	3160 :	000000000000000000000000000000000000000000000000000000000000000;
	3159 :	000000000000000000000000000000000000000000000000000000000000000;
	3158 :	000000000000000000000000000000000000000000000000000000000000000;
	3157 :	000000000000000000000000000000000000000000000000000000000000000;
	3156 :	000000000000000000000000000000000000000000000000000000000000000;
	3155 :	000000000000000000000000000000000000000000000000000000000000000;
	3154 :	000000000000000000000000000000000000000000000000000000000000000;
	3153 :	000000000000000000000000000000000000000000000000000000000000000;
	3152 :	000000000000000000000000000000000000000000000000000000000000000;
	3151 :	000000000000000000000000000000000000000000000000000000000000000;
	3150 :	000000000000000000000000000000000000000000000000000000000000000;
	3149 :	000000000000000000000000000000000000000000000000000000000000000;
	3148 :	000000000000000000000000000000000000000000000000000000000000000;
	3147 :	000000000000000000000000000000000000000000000000000000000000000;
	3146 :	000000000000000000000000000000000000000000000000000000000000000;
	3145 :	000000000000000000000000000000000000000000000000000000000000000;
	3144 :	000000000000000000000000000000000000000000000000000000000000000;
	3143 :	000000000000000000000000000000000000000000000000000000000000000;
	3142 :	000000000000000000000000000000000000000000000000000000000000000;
	3141 :	000000000000000000000000000000000000000000000000000000000000000;
	3140 :	000000000000000000000000000000000000000000000000000000000000000;
	3139 :	000000000000000000000000000000000000000000000000000000000000000;
	3138 :	000000000000000000000000000000000000000000000000000000000000000;
	3137 :	000000000000000000000000000000000000000000000000000000000000000;
	3136 :	000000000000000000000000000000000000000000000000000000000000000;
	3135 :	000000000000000000000000000000000000000000000000000000000000000;
	3134 :	000000000000000000000000000000000000000000000000000000000000000;
	3133 :	000000000000000000000000000000000000000000000000000000000000000;
	3132 :	000000000000000000000000000000000000000000000000000000000000000;
	3131 :	000000000000000000000000000000000000000000000000000000000000000;
	3130 :	000000000000000000000000000000000000000000000000000000000000000;
	3129 :	000000000000000000000000000000000000000000000000000000000000000;
	3128 :	000000000000000000000000000000000000000000000000000000000000000;
	3127 :	000000000000000000000000000000000000000000000000000000000000000;
	3126 :	000000000000000000000000000000000000000000000000000000000000000;
	3125 :	000000000000000000000000000000000000000000000000000000000000000;
	3124 :	000000000000000000000000000000000000000000000000000000000000000;
	3123 :	000000000000000000000000000000000000000000000000000000000000000;
	3122 :	000000000000000000000000000000000000000000000000000000000000000;
	3121 :	000000000000000000000000000000000000000000000000000000000000000;
	3120 :	000000000000000000000000000000000000000000000000000000000000000;
	3119 :	000000000000000000000000000000000000000000000000000000000000000;
	3118 :	000000000000000000000000000000000000000000000000000000000000000;
	3117 :	000000000000000000000000000000000000000000000000000000000000000;
	3116 :	000000000000000000000000000000000000000000000000000000000000000;
	3115 :	000000000000000000000000000000000000000000000000000000000000000;
	3114 :	000000000000000000000000000000000000000000000000000000000000000;
	3113 :	000000000000000000000000000000000000000000000000000000000000000;
	3112 :	000000000000000000000000000000000000000000000000000000000000000;
	3111 :	000000000000000000000000000000000000000000000000000000000000000;
	3110 :	000000000000000000000000000000000000000000000000000000000000000;
	3109 :	000000000000000000000000000000000000000000000000000000000000000;
	3108 :	000000000000000000000000000000000000000000000000000000000000000;
	3107 :	000000000000000000000000000000000000000000000000000000000000000;
	3106 :	000000000000000000000000000000000000000000000000000000000000000;
	3105 :	000000000000000000000000000000000000000000000000000000000000000;
	3104 :	000000000000000000000000000000000000000000000000000000000000000;
	3103 :	000000000000000000000000000000000000000000000000000000000000000;
	3102 :	000000000000000000000000000000000000000000000000000000000000000;
	3101 :	000000000000000000000000000000000000000000000000000000000000000;
	3100 :	000000000000000000000000000000000000000000000000000000000000000;
	3099 :	000000000000000000000000000000000000000000000000000000000000000;
	3098 :	000000000000000000000000000000000000000000000000000000000000000;
	3097 :	000000000000000000000000000000000000000000000000000000000000000;
	3096 :	000000000000000000000000000000000000000000000000000000000000000;
	3095 :	000000000000000000000000000000000000000000000000000000000000000;
	3094 :	000000000000000000000000000000000000000000000000000000000000000;
	3093 :	000000000000000000000000000000000000000000000000000000000000000;
	3092 :	000000000000000000000000000000000000000000000000000000000000000;
	3091 :	000000000000000000000000000000000000000000000000000000000000000;
	3090 :	000000000000000000000000000000000000000000000000000000000000000;
	3089 :	000000000000000000000000000000000000000000000000000000000000000;
	3088 :	000000000000000000000000000000000000000000000000000000000000000;
	3087 :	000000000000000000000000000000000000000000000000000000000000000;
	3086 :	000000000000000000000000000000000000000000000000000000000000000;
	3085 :	000000000000000000000000000000000000000000000000000000000000000;
	3084 :	000000000000000000000000000000000000000000000000000000000000000;
	3083 :	000000000000000000000000000000000000000000000000000000000000000;
	3082 :	000000000000000000000000000000000000000000000000000000000000000;
	3081 :	000000000000000000000000000000000000000000000000000000000000000;
	3080 :	000000000000000000000000000000000000000000000000000000000000000;
	3079 :	000000000000000000000000000000000000000000000000000000000000000;
	3078 :	000000000000000000000000000000000000000000000000000000000000000;
	3077 :	000000000000000000000000000000000000000000000000000000000000000;
	3076 :	000000000000000000000000000000000000000000000000000000000000000;
	3075 :	000000000000000000000000000000000000000000000000000000000000000;
	3074 :	000000000000000000000000000000000000000000000000000000000000000;
	3073 :	000000000000000000000000000000000000000000000000000000000000000;
	3072 :	000000000000000000000000000000000000000000000000000000000000000;
	3071 :	000000000000000000000000000000000000000000000000000000000000000;
	3070 :	000000000000000000000000000000000000000000000000000000000000000;
	3069 :	000000000000000000000000000000000000000000000000000000000000000;
	3068 :	000000000000000000000000000000000000000000000000000000000000000;
	3067 :	000000000000000000000000000000000000000000000000000000000000000;
	3066 :	000000000000000000000000000000000000000000000000000000000000000;
	3065 :	000000000000000000000000000000000000000000000000000000000000000;
	3064 :	000000000000000000000000000000000000000000000000000000000000000;
	3063 :	000000000000000000000000000000000000000000000000000000000000000;
	3062 :	000000000000000000000000000000000000000000000000000000000000000;
	3061 :	000000000000000000000000000000000000000000000000000000000000000;
	3060 :	000000000000000000000000000000000000000000000000000000000000000;
	3059 :	000000000000000000000000000000000000000000000000000000000000000;
	3058 :	000000000000000000000000000000000000000000000000000000000000000;
	3057 :	000000000000000000000000000000000000000000000000000000000000000;
	3056 :	000000000000000000000000000000000000000000000000000000000000000;
	3055 :	000000000000000000000000000000000000000000000000000000000000000;
	3054 :	000000000000000000000000000000000000000000000000000000000000000;
	3053 :	000000000000000000000000000000000000000000000000000000000000000;
	3052 :	000000000000000000000000000000000000000000000000000000000000000;
	3051 :	000000000000000000000000000000000000000000000000000000000000000;
	3050 :	000000000000000000000000000000000000000000000000000000000000000;
	3049 :	000000000000000000000000000000000000000000000000000000000000000;
	3048 :	000000000000000000000000000000000000000000000000000000000000000;
	3047 :	000000000000000000000000000000000000000000000000000000000000000;
	3046 :	000000000000000000000000000000000000000000000000000000000000000;
	3045 :	000000000000000000000000000000000000000000000000000000000000000;
	3044 :	000000000000000000000000000000000000000000000000000000000000000;
	3043 :	000000000000000000000000000000000000000000000000000000000000000;
	3042 :	000000000000000000000000000000000000000000000000000000000000000;
	3041 :	000000000000000000000000000000000000000000000000000000000000000;
	3040 :	000000000000000000000000000000000000000000000000000000000000000;
	3039 :	000000000000000000000000000000000000000000000000000000000000000;
	3038 :	000000000000000000000000000000000000000000000000000000000000000;
	3037 :	000000000000000000000000000000000000000000000000000000000000000;
	3036 :	000000000000000000000000000000000000000000000000000000000000000;
	3035 :	000000000000000000000000000000000000000000000000000000000000000;
	3034 :	000000000000000000000000000000000000000000000000000000000000000;
	3033 :	000000000000000000000000000000000000000000000000000000000000000;
	3032 :	000000000000000000000000000000000000000000000000000000000000000;
	3031 :	000000000000000000000000000000000000000000000000000000000000000;
	3030 :	000000000000000000000000000000000000000000000000000000000000000;
	3029 :	000000000000000000000000000000000000000000000000000000000000000;
	3028 :	000000000000000000000000000000000000000000000000000000000000000;
	3027 :	000000000000000000000000000000000000000000000000000000000000000;
	3026 :	000000000000000000000000000000000000000000000000000000000000000;
	3025 :	000000000000000000000000000000000000000000000000000000000000000;
	3024 :	000000000000000000000000000000000000000000000000000000000000000;
	3023 :	000000000000000000000000000000000000000000000000000000000000000;
	3022 :	000000000000000000000000000000000000000000000000000000000000000;
	3021 :	000000000000000000000000000000000000000000000000000000000000000;
	3020 :	000000000000000000000000000000000000000000000000000000000000000;
	3019 :	000000000000000000000000000000000000000000000000000000000000000;
	3018 :	000000000000000000000000000000000000000000000000000000000000000;
	3017 :	000000000000000000000000000000000000000000000000000000000000000;
	3016 :	000000000000000000000000000000000000000000000000000000000000000;
	3015 :	000000000000000000000000000000000000000000000000000000000000000;
	3014 :	000000000000000000000000000000000000000000000000000000000000000;
	3013 :	000000000000000000000000000000000000000000000000000000000000000;
	3012 :	000000000000000000000000000000000000000000000000000000000000000;
	3011 :	000000000000000000000000000000000000000000000000000000000000000;
	3010 :	000000000000000000000000000000000000000000000000000000000000000;
	3009 :	000000000000000000000000000000000000000000000000000000000000000;
	3008 :	000000000000000000000000000000000000000000000000000000000000000;
	3007 :	000000000000000000000000000000000000000000000000000000000000000;
	3006 :	000000000000000000000000000000000000000000000000000000000000000;
	3005 :	000000000000000000000000000000000000000000000000000000000000000;
	3004 :	000000000000000000000000000000000000000000000000000000000000000;
	3003 :	000000000000000000000000000000000000000000000000000000000000000;
	3002 :	000000000000000000000000000000000000000000000000000000000000000;
	3001 :	000000000000000000000000000000000000000000000000000000000000000;
	3000 :	000000000000000000000000000000000000000000000000000000000000000;
	2999 :	000000000000000000000000000000000000000000000000000000000000000;
	2998 :	000000000000000000000000000000000000000000000000000000000000000;
	2997 :	000000000000000000000000000000000000000000000000000000000000000;
	2996 :	000000000000000000000000000000000000000000000000000000000000000;
	2995 :	000000000000000000000000000000000000000000000000000000000000000;
	2994 :	000000000000000000000000000000000000000000000000000000000000000;
	2993 :	000000000000000000000000000000000000000000000000000000000000000;
	2992 :	000000000000000000000000000000000000000000000000000000000000000;
	2991 :	000000000000000000000000000000000000000000000000000000000000000;
	2990 :	000000000000000000000000000000000000000000000000000000000000000;
	2989 :	000000000000000000000000000000000000000000000000000000000000000;
	2988 :	000000000000000000000000000000000000000000000000000000000000000;
	2987 :	000000000000000000000000000000000000000000000000000000000000000;
	2986 :	000000000000000000000000000000000000000000000000000000000000000;
	2985 :	000000000000000000000000000000000000000000000000000000000000000;
	2984 :	000000000000000000000000000000000000000000000000000000000000000;
	2983 :	000000000000000000000000000000000000000000000000000000000000000;
	2982 :	000000000000000000000000000000000000000000000000000000000000000;
	2981 :	000000000000000000000000000000000000000000000000000000000000000;
	2980 :	000000000000000000000000000000000000000000000000000000000000000;
	2979 :	000000000000000000000000000000000000000000000000000000000000000;
	2978 :	000000000000000000000000000000000000000000000000000000000000000;
	2977 :	000000000000000000000000000000000000000000000000000000000000000;
	2976 :	000000000000000000000000000000000000000000000000000000000000000;
	2975 :	000000000000000000000000000000000000000000000000000000000000000;
	2974 :	000000000000000000000000000000000000000000000000000000000000000;
	2973 :	000000000000000000000000000000000000000000000000000000000000000;
	2972 :	000000000000000000000000000000000000000000000000000000000000000;
	2971 :	000000000000000000000000000000000000000000000000000000000000000;
	2970 :	000000000000000000000000000000000000000000000000000000000000000;
	2969 :	000000000000000000000000000000000000000000000000000000000000000;
	2968 :	000000000000000000000000000000000000000000000000000000000000000;
	2967 :	000000000000000000000000000000000000000000000000000000000000000;
	2966 :	000000000000000000000000000000000000000000000000000000000000000;
	2965 :	000000000000000000000000000000000000000000000000000000000000000;
	2964 :	000000000000000000000000000000000000000000000000000000000000000;
	2963 :	000000000000000000000000000000000000000000000000000000000000000;
	2962 :	000000000000000000000000000000000000000000000000000000000000000;
	2961 :	000000000000000000000000000000000000000000000000000000000000000;
	2960 :	000000000000000000000000000000000000000000000000000000000000000;
	2959 :	000000000000000000000000000000000000000000000000000000000000000;
	2958 :	000000000000000000000000000000000000000000000000000000000000000;
	2957 :	000000000000000000000000000000000000000000000000000000000000000;
	2956 :	000000000000000000000000000000000000000000000000000000000000000;
	2955 :	000000000000000000000000000000000000000000000000000000000000000;
	2954 :	000000000000000000000000000000000000000000000000000000000000000;
	2953 :	000000000000000000000000000000000000000000000000000000000000000;
	2952 :	000000000000000000000000000000000000000000000000000000000000000;
	2951 :	000000000000000000000000000000000000000000000000000000000000000;
	2950 :	000000000000000000000000000000000000000000000000000000000000000;
	2949 :	000000000000000000000000000000000000000000000000000000000000000;
	2948 :	000000000000000000000000000000000000000000000000000000000000000;
	2947 :	000000000000000000000000000000000000000000000000000000000000000;
	2946 :	000000000000000000000000000000000000000000000000000000000000000;
	2945 :	000000000000000000000000000000000000000000000000000000000000000;
	2944 :	000000000000000000000000000000000000000000000000000000000000000;
	2943 :	000000000000000000000000000000000000000000000000000000000000000;
	2942 :	000000000000000000000000000000000000000000000000000000000000000;
	2941 :	000000000000000000000000000000000000000000000000000000000000000;
	2940 :	000000000000000000000000000000000000000000000000000000000000000;
	2939 :	000000000000000000000000000000000000000000000000000000000000000;
	2938 :	000000000000000000000000000000000000000000000000000000000000000;
	2937 :	000000000000000000000000000000000000000000000000000000000000000;
	2936 :	000000000000000000000000000000000000000000000000000000000000000;
	2935 :	000000000000000000000000000000000000000000000000000000000000000;
	2934 :	000000000000000000000000000000000000000000000000000000000000000;
	2933 :	000000000000000000000000000000000000000000000000000000000000000;
	2932 :	000000000000000000000000000000000000000000000000000000000000000;
	2931 :	000000000000000000000000000000000000000000000000000000000000000;
	2930 :	000000000000000000000000000000000000000000000000000000000000000;
	2929 :	000000000000000000000000000000000000000000000000000000000000000;
	2928 :	000000000000000000000000000000000000000000000000000000000000000;
	2927 :	000000000000000000000000000000000000000000000000000000000000000;
	2926 :	000000000000000000000000000000000000000000000000000000000000000;
	2925 :	000000000000000000000000000000000000000000000000000000000000000;
	2924 :	000000000000000000000000000000000000000000000000000000000000000;
	2923 :	000000000000000000000000000000000000000000000000000000000000000;
	2922 :	000000000000000000000000000000000000000000000000000000000000000;
	2921 :	000000000000000000000000000000000000000000000000000000000000000;
	2920 :	000000000000000000000000000000000000000000000000000000000000000;
	2919 :	000000000000000000000000000000000000000000000000000000000000000;
	2918 :	000000000000000000000000000000000000000000000000000000000000000;
	2917 :	000000000000000000000000000000000000000000000000000000000000000;
	2916 :	000000000000000000000000000000000000000000000000000000000000000;
	2915 :	000000000000000000000000000000000000000000000000000000000000000;
	2914 :	000000000000000000000000000000000000000000000000000000000000000;
	2913 :	000000000000000000000000000000000000000000000000000000000000000;
	2912 :	000000000000000000000000000000000000000000000000000000000000000;
	2911 :	000000000000000000000000000000000000000000000000000000000000000;
	2910 :	000000000000000000000000000000000000000000000000000000000000000;
	2909 :	000000000000000000000000000000000000000000000000000000000000000;
	2908 :	000000000000000000000000000000000000000000000000000000000000000;
	2907 :	000000000000000000000000000000000000000000000000000000000000000;
	2906 :	000000000000000000000000000000000000000000000000000000000000000;
	2905 :	000000000000000000000000000000000000000000000000000000000000000;
	2904 :	000000000000000000000000000000000000000000000000000000000000000;
	2903 :	000000000000000000000000000000000000000000000000000000000000000;
	2902 :	000000000000000000000000000000000000000000000000000000000000000;
	2901 :	000000000000000000000000000000000000000000000000000000000000000;
	2900 :	000000000000000000000000000000000000000000000000000000000000000;
	2899 :	000000000000000000000000000000000000000000000000000000000000000;
	2898 :	000000000000000000000000000000000000000000000000000000000000000;
	2897 :	000000000000000000000000000000000000000000000000000000000000000;
	2896 :	000000000000000000000000000000000000000000000000000000000000000;
	2895 :	000000000000000000000000000000000000000000000000000000000000000;
	2894 :	000000000000000000000000000000000000000000000000000000000000000;
	2893 :	000000000000000000000000000000000000000000000000000000000000000;
	2892 :	000000000000000000000000000000000000000000000000000000000000000;
	2891 :	000000000000000000000000000000000000000000000000000000000000000;
	2890 :	000000000000000000000000000000000000000000000000000000000000000;
	2889 :	000000000000000000000000000000000000000000000000000000000000000;
	2888 :	000000000000000000000000000000000000000000000000000000000000000;
	2887 :	000000000000000000000000000000000000000000000000000000000000000;
	2886 :	000000000000000000000000000000000000000000000000000000000000000;
	2885 :	000000000000000000000000000000000000000000000000000000000000000;
	2884 :	000000000000000000000000000000000000000000000000000000000000000;
	2883 :	000000000000000000000000000000000000000000000000000000000000000;
	2882 :	000000000000000000000000000000000000000000000000000000000000000;
	2881 :	000000000000000000000000000000000000000000000000000000000000000;
	2880 :	000000000000000000000000000000000000000000000000000000000000000;
	2879 :	000000000000000000000000000000000000000000000000000000000000000;
	2878 :	000000000000000000000000000000000000000000000000000000000000000;
	2877 :	000000000000000000000000000000000000000000000000000000000000000;
	2876 :	000000000000000000000000000000000000000000000000000000000000000;
	2875 :	000000000000000000000000000000000000000000000000000000000000000;
	2874 :	000000000000000000000000000000000000000000000000000000000000000;
	2873 :	000000000000000000000000000000000000000000000000000000000000000;
	2872 :	000000000000000000000000000000000000000000000000000000000000000;
	2871 :	000000000000000000000000000000000000000000000000000000000000000;
	2870 :	000000000000000000000000000000000000000000000000000000000000000;
	2869 :	000000000000000000000000000000000000000000000000000000000000000;
	2868 :	000000000000000000000000000000000000000000000000000000000000000;
	2867 :	000000000000000000000000000000000000000000000000000000000000000;
	2866 :	000000000000000000000000000000000000000000000000000000000000000;
	2865 :	000000000000000000000000000000000000000000000000000000000000000;
	2864 :	000000000000000000000000000000000000000000000000000000000000000;
	2863 :	000000000000000000000000000000000000000000000000000000000000000;
	2862 :	000000000000000000000000000000000000000000000000000000000000000;
	2861 :	000000000000000000000000000000000000000000000000000000000000000;
	2860 :	000000000000000000000000000000000000000000000000000000000000000;
	2859 :	000000000000000000000000000000000000000000000000000000000000000;
	2858 :	000000000000000000000000000000000000000000000000000000000000000;
	2857 :	000000000000000000000000000000000000000000000000000000000000000;
	2856 :	000000000000000000000000000000000000000000000000000000000000000;
	2855 :	000000000000000000000000000000000000000000000000000000000000000;
	2854 :	000000000000000000000000000000000000000000000000000000000000000;
	2853 :	000000000000000000000000000000000000000000000000000000000000000;
	2852 :	000000000000000000000000000000000000000000000000000000000000000;
	2851 :	000000000000000000000000000000000000000000000000000000000000000;
	2850 :	000000000000000000000000000000000000000000000000000000000000000;
	2849 :	000000000000000000000000000000000000000000000000000000000000000;
	2848 :	000000000000000000000000000000000000000000000000000000000000000;
	2847 :	000000000000000000000000000000000000000000000000000000000000000;
	2846 :	000000000000000000000000000000000000000000000000000000000000000;
	2845 :	000000000000000000000000000000000000000000000000000000000000000;
	2844 :	000000000000000000000000000000000000000000000000000000000000000;
	2843 :	000000000000000000000000000000000000000000000000000000000000000;
	2842 :	000000000000000000000000000000000000000000000000000000000000000;
	2841 :	000000000000000000000000000000000000000000000000000000000000000;
	2840 :	000000000000000000000000000000000000000000000000000000000000000;
	2839 :	000000000000000000000000000000000000000000000000000000000000000;
	2838 :	000000000000000000000000000000000000000000000000000000000000000;
	2837 :	000000000000000000000000000000000000000000000000000000000000000;
	2836 :	000000000000000000000000000000000000000000000000000000000000000;
	2835 :	000000000000000000000000000000000000000000000000000000000000000;
	2834 :	000000000000000000000000000000000000000000000000000000000000000;
	2833 :	000000000000000000000000000000000000000000000000000000000000000;
	2832 :	000000000000000000000000000000000000000000000000000000000000000;
	2831 :	000000000000000000000000000000000000000000000000000000000000000;
	2830 :	000000000000000000000000000000000000000000000000000000000000000;
	2829 :	000000000000000000000000000000000000000000000000000000000000000;
	2828 :	000000000000000000000000000000000000000000000000000000000000000;
	2827 :	000000000000000000000000000000000000000000000000000000000000000;
	2826 :	000000000000000000000000000000000000000000000000000000000000000;
	2825 :	000000000000000000000000000000000000000000000000000000000000000;
	2824 :	000000000000000000000000000000000000000000000000000000000000000;
	2823 :	000000000000000000000000000000000000000000000000000000000000000;
	2822 :	000000000000000000000000000000000000000000000000000000000000000;
	2821 :	000000000000000000000000000000000000000000000000000000000000000;
	2820 :	000000000000000000000000000000000000000000000000000000000000000;
	2819 :	000000000000000000000000000000000000000000000000000000000000000;
	2818 :	000000000000000000000000000000000000000000000000000000000000000;
	2817 :	000000000000000000000000000000000000000000000000000000000000000;
	2816 :	000000000000000000000000000000000000000000000000000000000000000;
	2815 :	000000000000000000000000000000000000000000000000000000000000000;
	2814 :	000000000000000000000000000000000000000000000000000000000000000;
	2813 :	000000000000000000000000000000000000000000000000000000000000000;
	2812 :	000000000000000000000000000000000000000000000000000000000000000;
	2811 :	000000000000000000000000000000000000000000000000000000000000000;
	2810 :	000000000000000000000000000000000000000000000000000000000000000;
	2809 :	000000000000000000000000000000000000000000000000000000000000000;
	2808 :	000000000000000000000000000000000000000000000000000000000000000;
	2807 :	000000000000000000000000000000000000000000000000000000000000000;
	2806 :	000000000000000000000000000000000000000000000000000000000000000;
	2805 :	000000000000000000000000000000000000000000000000000000000000000;
	2804 :	000000000000000000000000000000000000000000000000000000000000000;
	2803 :	000000000000000000000000000000000000000000000000000000000000000;
	2802 :	000000000000000000000000000000000000000000000000000000000000000;
	2801 :	000000000000000000000000000000000000000000000000000000000000000;
	2800 :	000000000000000000000000000000000000000000000000000000000000000;
	2799 :	000000000000000000000000000000000000000000000000000000000000000;
	2798 :	000000000000000000000000000000000000000000000000000000000000000;
	2797 :	000000000000000000000000000000000000000000000000000000000000000;
	2796 :	000000000000000000000000000000000000000000000000000000000000000;
	2795 :	000000000000000000000000000000000000000000000000000000000000000;
	2794 :	000000000000000000000000000000000000000000000000000000000000000;
	2793 :	000000000000000000000000000000000000000000000000000000000000000;
	2792 :	000000000000000000000000000000000000000000000000000000000000000;
	2791 :	000000000000000000000000000000000000000000000000000000000000000;
	2790 :	000000000000000000000000000000000000000000000000000000000000000;
	2789 :	000000000000000000000000000000000000000000000000000000000000000;
	2788 :	000000000000000000000000000000000000000000000000000000000000000;
	2787 :	000000000000000000000000000000000000000000000000000000000000000;
	2786 :	000000000000000000000000000000000000000000000000000000000000000;
	2785 :	000000000000000000000000000000000000000000000000000000000000000;
	2784 :	000000000000000000000000000000000000000000000000000000000000000;
	2783 :	000000000000000000000000000000000000000000000000000000000000000;
	2782 :	000000000000000000000000000000000000000000000000000000000000000;
	2781 :	000000000000000000000000000000000000000000000000000000000000000;
	2780 :	000000000000000000000000000000000000000000000000000000000000000;
	2779 :	000000000000000000000000000000000000000000000000000000000000000;
	2778 :	000000000000000000000000000000000000000000000000000000000000000;
	2777 :	000000000000000000000000000000000000000000000000000000000000000;
	2776 :	000000000000000000000000000000000000000000000000000000000000000;
	2775 :	000000000000000000000000000000000000000000000000000000000000000;
	2774 :	000000000000000000000000000000000000000000000000000000000000000;
	2773 :	000000000000000000000000000000000000000000000000000000000000000;
	2772 :	000000000000000000000000000000000000000000000000000000000000000;
	2771 :	000000000000000000000000000000000000000000000000000000000000000;
	2770 :	000000000000000000000000000000000000000000000000000000000000000;
	2769 :	000000000000000000000000000000000000000000000000000000000000000;
	2768 :	000000000000000000000000000000000000000000000000000000000000000;
	2767 :	000000000000000000000000000000000000000000000000000000000000000;
	2766 :	000000000000000000000000000000000000000000000000000000000000000;
	2765 :	000000000000000000000000000000000000000000000000000000000000000;
	2764 :	000000000000000000000000000000000000000000000000000000000000000;
	2763 :	000000000000000000000000000000000000000000000000000000000000000;
	2762 :	000000000000000000000000000000000000000000000000000000000000000;
	2761 :	000000000000000000000000000000000000000000000000000000000000000;
	2760 :	000000000000000000000000000000000000000000000000000000000000000;
	2759 :	000000000000000000000000000000000000000000000000000000000000000;
	2758 :	000000000000000000000000000000000000000000000000000000000000000;
	2757 :	000000000000000000000000000000000000000000000000000000000000000;
	2756 :	000000000000000000000000000000000000000000000000000000000000000;
	2755 :	000000000000000000000000000000000000000000000000000000000000000;
	2754 :	000000000000000000000000000000000000000000000000000000000000000;
	2753 :	000000000000000000000000000000000000000000000000000000000000000;
	2752 :	000000000000000000000000000000000000000000000000000000000000000;
	2751 :	000000000000000000000000000000000000000000000000000000000000000;
	2750 :	000000000000000000000000000000000000000000000000000000000000000;
	2749 :	000000000000000000000000000000000000000000000000000000000000000;
	2748 :	000000000000000000000000000000000000000000000000000000000000000;
	2747 :	000000000000000000000000000000000000000000000000000000000000000;
	2746 :	000000000000000000000000000000000000000000000000000000000000000;
	2745 :	000000000000000000000000000000000000000000000000000000000000000;
	2744 :	000000000000000000000000000000000000000000000000000000000000000;
	2743 :	000000000000000000000000000000000000000000000000000000000000000;
	2742 :	000000000000000000000000000000000000000000000000000000000000000;
	2741 :	000000000000000000000000000000000000000000000000000000000000000;
	2740 :	000000000000000000000000000000000000000000000000000000000000000;
	2739 :	000000000000000000000000000000000000000000000000000000000000000;
	2738 :	000000000000000000000000000000000000000000000000000000000000000;
	2737 :	000000000000000000000000000000000000000000000000000000000000000;
	2736 :	000000000000000000000000000000000000000000000000000000000000000;
	2735 :	000000000000000000000000000000000000000000000000000000000000000;
	2734 :	000000000000000000000000000000000000000000000000000000000000000;
	2733 :	000000000000000000000000000000000000000000000000000000000000000;
	2732 :	000000000000000000000000000000000000000000000000000000000000000;
	2731 :	000000000000000000000000000000000000000000000000000000000000000;
	2730 :	000000000000000000000000000000000000000000000000000000000000000;
	2729 :	000000000000000000000000000000000000000000000000000000000000000;
	2728 :	000000000000000000000000000000000000000000000000000000000000000;
	2727 :	000000000000000000000000000000000000000000000000000000000000000;
	2726 :	000000000000000000000000000000000000000000000000000000000000000;
	2725 :	000000000000000000000000000000000000000000000000000000000000000;
	2724 :	000000000000000000000000000000000000000000000000000000000000000;
	2723 :	000000000000000000000000000000000000000000000000000000000000000;
	2722 :	000000000000000000000000000000000000000000000000000000000000000;
	2721 :	000000000000000000000000000000000000000000000000000000000000000;
	2720 :	000000000000000000000000000000000000000000000000000000000000000;
	2719 :	000000000000000000000000000000000000000000000000000000000000000;
	2718 :	000000000000000000000000000000000000000000000000000000000000000;
	2717 :	000000000000000000000000000000000000000000000000000000000000000;
	2716 :	000000000000000000000000000000000000000000000000000000000000000;
	2715 :	000000000000000000000000000000000000000000000000000000000000000;
	2714 :	000000000000000000000000000000000000000000000000000000000000000;
	2713 :	000000000000000000000000000000000000000000000000000000000000000;
	2712 :	000000000000000000000000000000000000000000000000000000000000000;
	2711 :	000000000000000000000000000000000000000000000000000000000000000;
	2710 :	000000000000000000000000000000000000000000000000000000000000000;
	2709 :	000000000000000000000000000000000000000000000000000000000000000;
	2708 :	000000000000000000000000000000000000000000000000000000000000000;
	2707 :	000000000000000000000000000000000000000000000000000000000000000;
	2706 :	000000000000000000000000000000000000000000000000000000000000000;
	2705 :	000000000000000000000000000000000000000000000000000000000000000;
	2704 :	000000000000000000000000000000000000000000000000000000000000000;
	2703 :	000000000000000000000000000000000000000000000000000000000000000;
	2702 :	000000000000000000000000000000000000000000000000000000000000000;
	2701 :	000000000000000000000000000000000000000000000000000000000000000;
	2700 :	000000000000000000000000000000000000000000000000000000000000000;
	2699 :	000000000000000000000000000000000000000000000000000000000000000;
	2698 :	000000000000000000000000000000000000000000000000000000000000000;
	2697 :	000000000000000000000000000000000000000000000000000000000000000;
	2696 :	000000000000000000000000000000000000000000000000000000000000000;
	2695 :	000000000000000000000000000000000000000000000000000000000000000;
	2694 :	000000000000000000000000000000000000000000000000000000000000000;
	2693 :	000000000000000000000000000000000000000000000000000000000000000;
	2692 :	000000000000000000000000000000000000000000000000000000000000000;
	2691 :	000000000000000000000000000000000000000000000000000000000000000;
	2690 :	000000000000000000000000000000000000000000000000000000000000000;
	2689 :	000000000000000000000000000000000000000000000000000000000000000;
	2688 :	000000000000000000000000000000000000000000000000000000000000000;
	2687 :	000000000000000000000000000000000000000000000000000000000000000;
	2686 :	000000000000000000000000000000000000000000000000000000000000000;
	2685 :	000000000000000000000000000000000000000000000000000000000000000;
	2684 :	000000000000000000000000000000000000000000000000000000000000000;
	2683 :	000000000000000000000000000000000000000000000000000000000000000;
	2682 :	000000000000000000000000000000000000000000000000000000000000000;
	2681 :	000000000000000000000000000000000000000000000000000000000000000;
	2680 :	000000000000000000000000000000000000000000000000000000000000000;
	2679 :	000000000000000000000000000000000000000000000000000000000000000;
	2678 :	000000000000000000000000000000000000000000000000000000000000000;
	2677 :	000000000000000000000000000000000000000000000000000000000000000;
	2676 :	000000000000000000000000000000000000000000000000000000000000000;
	2675 :	000000000000000000000000000000000000000000000000000000000000000;
	2674 :	000000000000000000000000000000000000000000000000000000000000000;
	2673 :	000000000000000000000000000000000000000000000000000000000000000;
	2672 :	000000000000000000000000000000000000000000000000000000000000000;
	2671 :	000000000000000000000000000000000000000000000000000000000000000;
	2670 :	000000000000000000000000000000000000000000000000000000000000000;
	2669 :	000000000000000000000000000000000000000000000000000000000000000;
	2668 :	000000000000000000000000000000000000000000000000000000000000000;
	2667 :	000000000000000000000000000000000000000000000000000000000000000;
	2666 :	000000000000000000000000000000000000000000000000000000000000000;
	2665 :	000000000000000000000000000000000000000000000000000000000000000;
	2664 :	000000000000000000000000000000000000000000000000000000000000000;
	2663 :	000000000000000000000000000000000000000000000000000000000000000;
	2662 :	000000000000000000000000000000000000000000000000000000000000000;
	2661 :	000000000000000000000000000000000000000000000000000000000000000;
	2660 :	000000000000000000000000000000000000000000000000000000000000000;
	2659 :	000000000000000000000000000000000000000000000000000000000000000;
	2658 :	000000000000000000000000000000000000000000000000000000000000000;
	2657 :	000000000000000000000000000000000000000000000000000000000000000;
	2656 :	000000000000000000000000000000000000000000000000000000000000000;
	2655 :	000000000000000000000000000000000000000000000000000000000000000;
	2654 :	000000000000000000000000000000000000000000000000000000000000000;
	2653 :	000000000000000000000000000000000000000000000000000000000000000;
	2652 :	000000000000000000000000000000000000000000000000000000000000000;
	2651 :	000000000000000000000000000000000000000000000000000000000000000;
	2650 :	000000000000000000000000000000000000000000000000000000000000000;
	2649 :	000000000000000000000000000000000000000000000000000000000000000;
	2648 :	000000000000000000000000000000000000000000000000000000000000000;
	2647 :	000000000000000000000000000000000000000000000000000000000000000;
	2646 :	000000000000000000000000000000000000000000000000000000000000000;
	2645 :	000000000000000000000000000000000000000000000000000000000000000;
	2644 :	000000000000000000000000000000000000000000000000000000000000000;
	2643 :	000000000000000000000000000000000000000000000000000000000000000;
	2642 :	000000000000000000000000000000000000000000000000000000000000000;
	2641 :	000000000000000000000000000000000000000000000000000000000000000;
	2640 :	000000000000000000000000000000000000000000000000000000000000000;
	2639 :	000000000000000000000000000000000000000000000000000000000000000;
	2638 :	000000000000000000000000000000000000000000000000000000000000000;
	2637 :	000000000000000000000000000000000000000000000000000000000000000;
	2636 :	000000000000000000000000000000000000000000000000000000000000000;
	2635 :	000000000000000000000000000000000000000000000000000000000000000;
	2634 :	000000000000000000000000000000000000000000000000000000000000000;
	2633 :	000000000000000000000000000000000000000000000000000000000000000;
	2632 :	000000000000000000000000000000000000000000000000000000000000000;
	2631 :	000000000000000000000000000000000000000000000000000000000000000;
	2630 :	000000000000000000000000000000000000000000000000000000000000000;
	2629 :	000000000000000000000000000000000000000000000000000000000000000;
	2628 :	000000000000000000000000000000000000000000000000000000000000000;
	2627 :	000000000000000000000000000000000000000000000000000000000000000;
	2626 :	000000000000000000000000000000000000000000000000000000000000000;
	2625 :	000000000000000000000000000000000000000000000000000000000000000;
	2624 :	000000000000000000000000000000000000000000000000000000000000000;
	2623 :	000000000000000000000000000000000000000000000000000000000000000;
	2622 :	000000000000000000000000000000000000000000000000000000000000000;
	2621 :	000000000000000000000000000000000000000000000000000000000000000;
	2620 :	000000000000000000000000000000000000000000000000000000000000000;
	2619 :	000000000000000000000000000000000000000000000000000000000000000;
	2618 :	000000000000000000000000000000000000000000000000000000000000000;
	2617 :	000000000000000000000000000000000000000000000000000000000000000;
	2616 :	000000000000000000000000000000000000000000000000000000000000000;
	2615 :	000000000000000000000000000000000000000000000000000000000000000;
	2614 :	000000000000000000000000000000000000000000000000000000000000000;
	2613 :	000000000000000000000000000000000000000000000000000000000000000;
	2612 :	000000000000000000000000000000000000000000000000000000000000000;
	2611 :	000000000000000000000000000000000000000000000000000000000000000;
	2610 :	000000000000000000000000000000000000000000000000000000000000000;
	2609 :	000000000000000000000000000000000000000000000000000000000000000;
	2608 :	000000000000000000000000000000000000000000000000000000000000000;
	2607 :	000000000000000000000000000000000000000000000000000000000000000;
	2606 :	000000000000000000000000000000000000000000000000000000000000000;
	2605 :	000000000000000000000000000000000000000000000000000000000000000;
	2604 :	000000000000000000000000000000000000000000000000000000000000000;
	2603 :	000000000000000000000000000000000000000000000000000000000000000;
	2602 :	000000000000000000000000000000000000000000000000000000000000000;
	2601 :	000000000000000000000000000000000000000000000000000000000000000;
	2600 :	000000000000000000000000000000000000000000000000000000000000000;
	2599 :	000000000000000000000000000000000000000000000000000000000000000;
	2598 :	000000000000000000000000000000000000000000000000000000000000000;
	2597 :	000000000000000000000000000000000000000000000000000000000000000;
	2596 :	000000000000000000000000000000000000000000000000000000000000000;
	2595 :	000000000000000000000000000000000000000000000000000000000000000;
	2594 :	000000000000000000000000000000000000000000000000000000000000000;
	2593 :	000000000000000000000000000000000000000000000000000000000000000;
	2592 :	000000000000000000000000000000000000000000000000000000000000000;
	2591 :	000000000000000000000000000000000000000000000000000000000000000;
	2590 :	000000000000000000000000000000000000000000000000000000000000000;
	2589 :	000000000000000000000000000000000000000000000000000000000000000;
	2588 :	000000000000000000000000000000000000000000000000000000000000000;
	2587 :	000000000000000000000000000000000000000000000000000000000000000;
	2586 :	000000000000000000000000000000000000000000000000000000000000000;
	2585 :	000000000000000000000000000000000000000000000000000000000000000;
	2584 :	000000000000000000000000000000000000000000000000000000000000000;
	2583 :	000000000000000000000000000000000000000000000000000000000000000;
	2582 :	000000000000000000000000000000000000000000000000000000000000000;
	2581 :	000000000000000000000000000000000000000000000000000000000000000;
	2580 :	000000000000000000000000000000000000000000000000000000000000000;
	2579 :	000000000000000000000000000000000000000000000000000000000000000;
	2578 :	000000000000000000000000000000000000000000000000000000000000000;
	2577 :	000000000000000000000000000000000000000000000000000000000000000;
	2576 :	000000000000000000000000000000000000000000000000000000000000000;
	2575 :	000000000000000000000000000000000000000000000000000000000000000;
	2574 :	000000000000000000000000000000000000000000000000000000000000000;
	2573 :	000000000000000000000000000000000000000000000000000000000000000;
	2572 :	000000000000000000000000000000000000000000000000000000000000000;
	2571 :	000000000000000000000000000000000000000000000000000000000000000;
	2570 :	000000000000000000000000000000000000000000000000000000000000000;
	2569 :	000000000000000000000000000000000000000000000000000000000000000;
	2568 :	000000000000000000000000000000000000000000000000000000000000000;
	2567 :	000000000000000000000000000000000000000000000000000000000000000;
	2566 :	000000000000000000000000000000000000000000000000000000000000000;
	2565 :	000000000000000000000000000000000000000000000000000000000000000;
	2564 :	000000000000000000000000000000000000000000000000000000000000000;
	2563 :	000000000000000000000000000000000000000000000000000000000000000;
	2562 :	000000000000000000000000000000000000000000000000000000000000000;
	2561 :	000000000000000000000000000000000000000000000000000000000000000;
	2560 :	000000000000000000000000000000000000000000000000000000000000000;
	2559 :	000000000000000000000000000000000000000000000000000000000000000;
	2558 :	000000000000000000000000000000000000000000000000000000000000000;
	2557 :	000000000000000000000000000000000000000000000000000000000000000;
	2556 :	000000000000000000000000000000000000000000000000000000000000000;
	2555 :	000000000000000000000000000000000000000000000000000000000000000;
	2554 :	000000000000000000000000000000000000000000000000000000000000000;
	2553 :	000000000000000000000000000000000000000000000000000000000000000;
	2552 :	000000000000000000000000000000000000000000000000000000000000000;
	2551 :	000000000000000000000000000000000000000000000000000000000000000;
	2550 :	000000000000000000000000000000000000000000000000000000000000000;
	2549 :	000000000000000000000000000000000000000000000000000000000000000;
	2548 :	000000000000000000000000000000000000000000000000000000000000000;
	2547 :	000000000000000000000000000000000000000000000000000000000000000;
	2546 :	000000000000000000000000000000000000000000000000000000000000000;
	2545 :	000000000000000000000000000000000000000000000000000000000000000;
	2544 :	000000000000000000000000000000000000000000000000000000000000000;
	2543 :	000000000000000000000000000000000000000000000000000000000000000;
	2542 :	000000000000000000000000000000000000000000000000000000000000000;
	2541 :	000000000000000000000000000000000000000000000000000000000000000;
	2540 :	000000000000000000000000000000000000000000000000000000000000000;
	2539 :	000000000000000000000000000000000000000000000000000000000000000;
	2538 :	000000000000000000000000000000000000000000000000000000000000000;
	2537 :	000000000000000000000000000000000000000000000000000000000000000;
	2536 :	000000000000000000000000000000000000000000000000000000000000000;
	2535 :	000000000000000000000000000000000000000000000000000000000000000;
	2534 :	000000000000000000000000000000000000000000000000000000000000000;
	2533 :	000000000000000000000000000000000000000000000000000000000000000;
	2532 :	000000000000000000000000000000000000000000000000000000000000000;
	2531 :	000000000000000000000000000000000000000000000000000000000000000;
	2530 :	000000000000000000000000000000000000000000000000000000000000000;
	2529 :	000000000000000000000000000000000000000000000000000000000000000;
	2528 :	000000000000000000000000000000000000000000000000000000000000000;
	2527 :	000000000000000000000000000000000000000000000000000000000000000;
	2526 :	000000000000000000000000000000000000000000000000000000000000000;
	2525 :	000000000000000000000000000000000000000000000000000000000000000;
	2524 :	000000000000000000000000000000000000000000000000000000000000000;
	2523 :	000000000000000000000000000000000000000000000000000000000000000;
	2522 :	000000000000000000000000000000000000000000000000000000000000000;
	2521 :	000000000000000000000000000000000000000000000000000000000000000;
	2520 :	000000000000000000000000000000000000000000000000000000000000000;
	2519 :	000000000000000000000000000000000000000000000000000000000000000;
	2518 :	000000000000000000000000000000000000000000000000000000000000000;
	2517 :	000000000000000000000000000000000000000000000000000000000000000;
	2516 :	000000000000000000000000000000000000000000000000000000000000000;
	2515 :	000000000000000000000000000000000000000000000000000000000000000;
	2514 :	000000000000000000000000000000000000000000000000000000000000000;
	2513 :	000000000000000000000000000000000000000000000000000000000000000;
	2512 :	000000000000000000000000000000000000000000000000000000000000000;
	2511 :	000000000000000000000000000000000000000000000000000000000000000;
	2510 :	000000000000000000000000000000000000000000000000000000000000000;
	2509 :	000000000000000000000000000000000000000000000000000000000000000;
	2508 :	000000000000000000000000000000000000000000000000000000000000000;
	2507 :	000000000000000000000000000000000000000000000000000000000000000;
	2506 :	000000000000000000000000000000000000000000000000000000000000000;
	2505 :	000000000000000000000000000000000000000000000000000000000000000;
	2504 :	000000000000000000000000000000000000000000000000000000000000000;
	2503 :	000000000000000000000000000000000000000000000000000000000000000;
	2502 :	000000000000000000000000000000000000000000000000000000000000000;
	2501 :	000000000000000000000000000000000000000000000000000000000000000;
	2500 :	000000000000000000000000000000000000000000000000000000000000000;
	2499 :	000000000000000000000000000000000000000000000000000000000000000;
	2498 :	000000000000000000000000000000000000000000000000000000000000000;
	2497 :	000000000000000000000000000000000000000000000000000000000000000;
	2496 :	000000000000000000000000000000000000000000000000000000000000000;
	2495 :	000000000000000000000000000000000000000000000000000000000000000;
	2494 :	000000000000000000000000000000000000000000000000000000000000000;
	2493 :	000000000000000000000000000000000000000000000000000000000000000;
	2492 :	000000000000000000000000000000000000000000000000000000000000000;
	2491 :	000000000000000000000000000000000000000000000000000000000000000;
	2490 :	000000000000000000000000000000000000000000000000000000000000000;
	2489 :	000000000000000000000000000000000000000000000000000000000000000;
	2488 :	000000000000000000000000000000000000000000000000000000000000000;
	2487 :	000000000000000000000000000000000000000000000000000000000000000;
	2486 :	000000000000000000000000000000000000000000000000000000000000000;
	2485 :	000000000000000000000000000000000000000000000000000000000000000;
	2484 :	000000000000000000000000000000000000000000000000000000000000000;
	2483 :	000000000000000000000000000000000000000000000000000000000000000;
	2482 :	000000000000000000000000000000000000000000000000000000000000000;
	2481 :	000000000000000000000000000000000000000000000000000000000000000;
	2480 :	000000000000000000000000000000000000000000000000000000000000000;
	2479 :	000000000000000000000000000000000000000000000000000000000000000;
	2478 :	000000000000000000000000000000000000000000000000000000000000000;
	2477 :	000000000000000000000000000000000000000000000000000000000000000;
	2476 :	000000000000000000000000000000000000000000000000000000000000000;
	2475 :	000000000000000000000000000000000000000000000000000000000000000;
	2474 :	000000000000000000000000000000000000000000000000000000000000000;
	2473 :	000000000000000000000000000000000000000000000000000000000000000;
	2472 :	000000000000000000000000000000000000000000000000000000000000000;
	2471 :	000000000000000000000000000000000000000000000000000000000000000;
	2470 :	000000000000000000000000000000000000000000000000000000000000000;
	2469 :	000000000000000000000000000000000000000000000000000000000000000;
	2468 :	000000000000000000000000000000000000000000000000000000000000000;
	2467 :	000000000000000000000000000000000000000000000000000000000000000;
	2466 :	000000000000000000000000000000000000000000000000000000000000000;
	2465 :	000000000000000000000000000000000000000000000000000000000000000;
	2464 :	000000000000000000000000000000000000000000000000000000000000000;
	2463 :	000000000000000000000000000000000000000000000000000000000000000;
	2462 :	000000000000000000000000000000000000000000000000000000000000000;
	2461 :	000000000000000000000000000000000000000000000000000000000000000;
	2460 :	000000000000000000000000000000000000000000000000000000000000000;
	2459 :	000000000000000000000000000000000000000000000000000000000000000;
	2458 :	000000000000000000000000000000000000000000000000000000000000000;
	2457 :	000000000000000000000000000000000000000000000000000000000000000;
	2456 :	000000000000000000000000000000000000000000000000000000000000000;
	2455 :	000000000000000000000000000000000000000000000000000000000000000;
	2454 :	000000000000000000000000000000000000000000000000000000000000000;
	2453 :	000000000000000000000000000000000000000000000000000000000000000;
	2452 :	000000000000000000000000000000000000000000000000000000000000000;
	2451 :	000000000000000000000000000000000000000000000000000000000000000;
	2450 :	000000000000000000000000000000000000000000000000000000000000000;
	2449 :	000000000000000000000000000000000000000000000000000000000000000;
	2448 :	000000000000000000000000000000000000000000000000000000000000000;
	2447 :	000000000000000000000000000000000000000000000000000000000000000;
	2446 :	000000000000000000000000000000000000000000000000000000000000000;
	2445 :	000000000000000000000000000000000000000000000000000000000000000;
	2444 :	000000000000000000000000000000000000000000000000000000000000000;
	2443 :	000000000000000000000000000000000000000000000000000000000000000;
	2442 :	000000000000000000000000000000000000000000000000000000000000000;
	2441 :	000000000000000000000000000000000000000000000000000000000000000;
	2440 :	000000000000000000000000000000000000000000000000000000000000000;
	2439 :	000000000000000000000000000000000000000000000000000000000000000;
	2438 :	000000000000000000000000000000000000000000000000000000000000000;
	2437 :	000000000000000000000000000000000000000000000000000000000000000;
	2436 :	000000000000000000000000000000000000000000000000000000000000000;
	2435 :	000000000000000000000000000000000000000000000000000000000000000;
	2434 :	000000000000000000000000000000000000000000000000000000000000000;
	2433 :	000000000000000000000000000000000000000000000000000000000000000;
	2432 :	000000000000000000000000000000000000000000000000000000000000000;
	2431 :	000000000000000000000000000000000000000000000000000000000000000;
	2430 :	000000000000000000000000000000000000000000000000000000000000000;
	2429 :	000000000000000000000000000000000000000000000000000000000000000;
	2428 :	000000000000000000000000000000000000000000000000000000000000000;
	2427 :	000000000000000000000000000000000000000000000000000000000000000;
	2426 :	000000000000000000000000000000000000000000000000000000000000000;
	2425 :	000000000000000000000000000000000000000000000000000000000000000;
	2424 :	000000000000000000000000000000000000000000000000000000000000000;
	2423 :	000000000000000000000000000000000000000000000000000000000000000;
	2422 :	000000000000000000000000000000000000000000000000000000000000000;
	2421 :	000000000000000000000000000000000000000000000000000000000000000;
	2420 :	000000000000000000000000000000000000000000000000000000000000000;
	2419 :	000000000000000000000000000000000000000000000000000000000000000;
	2418 :	000000000000000000000000000000000000000000000000000000000000000;
	2417 :	000000000000000000000000000000000000000000000000000000000000000;
	2416 :	000000000000000000000000000000000000000000000000000000000000000;
	2415 :	000000000000000000000000000000000000000000000000000000000000000;
	2414 :	000000000000000000000000000000000000000000000000000000000000000;
	2413 :	000000000000000000000000000000000000000000000000000000000000000;
	2412 :	000000000000000000000000000000000000000000000000000000000000000;
	2411 :	000000000000000000000000000000000000000000000000000000000000000;
	2410 :	000000000000000000000000000000000000000000000000000000000000000;
	2409 :	000000000000000000000000000000000000000000000000000000000000000;
	2408 :	000000000000000000000000000000000000000000000000000000000000000;
	2407 :	000000000000000000000000000000000000000000000000000000000000000;
	2406 :	000000000000000000000000000000000000000000000000000000000000000;
	2405 :	000000000000000000000000000000000000000000000000000000000000000;
	2404 :	000000000000000000000000000000000000000000000000000000000000000;
	2403 :	000000000000000000000000000000000000000000000000000000000000000;
	2402 :	000000000000000000000000000000000000000000000000000000000000000;
	2401 :	000000000000000000000000000000000000000000000000000000000000000;
	2400 :	000000000000000000000000000000000000000000000000000000000000000;
	2399 :	000000000000000000000000000000000000000000000000000000000000000;
	2398 :	000000000000000000000000000000000000000000000000000000000000000;
	2397 :	000000000000000000000000000000000000000000000000000000000000000;
	2396 :	000000000000000000000000000000000000000000000000000000000000000;
	2395 :	000000000000000000000000000000000000000000000000000000000000000;
	2394 :	000000000000000000000000000000000000000000000000000000000000000;
	2393 :	000000000000000000000000000000000000000000000000000000000000000;
	2392 :	000000000000000000000000000000000000000000000000000000000000000;
	2391 :	000000000000000000000000000000000000000000000000000000000000000;
	2390 :	000000000000000000000000000000000000000000000000000000000000000;
	2389 :	000000000000000000000000000000000000000000000000000000000000000;
	2388 :	000000000000000000000000000000000000000000000000000000000000000;
	2387 :	000000000000000000000000000000000000000000000000000000000000000;
	2386 :	000000000000000000000000000000000000000000000000000000000000000;
	2385 :	000000000000000000000000000000000000000000000000000000000000000;
	2384 :	000000000000000000000000000000000000000000000000000000000000000;
	2383 :	000000000000000000000000000000000000000000000000000000000000000;
	2382 :	000000000000000000000000000000000000000000000000000000000000000;
	2381 :	000000000000000000000000000000000000000000000000000000000000000;
	2380 :	000000000000000000000000000000000000000000000000000000000000000;
	2379 :	000000000000000000000000000000000000000000000000000000000000000;
	2378 :	000000000000000000000000000000000000000000000000000000000000000;
	2377 :	000000000000000000000000000000000000000000000000000000000000000;
	2376 :	000000000000000000000000000000000000000000000000000000000000000;
	2375 :	000000000000000000000000000000000000000000000000000000000000000;
	2374 :	000000000000000000000000000000000000000000000000000000000000000;
	2373 :	000000000000000000000000000000000000000000000000000000000000000;
	2372 :	000000000000000000000000000000000000000000000000000000000000000;
	2371 :	000000000000000000000000000000000000000000000000000000000000000;
	2370 :	000000000000000000000000000000000000000000000000000000000000000;
	2369 :	000000000000000000000000000000000000000000000000000000000000000;
	2368 :	000000000000000000000000000000000000000000000000000000000000000;
	2367 :	000000000000000000000000000000000000000000000000000000000000000;
	2366 :	000000000000000000000000000000000000000000000000000000000000000;
	2365 :	000000000000000000000000000000000000000000000000000000000000000;
	2364 :	000000000000000000000000000000000000000000000000000000000000000;
	2363 :	000000000000000000000000000000000000000000000000000000000000000;
	2362 :	000000000000000000000000000000000000000000000000000000000000000;
	2361 :	000000000000000000000000000000000000000000000000000000000000000;
	2360 :	000000000000000000000000000000000000000000000000000000000000000;
	2359 :	000000000000000000000000000000000000000000000000000000000000000;
	2358 :	000000000000000000000000000000000000000000000000000000000000000;
	2357 :	000000000000000000000000000000000000000000000000000000000000000;
	2356 :	000000000000000000000000000000000000000000000000000000000000000;
	2355 :	000000000000000000000000000000000000000000000000000000000000000;
	2354 :	000000000000000000000000000000000000000000000000000000000000000;
	2353 :	000000000000000000000000000000000000000000000000000000000000000;
	2352 :	000000000000000000000000000000000000000000000000000000000000000;
	2351 :	000000000000000000000000000000000000000000000000000000000000000;
	2350 :	000000000000000000000000000000000000000000000000000000000000000;
	2349 :	000000000000000000000000000000000000000000000000000000000000000;
	2348 :	000000000000000000000000000000000000000000000000000000000000000;
	2347 :	000000000000000000000000000000000000000000000000000000000000000;
	2346 :	000000000000000000000000000000000000000000000000000000000000000;
	2345 :	000000000000000000000000000000000000000000000000000000000000000;
	2344 :	000000000000000000000000000000000000000000000000000000000000000;
	2343 :	000000000000000000000000000000000000000000000000000000000000000;
	2342 :	000000000000000000000000000000000000000000000000000000000000000;
	2341 :	000000000000000000000000000000000000000000000000000000000000000;
	2340 :	000000000000000000000000000000000000000000000000000000000000000;
	2339 :	000000000000000000000000000000000000000000000000000000000000000;
	2338 :	000000000000000000000000000000000000000000000000000000000000000;
	2337 :	000000000000000000000000000000000000000000000000000000000000000;
	2336 :	000000000000000000000000000000000000000000000000000000000000000;
	2335 :	000000000000000000000000000000000000000000000000000000000000000;
	2334 :	000000000000000000000000000000000000000000000000000000000000000;
	2333 :	000000000000000000000000000000000000000000000000000000000000000;
	2332 :	000000000000000000000000000000000000000000000000000000000000000;
	2331 :	000000000000000000000000000000000000000000000000000000000000000;
	2330 :	000000000000000000000000000000000000000000000000000000000000000;
	2329 :	000000000000000000000000000000000000000000000000000000000000000;
	2328 :	000000000000000000000000000000000000000000000000000000000000000;
	2327 :	000000000000000000000000000000000000000000000000000000000000000;
	2326 :	000000000000000000000000000000000000000000000000000000000000000;
	2325 :	000000000000000000000000000000000000000000000000000000000000000;
	2324 :	000000000000000000000000000000000000000000000000000000000000000;
	2323 :	000000000000000000000000000000000000000000000000000000000000000;
	2322 :	000000000000000000000000000000000000000000000000000000000000000;
	2321 :	000000000000000000000000000000000000000000000000000000000000000;
	2320 :	000000000000000000000000000000000000000000000000000000000000000;
	2319 :	000000000000000000000000000000000000000000000000000000000000000;
	2318 :	000000000000000000000000000000000000000000000000000000000000000;
	2317 :	000000000000000000000000000000000000000000000000000000000000000;
	2316 :	000000000000000000000000000000000000000000000000000000000000000;
	2315 :	000000000000000000000000000000000000000000000000000000000000000;
	2314 :	000000000000000000000000000000000000000000000000000000000000000;
	2313 :	000000000000000000000000000000000000000000000000000000000000000;
	2312 :	000000000000000000000000000000000000000000000000000000000000000;
	2311 :	000000000000000000000000000000000000000000000000000000000000000;
	2310 :	000000000000000000000000000000000000000000000000000000000000000;
	2309 :	000000000000000000000000000000000000000000000000000000000000000;
	2308 :	000000000000000000000000000000000000000000000000000000000000000;
	2307 :	000000000000000000000000000000000000000000000000000000000000000;
	2306 :	000000000000000000000000000000000000000000000000000000000000000;
	2305 :	000000000000000000000000000000000000000000000000000000000000000;
	2304 :	000000000000000000000000000000000000000000000000000000000000000;
	2303 :	000000000000000000000000000000000000000000000000000000000000000;
	2302 :	000000000000000000000000000000000000000000000000000000000000000;
	2301 :	000000000000000000000000000000000000000000000000000000000000000;
	2300 :	000000000000000000000000000000000000000000000000000000000000000;
	2299 :	000000000000000000000000000000000000000000000000000000000000000;
	2298 :	000000000000000000000000000000000000000000000000000000000000000;
	2297 :	000000000000000000000000000000000000000000000000000000000000000;
	2296 :	000000000000000000000000000000000000000000000000000000000000000;
	2295 :	000000000000000000000000000000000000000000000000000000000000000;
	2294 :	000000000000000000000000000000000000000000000000000000000000000;
	2293 :	000000000000000000000000000000000000000000000000000000000000000;
	2292 :	000000000000000000000000000000000000000000000000000000000000000;
	2291 :	000000000000000000000000000000000000000000000000000000000000000;
	2290 :	000000000000000000000000000000000000000000000000000000000000000;
	2289 :	000000000000000000000000000000000000000000000000000000000000000;
	2288 :	000000000000000000000000000000000000000000000000000000000000000;
	2287 :	000000000000000000000000000000000000000000000000000000000000000;
	2286 :	000000000000000000000000000000000000000000000000000000000000000;
	2285 :	000000000000000000000000000000000000000000000000000000000000000;
	2284 :	000000000000000000000000000000000000000000000000000000000000000;
	2283 :	000000000000000000000000000000000000000000000000000000000000000;
	2282 :	000000000000000000000000000000000000000000000000000000000000000;
	2281 :	000000000000000000000000000000000000000000000000000000000000000;
	2280 :	000000000000000000000000000000000000000000000000000000000000000;
	2279 :	000000000000000000000000000000000000000000000000000000000000000;
	2278 :	000000000000000000000000000000000000000000000000000000000000000;
	2277 :	000000000000000000000000000000000000000000000000000000000000000;
	2276 :	000000000000000000000000000000000000000000000000000000000000000;
	2275 :	000000000000000000000000000000000000000000000000000000000000000;
	2274 :	000000000000000000000000000000000000000000000000000000000000000;
	2273 :	000000000000000000000000000000000000000000000000000000000000000;
	2272 :	000000000000000000000000000000000000000000000000000000000000000;
	2271 :	000000000000000000000000000000000000000000000000000000000000000;
	2270 :	000000000000000000000000000000000000000000000000000000000000000;
	2269 :	000000000000000000000000000000000000000000000000000000000000000;
	2268 :	000000000000000000000000000000000000000000000000000000000000000;
	2267 :	000000000000000000000000000000000000000000000000000000000000000;
	2266 :	000000000000000000000000000000000000000000000000000000000000000;
	2265 :	000000000000000000000000000000000000000000000000000000000000000;
	2264 :	000000000000000000000000000000000000000000000000000000000000000;
	2263 :	000000000000000000000000000000000000000000000000000000000000000;
	2262 :	000000000000000000000000000000000000000000000000000000000000000;
	2261 :	000000000000000000000000000000000000000000000000000000000000000;
	2260 :	000000000000000000000000000000000000000000000000000000000000000;
	2259 :	000000000000000000000000000000000000000000000000000000000000000;
	2258 :	000000000000000000000000000000000000000000000000000000000000000;
	2257 :	000000000000000000000000000000000000000000000000000000000000000;
	2256 :	000000000000000000000000000000000000000000000000000000000000000;
	2255 :	000000000000000000000000000000000000000000000000000000000000000;
	2254 :	000000000000000000000000000000000000000000000000000000000000000;
	2253 :	000000000000000000000000000000000000000000000000000000000000000;
	2252 :	000000000000000000000000000000000000000000000000000000000000000;
	2251 :	000000000000000000000000000000000000000000000000000000000000000;
	2250 :	000000000000000000000000000000000000000000000000000000000000000;
	2249 :	000000000000000000000000000000000000000000000000000000000000000;
	2248 :	000000000000000000000000000000000000000000000000000000000000000;
	2247 :	000000000000000000000000000000000000000000000000000000000000000;
	2246 :	000000000000000000000000000000000000000000000000000000000000000;
	2245 :	000000000000000000000000000000000000000000000000000000000000000;
	2244 :	000000000000000000000000000000000000000000000000000000000000000;
	2243 :	000000000000000000000000000000000000000000000000000000000000000;
	2242 :	000000000000000000000000000000000000000000000000000000000000000;
	2241 :	000000000000000000000000000000000000000000000000000000000000000;
	2240 :	000000000000000000000000000000000000000000000000000000000000000;
	2239 :	000000000000000000000000000000000000000000000000000000000000000;
	2238 :	000000000000000000000000000000000000000000000000000000000000000;
	2237 :	000000000000000000000000000000000000000000000000000000000000000;
	2236 :	000000000000000000000000000000000000000000000000000000000000000;
	2235 :	000000000000000000000000000000000000000000000000000000000000000;
	2234 :	000000000000000000000000000000000000000000000000000000000000000;
	2233 :	000000000000000000000000000000000000000000000000000000000000000;
	2232 :	000000000000000000000000000000000000000000000000000000000000000;
	2231 :	000000000000000000000000000000000000000000000000000000000000000;
	2230 :	000000000000000000000000000000000000000000000000000000000000000;
	2229 :	000000000000000000000000000000000000000000000000000000000000000;
	2228 :	000000000000000000000000000000000000000000000000000000000000000;
	2227 :	000000000000000000000000000000000000000000000000000000000000000;
	2226 :	000000000000000000000000000000000000000000000000000000000000000;
	2225 :	000000000000000000000000000000000000000000000000000000000000000;
	2224 :	000000000000000000000000000000000000000000000000000000000000000;
	2223 :	000000000000000000000000000000000000000000000000000000000000000;
	2222 :	000000000000000000000000000000000000000000000000000000000000000;
	2221 :	000000000000000000000000000000000000000000000000000000000000000;
	2220 :	000000000000000000000000000000000000000000000000000000000000000;
	2219 :	000000000000000000000000000000000000000000000000000000000000000;
	2218 :	000000000000000000000000000000000000000000000000000000000000000;
	2217 :	000000000000000000000000000000000000000000000000000000000000000;
	2216 :	000000000000000000000000000000000000000000000000000000000000000;
	2215 :	000000000000000000000000000000000000000000000000000000000000000;
	2214 :	000000000000000000000000000000000000000000000000000000000000000;
	2213 :	000000000000000000000000000000000000000000000000000000000000000;
	2212 :	000000000000000000000000000000000000000000000000000000000000000;
	2211 :	000000000000000000000000000000000000000000000000000000000000000;
	2210 :	000000000000000000000000000000000000000000000000000000000000000;
	2209 :	000000000000000000000000000000000000000000000000000000000000000;
	2208 :	000000000000000000000000000000000000000000000000000000000000000;
	2207 :	000000000000000000000000000000000000000000000000000000000000000;
	2206 :	000000000000000000000000000000000000000000000000000000000000000;
	2205 :	000000000000000000000000000000000000000000000000000000000000000;
	2204 :	000000000000000000000000000000000000000000000000000000000000000;
	2203 :	000000000000000000000000000000000000000000000000000000000000000;
	2202 :	000000000000000000000000000000000000000000000000000000000000000;
	2201 :	000000000000000000000000000000000000000000000000000000000000000;
	2200 :	000000000000000000000000000000000000000000000000000000000000000;
	2199 :	000000000000000000000000000000000000000000000000000000000000000;
	2198 :	000000000000000000000000000000000000000000000000000000000000000;
	2197 :	000000000000000000000000000000000000000000000000000000000000000;
	2196 :	000000000000000000000000000000000000000000000000000000000000000;
	2195 :	000000000000000000000000000000000000000000000000000000000000000;
	2194 :	000000000000000000000000000000000000000000000000000000000000000;
	2193 :	000000000000000000000000000000000000000000000000000000000000000;
	2192 :	000000000000000000000000000000000000000000000000000000000000000;
	2191 :	000000000000000000000000000000000000000000000000000000000000000;
	2190 :	000000000000000000000000000000000000000000000000000000000000000;
	2189 :	000000000000000000000000000000000000000000000000000000000000000;
	2188 :	000000000000000000000000000000000000000000000000000000000000000;
	2187 :	000000000000000000000000000000000000000000000000000000000000000;
	2186 :	000000000000000000000000000000000000000000000000000000000000000;
	2185 :	000000000000000000000000000000000000000000000000000000000000000;
	2184 :	000000000000000000000000000000000000000000000000000000000000000;
	2183 :	000000000000000000000000000000000000000000000000000000000000000;
	2182 :	000000000000000000000000000000000000000000000000000000000000000;
	2181 :	000000000000000000000000000000000000000000000000000000000000000;
	2180 :	000000000000000000000000000000000000000000000000000000000000000;
	2179 :	000000000000000000000000000000000000000000000000000000000000000;
	2178 :	000000000000000000000000000000000000000000000000000000000000000;
	2177 :	000000000000000000000000000000000000000000000000000000000000000;
	2176 :	000000000000000000000000000000000000000000000000000000000000000;
	2175 :	000000000000000000000000000000000000000000000000000000000000000;
	2174 :	000000000000000000000000000000000000000000000000000000000000000;
	2173 :	000000000000000000000000000000000000000000000000000000000000000;
	2172 :	000000000000000000000000000000000000000000000000000000000000000;
	2171 :	000000000000000000000000000000000000000000000000000000000000000;
	2170 :	000000000000000000000000000000000000000000000000000000000000000;
	2169 :	000000000000000000000000000000000000000000000000000000000000000;
	2168 :	000000000000000000000000000000000000000000000000000000000000000;
	2167 :	000000000000000000000000000000000000000000000000000000000000000;
	2166 :	000000000000000000000000000000000000000000000000000000000000000;
	2165 :	000000000000000000000000000000000000000000000000000000000000000;
	2164 :	000000000000000000000000000000000000000000000000000000000000000;
	2163 :	000000000000000000000000000000000000000000000000000000000000000;
	2162 :	000000000000000000000000000000000000000000000000000000000000000;
	2161 :	000000000000000000000000000000000000000000000000000000000000000;
	2160 :	000000000000000000000000000000000000000000000000000000000000000;
	2159 :	000000000000000000000000000000000000000000000000000000000000000;
	2158 :	000000000000000000000000000000000000000000000000000000000000000;
	2157 :	000000000000000000000000000000000000000000000000000000000000000;
	2156 :	000000000000000000000000000000000000000000000000000000000000000;
	2155 :	000000000000000000000000000000000000000000000000000000000000000;
	2154 :	000000000000000000000000000000000000000000000000000000000000000;
	2153 :	000000000000000000000000000000000000000000000000000000000000000;
	2152 :	000000000000000000000000000000000000000000000000000000000000000;
	2151 :	000000000000000000000000000000000000000000000000000000000000000;
	2150 :	000000000000000000000000000000000000000000000000000000000000000;
	2149 :	000000000000000000000000000000000000000000000000000000000000000;
	2148 :	000000000000000000000000000000000000000000000000000000000000000;
	2147 :	000000000000000000000000000000000000000000000000000000000000000;
	2146 :	000000000000000000000000000000000000000000000000000000000000000;
	2145 :	000000000000000000000000000000000000000000000000000000000000000;
	2144 :	000000000000000000000000000000000000000000000000000000000000000;
	2143 :	000000000000000000000000000000000000000000000000000000000000000;
	2142 :	000000000000000000000000000000000000000000000000000000000000000;
	2141 :	000000000000000000000000000000000000000000000000000000000000000;
	2140 :	000000000000000000000000000000000000000000000000000000000000000;
	2139 :	000000000000000000000000000000000000000000000000000000000000000;
	2138 :	000000000000000000000000000000000000000000000000000000000000000;
	2137 :	000000000000000000000000000000000000000000000000000000000000000;
	2136 :	000000000000000000000000000000000000000000000000000000000000000;
	2135 :	000000000000000000000000000000000000000000000000000000000000000;
	2134 :	000000000000000000000000000000000000000000000000000000000000000;
	2133 :	000000000000000000000000000000000000000000000000000000000000000;
	2132 :	000000000000000000000000000000000000000000000000000000000000000;
	2131 :	000000000000000000000000000000000000000000000000000000000000000;
	2130 :	000000000000000000000000000000000000000000000000000000000000000;
	2129 :	000000000000000000000000000000000000000000000000000000000000000;
	2128 :	000000000000000000000000000000000000000000000000000000000000000;
	2127 :	000000000000000000000000000000000000000000000000000000000000000;
	2126 :	000000000000000000000000000000000000000000000000000000000000000;
	2125 :	000000000000000000000000000000000000000000000000000000000000000;
	2124 :	000000000000000000000000000000000000000000000000000000000000000;
	2123 :	000000000000000000000000000000000000000000000000000000000000000;
	2122 :	000000000000000000000000000000000000000000000000000000000000000;
	2121 :	000000000000000000000000000000000000000000000000000000000000000;
	2120 :	000000000000000000000000000000000000000000000000000000000000000;
	2119 :	000000000000000000000000000000000000000000000000000000000000000;
	2118 :	000000000000000000000000000000000000000000000000000000000000000;
	2117 :	000000000000000000000000000000000000000000000000000000000000000;
	2116 :	000000000000000000000000000000000000000000000000000000000000000;
	2115 :	000000000000000000000000000000000000000000000000000000000000000;
	2114 :	000000000000000000000000000000000000000000000000000000000000000;
	2113 :	000000000000000000000000000000000000000000000000000000000000000;
	2112 :	000000000000000000000000000000000000000000000000000000000000000;
	2111 :	000000000000000000000000000000000000000000000000000000000000000;
	2110 :	000000000000000000000000000000000000000000000000000000000000000;
	2109 :	000000000000000000000000000000000000000000000000000000000000000;
	2108 :	000000000000000000000000000000000000000000000000000000000000000;
	2107 :	000000000000000000000000000000000000000000000000000000000000000;
	2106 :	000000000000000000000000000000000000000000000000000000000000000;
	2105 :	000000000000000000000000000000000000000000000000000000000000000;
	2104 :	000000000000000000000000000000000000000000000000000000000000000;
	2103 :	000000000000000000000000000000000000000000000000000000000000000;
	2102 :	000000000000000000000000000000000000000000000000000000000000000;
	2101 :	000000000000000000000000000000000000000000000000000000000000000;
	2100 :	000000000000000000000000000000000000000000000000000000000000000;
	2099 :	000000000000000000000000000000000000000000000000000000000000000;
	2098 :	000000000000000000000000000000000000000000000000000000000000000;
	2097 :	000000000000000000000000000000000000000000000000000000000000000;
	2096 :	000000000000000000000000000000000000000000000000000000000000000;
	2095 :	000000000000000000000000000000000000000000000000000000000000000;
	2094 :	000000000000000000000000000000000000000000000000000000000000000;
	2093 :	000000000000000000000000000000000000000000000000000000000000000;
	2092 :	000000000000000000000000000000000000000000000000000000000000000;
	2091 :	000000000000000000000000000000000000000000000000000000000000000;
	2090 :	000000000000000000000000000000000000000000000000000000000000000;
	2089 :	000000000000000000000000000000000000000000000000000000000000000;
	2088 :	000000000000000000000000000000000000000000000000000000000000000;
	2087 :	000000000000000000000000000000000000000000000000000000000000000;
	2086 :	000000000000000000000000000000000000000000000000000000000000000;
	2085 :	000000000000000000000000000000000000000000000000000000000000000;
	2084 :	000000000000000000000000000000000000000000000000000000000000000;
	2083 :	000000000000000000000000000000000000000000000000000000000000000;
	2082 :	000000000000000100000000000000000000000000000000000010000101001;
	2081 :	000000000001100000000000110110000000000000000000000000000000000;
	2080 :	000000000001100000000000110100000000000000000000000000000000000;
	2079 :	000000000001100000000000110010000000000000000000000000000000000;
	2078 :	000000000001100000000000110000000000000000000000000000000000000;
	2077 :	000000000001100000000000101110000000000000000000000000000000000;
	2076 :	000000000001100000000000101100000000000000000000000000000000000;
	2075 :	000000000001100000000000101010000000000000000000000000000000000;
	2074 :	000000000001100000000000101000000000000000000000000000000000000;
	2073 :	000000000001100000000000100110000000000000000000000000000000000;
	2072 :	000000000001100000000000100100000000000000000000000000000000000;
	2071 :	000000000001100000000000100010000000000000011000000000000000000;
	2070 :	000000000001100000000000100000000000000000000000000000000000000;
	2069 :	000000000001100000000000011110000000000000000000000000000000000;
	2068 :	000000000001100000000000011100000000000000000000000000000000000;
	2067 :	000000000001100000000000011010000000000000000000000000000000000;
	2066 :	000000000001100000000000011000000001000000010000000000000001000;
	2065 :	000000000001100000000000010110000000000010000000000000000011000;
	2064 :	000000000001100000000000010100000000000000000001000110000000000;
	2063 :	000000000001100000000000010010000000000100101110010100001001010;
	2062 :	000000000001100000000000010000000000000000000100000001000000000;
	2061 :	000000000001100000000000001110000000000000000000000000000000000;
	2060 :	000000000001100000000000001100000000010000000001101000000100000;
	2059 :	000000000001100000000000001010000000000000000000000000000000000;
	2058 :	000000000001100000000000001000011100000000000000000000000000000;
	2057 :	000000000001100000000000000110000000001011110000000000000010011;
	2056 :	000000000001100000000000000100000000000000100000010000000000000;
	2055 :	000000000001100000000000000010000000000000000000000000000100000;
	2054 :	000000000001100000000000000000000000000000000000000000000001000;
	2053 :	000000000000000000000000000100000000000000000000001000001000010;
	2052 :	000000000001000000111111111110000000011011011100000100001111110;
	2051 :	000000000001000000111111111100001110100100001010111011101001000;
	2050 :	000000000001000000111111111010001110110000101100111100100000011;
	2049 :	000000000001000000111111111000000000100111111010000011110011100;
	2048 :	000000000001000000111111110110000000011000101100000010010100100;
	2047 :	000000000001000000111111110100000000100100101100000001011101000;
	2046 :	000000000001000000111111110010000001111011111100000100111110101;
	2045 :	000000000001000000111111110000000001011111111100000011111111011;
	2044 :	000000000001000000111111101110000000011111101110000010111111001;
	2043 :	000000000001000000111111101100000000010001110000000000010011101;
	2042 :	000000000001000000111111101010000000101000111000111100111110010;
	2041 :	000000000001000000111111101000000001000101101100000000010101111;
	2040 :	000000000001000000111111100110001111110100010000000000011110001;
	2039 :	000000000001000000111111100100001110101100011100111100011101001;
	2038 :	000000000001000000111111100010001110111110000010111110010011010;
	2037 :	000000000001000000111111100000001110101001001000000001111001000;
	2036 :	000000000001000000111111011110001111110110000110000011001000111;
	2035 :	000000000001000000111111011100000001100100000100000010001000001;
	2034 :	000000000001000000111111011010000000011110010110000001110001110;
	2033 :	000000000001000000111111011000000000001101101100000010101000000;
	2032 :	000000000001000000111111010110000000110010000100111110011000001;
	2031 :	000000000001000000111111010100000000010001001010111111000110010;
	2030 :	000000000001000000111111010010000001011001000010000110100111100;
	2029 :	000000000001000000111111010000000001010001010100000001001111100;
	2028 :	000000000001000000111111001110001110110110010100111010101100010;
	2027 :	000000000001000000111111001100001110111111001000000000100111011;
	2026 :	000000000001000000111111001010001111110101101010000000010110000;
	2025 :	000000000001000000111111001000001111001111100110111101111011101;
	2024 :	000000000001000000111111000110001110111110011000000100100100110;
	2023 :	000000000001000000111111000100001111000111100010000101011001001;
	2022 :	000000000001000000111111000010000000011101110000000000011010101;
	2021 :	000000000001000000111111000000000001010000000110111111111001011;
	2020 :	000000000001000000111110111110001111110000011000000000010010110;
	2019 :	000000000001000000111110111100000000000010001100000000101101110;
	2018 :	000000000001000000111110111010000010000010000100000001010111000;
	2017 :	000000000001000000111110111000000001110001000010000000000100110;
	2016 :	000000000001000000111110110110000000000010110100111111101100001;
	2015 :	000000000001000000111110110100001111001010010000000001111101010;
	2014 :	000000000001000000111110110010001111100010110100000100001010000;
	2013 :	000000000001000000111110110000001111110100110100000001101010111;
	2012 :	000000000001000000111110101110001111110000001110111101001001010;
	2011 :	000000000001000000111110101100000000110010010000111111100010000;
	2010 :	000000000001000000111110101010000000100001010010000011010111101;
	2009 :	000000000001000000111110101000001110011110000000000000111000010;
	2008 :	000000000001000000111110100110001110111101001010000001111010110;
	2007 :	000000000001000000111110100100000000001100101000000110100001111;
	2006 :	000000000001000000111110100010001111100010111100000010110000001;
	2005 :	000000000001000000111110100000000000001110001010111101001011100;
	2004 :	000000000001000000111110011110000001000000001000111110010101001;
	2003 :	000000000001000000111110011100001111010100111110111111010101100;
	2002 :	000000000001000000111110011010001110101001110100111101010101011;
	2001 :	000000000001000000111110011000001111100111111010111100111110000;
	2000 :	000000000001000000111110010110001111101101100000111111110011001;
	1999 :	000000000001000000111110010100001111110101010110111111000111001;
	1998 :	000000000001000000111110010010000000011000000000111000101011010;
	1997 :	000000000001000000111110010000000000001000101110111010110011010;
	1996 :	000000000001000000111110001110001111100110000000000010101011001;
	1995 :	000000000001000000111110001100001111010001101100111110001011101;
	1994 :	000000000001000000111110001010001111100010101010111010111101010;
	1993 :	000000000001000000111110001000000000010001100110000010110010101;
	1992 :	000000000001000000111110000110000000000100011000000001110011010;
	1991 :	000000000001000000111110000100001111100101101110111100110111011;
	1990 :	000000000001000000111110000010000000000111010010000010101110111;
	1989 :	000000000001000000111110000000000000001100100010000101000001001;
	1988 :	000000000001000000111101111110001111101100111000111110000010111;
	1987 :	000000000001000000111101111100001111110111010110111110100111110;
	1986 :	000000000001000000111101111010000000000010111100001000001111110;
	1985 :	000000000001000000111101111000000000001000001010001000111010111;
	1984 :	000000000001000000111101110110000000011010000100000000110010000;
	1983 :	000000000001000000111101110100000000011000111010111111110101000;
	1982 :	000000000001000000111101110010000000101011010100000001010011010;
	1981 :	000000000001000000111101110000000001000111011110111111000010101;
	1980 :	000000000001000000111101101110000000010010101110000000000110101;
	1979 :	000000000001000000111101101100001110111010011100000001110101010;
	1978 :	000000000001000000111101101010001110100111110010000011010011110;
	1977 :	000000000001000000111101101000001111011011110010000001101110001;
	1976 :	000000000001000000111101100110000000001110011000111001110101011;
	1975 :	000000000001000000111101100100000000000010111110111100100010100;
	1974 :	000000000001000000111101100010001111110000111100000100011001110;
	1973 :	000000000001000000111101100000000000100010101110111111011000011;
	1972 :	000000000001000000111101011110000001001110110100111101100000001;
	1971 :	000000000001000000111101011100000000111000101100000010011101110;
	1970 :	000000000001000000111101011010000000001101010110000011110110101;
	1969 :	000000000001000000111101011000001111011100101110000100010001110;
	1968 :	000000000001000000111101010110001111010010001110111111010111101;
	1967 :	000000000001000000111101010100000000010011111110111110100010000;
	1966 :	000000000001000000111101010010000000101110110010000101000010110;
	1965 :	000000000001000000111101010000001111011111011100111111111110001;
	1964 :	000000000001000000111101001110001110011000110100111101011100101;
	1963 :	000000000001000000111101001100001111010011110110000100110000111;
	1962 :	000000000001000000111101001010000001101001111110000000101011100;
	1961 :	000000000001000000111101001000000001110101000110111100100010010;
	1960 :	000000000001000000111101000110001111011001011100000000001010100;
	1959 :	000000000001000000111101000100001111000010100110111110100001100;
	1958 :	000000000001000000111101000010000000001010100000111110011010000;
	1957 :	000000000001000000111101000000001111010001101010000001011101100;
	1956 :	000000000001000000111100111110001111110101010010111111011000100;
	1955 :	000000000001000000111100111100000010000110011110111101000111111;
	1954 :	000000000001000000111100111010000000011010110110000010000010101;
	1953 :	000000000001000000111100111000001110000011010100000111101100111;
	1952 :	000000000001000000111100110110000000001110010010000001110110100;
	1951 :	000000000001000000111100110100000001001010110010111011011101101;
	1950 :	000000000001000000111100110010001110101001010100111111000100010;
	1949 :	000000000001000000111100110000001111100010101010111111101001010;
	1948 :	000000000001000000111100101110000010001100111100111101111100010;
	1947 :	000000000001000000111100101100000000100011111110111101010111110;
	1946 :	000000000001000000111100101010001111001000001010111100011001000;
	1945 :	000000000001000000111100101000000000111000110010000010111010101;
	1944 :	000000000001000000111100100110000000111110101000000100111011111;
	1943 :	000000000001000000111100100100001111110011110010111111000101011;
	1942 :	000000000001000000111100100010000000000001000110111111011100000;
	1941 :	000000000001000000111100100000000000000101000110111100001100100;
	1940 :	000000000001000000111100011110001111100111010010111011001001100;
	1939 :	000000000001000000111100011100001110111001000110000011110010110;
	1938 :	000000000001000000111100011010001110100101101110000001110000011;
	1937 :	000000000001000000111100011000001111010110100100111101101011111;
	1936 :	000000000001000000111100010110001111010000001000111111110011110;
	1935 :	000000000001000000111100010100001111100000111100111011010001000;
	1934 :	000000000001000000111100010010000001010000111100111011010011100;
	1933 :	000000000001000000111100010000000000101110011000000000110001100;
	1932 :	000000000001000000111100001110001111011010111100000000010000010;
	1931 :	000000000001000000111100001100000000000011011110111111001001111;
	1930 :	000000000001000000111100001010001111101011000100111111001111000;
	1929 :	000000000001000000111100001000001111101111111010000000011001010;
	1928 :	000000000001000000111100000110000001010011010100111110000001110;
	1927 :	000000000001000000111100000100000000010000011110111001110100011;
	1926 :	000000000001000000111100000010001110100110111100111111011010011;
	1925 :	000000000001000000111100000000001110110111011010000001011011010;
	1924 :	000000000001000000111011111110001110110100101010111101000000110;
	1923 :	000000000001000000111011111100001111010111001010111111100000001;
	1922 :	000000000001000000111011111010000000000011100110111101110111101;
	1921 :	000000000001000000111011111000001110101001001110111100101010111;
	1920 :	000000000001000000111011110110001101100010111010000010110011110;
	1919 :	000000000001000000111011110100001110001000000000000010100111101;
	1918 :	000000000001000000111011110010001111001111010100000011010010111;
	1917 :	000000000001000000111011110000000000110100100000000100011110001;
	1916 :	000000000001000000111011101110000001011100010110000000110100000;
	1915 :	000000000001000000111011101100000000001110110110000100000010011;
	1914 :	000000000001000000111011101010001110110011001000000001001001000;
	1913 :	000000000001000000111011101000001110101001100110110111111110001;
	1912 :	000000000001000000111011100110001111100000010110111111001111111;
	1911 :	000000000001000000111011100100001111010110100110000111110011110;
	1910 :	000000000001000000111011100010001110111100001110000011110111011;
	1909 :	000000000001000000111011100000000000000110000000000000111000111;
	1908 :	000000000001000000111011011110000000010000010110000001010100100;
	1907 :	000000000001000000111011011100001111010010001110111111011011001;
	1906 :	000000000001000000111011011010001111100111011010111101001100010;
	1905 :	000000000001000000111011011000001111110001001110000000111000100;
	1904 :	000000000001000000111011010110000000000010000100000010101010100;
	1903 :	000000000001000000111011010100000001000001110010111101011110100;
	1902 :	000000000001000000111011010010000000101101011010111110101101111;
	1901 :	000000000001000000111011010000000000110011110110000000010011010;
	1900 :	000000000001000000111011001110000001001110010110111110100111000;
	1899 :	000000000001000000111011001100001111100011110010000011001100100;
	1898 :	000000000001000000111011001010001111000010000100111101100101111;
	1897 :	000000000001000000111011001000000000000001001010110110110000010;
	1896 :	000000000001000000111011000110001111111000101110000010011011011;
	1895 :	000000000001000000111011000100000000001110100100000010111110110;
	1894 :	000000000001000000111011000010000000011001101000111000101110111;
	1893 :	000000000001000000111011000000001111110101001010111101100111010;
	1892 :	000000000001000000111010111110000000101110111110000001110010001;
	1891 :	000000000001000000111010111100000001000101100100000001011011011;
	1890 :	000000000001000000111010111010001111110010001010000011011010110;
	1889 :	000000000001000000111010111000001111010011101010111100111110101;
	1888 :	000000000001000000111010110110001111010101000010111000100011001;
	1887 :	000000000001000000111010110100001111001100111000111110010001000;
	1886 :	000000000001000000111010110010001111110101000110000000001001101;
	1885 :	000000000001000000111010110000000000110010010000111111001011101;
	1884 :	000000000001000000111010101110000000111111110100000000101001111;
	1883 :	000000000001000000111010101100000000010110101010111111011000111;
	1882 :	000000000001000000111010101010001111101001010100000000101010101;
	1881 :	000000000001000000111010101000001111100101101000000110010010001;
	1880 :	000000000001000000111010100110000000010111110110000010101100110;
	1879 :	000000000001000000111010100100000000111111111000111011110100011;
	1878 :	000000000001000000111010100010000000101111000000111100111011001;
	1877 :	000000000001000000111010100000000000011011100000111011101110010;
	1876 :	000000000001000000111010011110001111101110000100111110001101110;
	1875 :	000000000001000000111010011100001111101001000010000110100011000;
	1874 :	000000000001000000111010011010000001010110101010000001001111010;
	1873 :	000000000001000000111010011000000001000010101010111110010101100;
	1872 :	000000000001000000111010010110000000000110000110000111010000110;
	1871 :	000000000001000000111010010100000001101011101010000101000100100;
	1870 :	000000000001000000111010010010000000010011001000000010001011110;
	1869 :	000000000001000000111010010000001110001011110000000100011100000;
	1868 :	000000000001000000111010001110000000101011110000111110111001110;
	1867 :	000000000001000000111010001100000001001001011000111100111111010;
	1866 :	000000000001000000111010001010001111100010000000111100111000101;
	1865 :	000000000001000000111010001000000000101101100100111010110011001;
	1864 :	000000000001000000111010000110000001010111011110111111101010000;
	1863 :	000000000001000000111010000100000001101001010110000000001110101;
	1862 :	000000000001000000111010000010000001110111000110111111001010101;
	1861 :	000000000001000000111010000000000000000111100110000010111000101;
	1860 :	000000000001000000111001111110001111110111000100111101101110001;
	1859 :	000000000001000000111001111100000000001110100100111000011001010;
	1858 :	000000000001000000111001111010001111010111110100111011100111001;
	1857 :	000000000001000000111001111000000000111000011110111101110101101;
	1856 :	000000000001000000111001110110000010010100100000111111010100010;
	1855 :	000000000001000000111001110100000000000110010000000001001000010;
	1854 :	000000000001000000111001110010001110011000100100000010001111110;
	1853 :	000000000001000000111001110000001111101110000100111111001101000;
	1852 :	000000000001000000111001101110000000100001010110111100111000011;
	1851 :	000000000001000000111001101100001111110110011010000110010000100;
	1850 :	000000000001000000111001101010000001000101100000000111110110010;
	1849 :	000000000001000000111001101000000001111101010000111101101000111;
	1848 :	000000000001000000111001100110000000000111001000111111111110010;
	1847 :	000000000001000000111001100100000000001111110000000000111010100;
	1846 :	000000000001000000111001100010000001000111100110111001101100100;
	1845 :	000000000001000000111001100000001111101111000010111100110000010;
	1844 :	000000000001000000111001011110001111101010011100111111101001010;
	1843 :	000000000001000000111001011100000000001010001000111111000010111;
	1842 :	000000000001000000111001011010001111110100001100000010101001101;
	1841 :	000000000001000000111001011000001111011110000100000011001010001;
	1840 :	000000000001000000111001010110001110011011001010000001100011100;
	1839 :	000000000001000000111001010100001111100110000000111101110011111;
	1838 :	000000000001000000111001010010000001001101011110111010100101010;
	1837 :	000000000001000000111001010000001111101001111010111110000000101;
	1836 :	000000000001000000111001001110001111111110001000111110000000100;
	1835 :	000000000001000000111001001100000001000110010000111110101111000;
	1834 :	000000000001000000111001001010001111100011100110000100011110011;
	1833 :	000000000001000000111001001000001111101111111100000000011010001;
	1832 :	000000000001000000111001000110000001000000100110111101010011110;
	1831 :	000000000001000000111001000100000000110101011010000011011000011;
	1830 :	000000000001000000111001000010000000001011111100000000101110101;
	1829 :	000000000001000000111001000000001111100010100110111011011001111;
	1828 :	000000000001000000111000111110000000100100101100111111110011000;
	1827 :	000000000001000000111000111100000000110101010000000011010001001;
	1826 :	000000000001000000111000111010001111100010010100000001101010001;
	1825 :	000000000001000000111000111000000000100011110110111111110011111;
	1824 :	000000000001000000111000110110000000001001000110111100111011011;
	1823 :	000000000001000000111000110100001110000111000000111011100001101;
	1822 :	000000000001000000111000110010001111011101110110111111100001111;
	1821 :	000000000001000000111000110000001111111010110100000001100100001;
	1820 :	000000000001000000111000101110001111010010000000111101111000100;
	1819 :	000000000001000000111000101100000001001010100000111101110000010;
	1818 :	000000000001000000111000101010000000100011011000000000100100101;
	1817 :	000000000001000000111000101000001110000111000100000000000101100;
	1816 :	000000000001000000111000100110001111110011000000000000001110100;
	1815 :	000000000001000000111000100100000010001011111110000001110101111;
	1814 :	000000000001000000111000100010000000110110011110000001111111000;
	1813 :	000000000001000000111000100000001111011000101110000000100010001;
	1812 :	000000000001000000111000011110000000001101011010111111000010101;
	1811 :	000000000001000000111000011100000000001111011110111111111101000;
	1810 :	000000000001000000111000011010001111111011110100111111000000100;
	1809 :	000000000001000000111000011000000000111111010110111100000101001;
	1808 :	000000000001000000111000010110000000101010101010111111010011100;
	1807 :	000000000001000000111000010100001111110010011110000010011001101;
	1806 :	000000000001000000111000010010000000011000011000111110000000010;
	1805 :	000000000001000000111000010000000000100111100010111110000111110;
	1804 :	000000000001000000111000001110000000001111100010000110000101110;
	1803 :	000000000001000000111000001100001111011111010100000100001001100;
	1802 :	000000000001000000111000001010001111110001000110111000000111111;
	1801 :	000000000001000000111000001000000001100001010010111000000011011;
	1800 :	000000000001000000111000000110000001010000110000000000010110000;
	1799 :	000000000001000000111000000100000000011111001100111111111100011;
	1798 :	000000000001000000111000000010000000010110011100111110100000011;
	1797 :	000000000001000000111000000000001110111111011110000001100000110;
	1796 :	000000000001000000110111111110000000000111111000000100101011011;
	1795 :	000000000001000000110111111100000001110100000110000100011010111;
	1794 :	000000000001000000110111111010001111111110101100111100110100111;
	1793 :	000000000001000000110111111000001111001011011000111101111111011;
	1792 :	000000000001000000110111110110001111100011100110000111001110110;
	1791 :	000000000001000000110111110100001111111010110010000000000111010;
	1790 :	000000000001000000110111110010000001010110010100111010001011111;
	1789 :	000000000001000000110111110000000000111011111000000000100100101;
	1788 :	000000000001000000110111101110000000010001001010111110000110011;
	1787 :	000000000001000000110111101100000000011010100100111101000010010;
	1786 :	000000000001000000110111101010001111111010011000111111111100100;
	1785 :	000000000001000000110111101000000001000101110100111011111100011;
	1784 :	000000000001000000110111100110000000011010011100111110101000001;
	1783 :	000000000001000000110111100100001110001101101010000001011000100;
	1782 :	000000000001000000110111100010000000010000110010111101011001100;
	1781 :	000000000001000000110111100000000000110111101100111110100101011;
	1780 :	000000000001000000110111011110001111011001110110111101010011011;
	1779 :	000000000001000000110111011100000000110110111010111100011100011;
	1778 :	000000000001000000110111011010000000100001001010000010110011111;
	1777 :	000000000001000000110111011000001110111110110010000011100001000;
	1776 :	000000000001000000110111010110001111100001000100000000000110111;
	1775 :	000000000001000000110111010100000000000100000100111110000010000;
	1774 :	000000000001000000110111010010000001001000000000111110110111010;
	1773 :	000000000001000000110111010000000000100000000000000001111010010;
	1772 :	000000000001000000110111001110001110010101110100111101100111110;
	1771 :	000000000001000000110111001100001110111011000100111100001100010;
	1770 :	000000000001000000110111001010001111101000100000000000100101000;
	1769 :	000000000001000000110111001000001111110010001000111110001011011;
	1768 :	000000000001000000110111000110000000110110001110000001010011011;
	1767 :	000000000001000000110111000100000000011011100100000100110101110;
	1766 :	000000000001000000110111000010001111100010110000111110001111110;
	1765 :	000000000001000000110111000000001110111111111110000001001001011;
	1764 :	000000000001000000110110111110001110101110011000000100100101110;
	1763 :	000000000001000000110110111100001111100101100000111110111011010;
	1762 :	000000000001000000110110111010001111011101111110111111011010100;
	1761 :	000000000001000000110110111000001111101110100010111101011100100;
	1760 :	000000000001000000110110110110000001010110101100111100000011011;
	1759 :	000000000001000000110110110100000000100010111000000010101010001;
	1758 :	000000000001000000110110110010001110111111110000000000001011100;
	1757 :	000000000001000000110110110000001111011001000000111110001000010;
	1756 :	000000000001000000110110101110000000000111110100000000111100001;
	1755 :	000000000001000000110110101100000000010101101010111000101101000;
	1754 :	000000000001000000110110101010000000000001011000110101110000110;
	1753 :	000000000001000000110110101000000000010001011000111110010100011;
	1752 :	000000000001000000110110100110001111111100011000000010100001010;
	1751 :	000000000001000000110110100100001110010101011000000011001101011;
	1750 :	000000000001000000110110100010001111011000111000111110101001100;
	1749 :	000000000001000000110110100000000000110110000110111000110111011;
	1748 :	000000000001000000110110011110001111100010101010111100000110011;
	1747 :	000000000001000000110110011100001111111011110110000000000110010;
	1746 :	000000000001000000110110011010000001000101010100000001011000111;
	1745 :	000000000001000000110110011000000000010101101000000001001011011;
	1744 :	000000000001000000110110010110000000101011110010111110000101011;
	1743 :	000000000001000000110110010100000001000010000100000000110011010;
	1742 :	000000000001000000110110010010001111100100111110000100111100011;
	1741 :	000000000001000000110110010000001110111111100000000010000100111;
	1740 :	000000000001000000110110001110001111110110010000000001001110010;
	1739 :	000000000001000000110110001100001111110101101100000000110101010;
	1738 :	000000000001000000110110001010001110110110000000111011111000111;
	1737 :	000000000001000000110110001000001111011001100010111010011110000;
	1736 :	000000000001000000110110000110000000100000101010111100111010100;
	1735 :	000000000001000000110110000100001111100011111010000000010001000;
	1734 :	000000000001000000110110000010001110111100101000000100000011100;
	1733 :	000000000001000000110110000000001111101100000100000100010010111;
	1732 :	000000000001000000110101111110001111101011001110000001110001001;
	1731 :	000000000001000000110101111100001111101110110010111101100100110;
	1730 :	000000000001000000110101111010000000010010000010111010111000001;
	1729 :	000000000001000000110101111000001111110000110100111110101111100;
	1728 :	000000000001000000110101110110001110100001101000111111010001110;
	1727 :	000000000001000000110101110100001110101001101110111011011000111;
	1726 :	000000000001000000110101110010001111100111010100000000110000111;
	1725 :	000000000001000000110101110000001111000100000010000100101110010;
	1724 :	000000000001000000110101101110001111000101000000111110101011101;
	1723 :	000000000001000000110101101100000000010001001010111110110111010;
	1722 :	000000000001000000110101101010001111001111010110000010001000001;
	1721 :	000000000001000000110101101000001110100001000000111111010000100;
	1720 :	000000000001000000110101100110001111010111010000000001010000110;
	1719 :	000000000001000000110101100100001110110011000110000100101111101;
	1718 :	000000000001000000110101100010001111010001001100000000000100001;
	1717 :	000000000001000000110101100000000000010010111010111100101110111;
	1716 :	000000000001000000110101011110001111011001000110111100110010011;
	1715 :	000000000001000000110101011100000000000010101100111010100111001;
	1714 :	000000000001000000110101011010000001001000101000111100011010011;
	1713 :	000000000001000000110101011000000000000000000000000000100010110;
	1712 :	000000000001000000110101010110001111001100100000111101101110001;
	1711 :	000000000001000000110101010100001111011000001010111010100100011;
	1710 :	000000000001000000110101010010000000011001010100111100010001111;
	1709 :	000000000001000000110101010000000000111101011010111101001001110;
	1708 :	000000000001000000110101001110001111110001001010000000110101101;
	1707 :	000000000001000000110101001100001111101111111100000101011011101;
	1706 :	000000000001000000110101001010000000000011000110000000101000111;
	1705 :	000000000001000000110101001000001111001011001100111011001111110;
	1704 :	000000000001000000110101000110001111111111011100111011111011010;
	1703 :	000000000001000000110101000100000000101010101100111100010111001;
	1702 :	000000000001000000110101000010000000000100100100000000110001111;
	1701 :	000000000001000000110101000000000000101101001000000110000100111;
	1700 :	000000000001000000110100111110000000101011011000000010100101110;
	1699 :	000000000001000000110100111100001111100100101110111110101010000;
	1698 :	000000000001000000110100111010001111001110111100000000011111100;
	1697 :	000000000001000000110100111000001110101110111110000010110011010;
	1696 :	000000000001000000110100110110001110010111101100000001010111100;
	1695 :	000000000001000000110100110100001110111010111110111111001011001;
	1694 :	000000000001000000110100110010000000000010111100000010100100100;
	1693 :	000000000001000000110100110000000000110100001100000001001011000;
	1692 :	000000000001000000110100101110000000011011000010111001101000100;
	1691 :	000000000001000000110100101100000000110000010100000000101000100;
	1690 :	000000000001000000110100101010000001001010101000001000101101111;
	1689 :	000000000001000000110100101000001111101100101100111111011110000;
	1688 :	000000000001000000110100100110001111101101101010111011011111111;
	1687 :	000000000001000000110100100100000000111011111000000000111011001;
	1686 :	000000000001000000110100100010000000000100000010000001001101011;
	1685 :	000000000001000000110100100000001111010111001000000001000110110;
	1684 :	000000000001000000110100011110001111001000000100000001010101110;
	1683 :	000000000001000000110100011100001110110000101100000000111010101;
	1682 :	000000000001000000110100011010000000010110011000111111100111101;
	1681 :	000000000001000000110100011000000000110111010000111001111111000;
	1680 :	000000000001000000110100010110001111001000100110111010010011110;
	1679 :	000000000001000000110100010100001111100000011100111111101111000;
	1678 :	000000000001000000110100010010000000100110110010111111110011011;
	1677 :	000000000001000000110100010000001111111000101010000010000110111;
	1676 :	000000000001000000110100001110001111001111010000000100111010001;
	1675 :	000000000001000000110100001100001111000001001000000011011001111;
	1674 :	000000000001000000110100001010001111101010100000000100011100111;
	1673 :	000000000001000000110100001000000001010001101000000001100101000;
	1672 :	000000000001000000110100000110000000011001101000111100011101110;
	1671 :	000000000001000000110100000100001101101111010000111110110010011;
	1670 :	000000000001000000110100000010001110011101010110111111000000010;
	1669 :	000000000001000000110100000000000001001000100110111110100100110;
	1668 :	000000000001000000110011111110000000111110111100000010011101010;
	1667 :	000000000001000000110011111100000000001101000010111111001110111;
	1666 :	000000000001000000110011111010000001000101001010111011010110111;
	1665 :	000000000001000000110011111000000000011010001010111101111010011;
	1664 :	000000000001000000110011110110001111010011111100111100010111101;
	1663 :	000000000001000000110011110100000000100111100110111011100000111;
	1662 :	000000000001000000110011110010000001000110000100111111001010001;
	1661 :	000000000001000000110011110000000000001010011100111101100110001;
	1660 :	000000000001000000110011101110000000000001100010111010001011000;
	1659 :	000000000001000000110011101100000000001010110110111010110001000;
	1658 :	000000000001000000110011101010000001100110111100111110110101001;
	1657 :	000000000001000000110011101000000001111110111010000011100000110;
	1656 :	000000000001000000110011100110001110101000111100000000000010001;
	1655 :	000000000001000000110011100100001110000101001100111011110001000;
	1654 :	000000000001000000110011100010000000101100110110000010111011100;
	1653 :	000000000001000000110011100000001111111100110110000101000000101;
	1652 :	000000000001000000110011011110001110110001001100111011101001101;
	1651 :	000000000001000000110011011100001111011000000100111001101110111;
	1650 :	000000000001000000110011011010001111100001001100111101111100000;
	1649 :	000000000001000000110011011000000000100110100100000000101101000;
	1648 :	000000000001000000110011010110000000111101100110000101000001111;
	1647 :	000000000001000000110011010100001111110001000000000001111110000;
	1646 :	000000000001000000110011010010001111101110111100111011101111001;
	1645 :	000000000001000000110011010000001111101000101100000011001110001;
	1644 :	000000000001000000110011001110000000011000101110001000110100011;
	1643 :	000000000001000000110011001100000001011111001110111111011111001;
	1642 :	000000000001000000110011001010001111001010011000111011010100010;
	1641 :	000000000001000000110011001000001111010101011110000000111100000;
	1640 :	000000000001000000110011000110000010111111000000000100000100011;
	1639 :	000000000001000000110011000100000000111011001000000100000011010;
	1638 :	000000000001000000110011000010001110000000010100111111110111111;
	1637 :	000000000001000000110011000000000000010011000100111011000110001;
	1636 :	000000000001000000110010111110000000000001110100111111101011001;
	1635 :	000000000001000000110010111100001101110111101010000111010100001;
	1634 :	000000000001000000110010111010000000000000111000000110010100001;
	1633 :	000000000001000000110010111000000001110000110100111110111011011;
	1632 :	000000000001000000110010110110000000101101100110111011001000110;
	1631 :	000000000001000000110010110100000000011111111100111101001100110;
	1630 :	000000000001000000110010110010001111110111100000111011100010000;
	1629 :	000000000001000000110010110000001110101000011000111001001010010;
	1628 :	000000000001000000110010101110001111101110100110000000110000100;
	1627 :	000000000001000000110010101100000000001000000000000100111100000;
	1626 :	000000000001000000110010101010001110011000001110111110010011001;
	1625 :	000000000001000000110010101000001111010001100110111100011010001;
	1624 :	000000000001000000110010100110000000101001110010111110101011011;
	1623 :	000000000001000000110010100100001111010011010000111110100100011;
	1622 :	000000000001000000110010100010000000001011001000000001100101101;
	1621 :	000000000001000000110010100000000001101010111100000011010000100;
	1620 :	000000000001000000110010011110001111110010011110111110011101111;
	1619 :	000000000001000000110010011100001111111111100010111011011110110;
	1618 :	000000000001000000110010011010000001100011011010111110001110101;
	1617 :	000000000001000000110010011000001111111001000100111111101101010;
	1616 :	000000000001000000110010010110001111110110010010111101100100100;
	1615 :	000000000001000000110010010100000001010000010010000000011010011;
	1614 :	000000000001000000110010010010001111100101001110000111000000101;
	1613 :	000000000001000000110010010000001110100000110110000110111010110;
	1612 :	000000000001000000110010001110001111001110001110000011011110101;
	1611 :	000000000001000000110010001100001111001101110010000000011110110;
	1610 :	000000000001000000110010001010001111100000101100111101000000010;
	1609 :	000000000001000000110010001000001111010010011110111110011111011;
	1608 :	000000000001000000110010000110001110100001000000000000100101100;
	1607 :	000000000001000000110010000100001111001001111100111110000100010;
	1606 :	000000000001000000110010000010001111110110000010111101101000011;
	1605 :	000000000001000000110010000000000000010001010010111101111000101;
	1604 :	000000000001000000110001111110000000110101000110111011000001101;
	1603 :	000000000001000000110001111100000000011001110010111001011100010;
	1602 :	000000000001000000110001111010000000010001001100111100110010001;
	1601 :	000000000001000000110001111000000000110101110110000010010001111;
	1600 :	000000000001000000110001110110000001000101100100000000101011111;
	1599 :	000000000001000000110001110100000000110011101110111100110011100;
	1598 :	000000000001000000110001110010001111010101101110000001110001100;
	1597 :	000000000001000000110001110000001110111101001000000100001111010;
	1596 :	000000000001000000110001101110000000000111010110111111100000011;
	1595 :	000000000001000000110001101100001111001001001100111110100011110;
	1594 :	000000000001000000110001101010001110100111110100000000011010011;
	1593 :	000000000001000000110001101000000000000000101110000100110011010;
	1592 :	000000000001000000110001100110001111011100010000000111010111101;
	1591 :	000000000001000000110001100100001111101010110000111110000111110;
	1590 :	000000000001000000110001100010000001010111011110111000110001000;
	1589 :	000000000001000000110001100000000000011101001000000001011111000;
	1588 :	000000000001000000110001011110001111101111001110000011111011010;
	1587 :	000000000001000000110001011100001111110101011010111110011110010;
	1586 :	000000000001000000110001011010001110110101110110000000110011101;
	1585 :	000000000001000000110001011000001111110010000000000010010101111;
	1584 :	000000000001000000110001010110000000100000000000111100011111101;
	1583 :	000000000001000000110001010100001110110101010010111100111011001;
	1582 :	000000000001000000110001010010001111011100010100111110001100001;
	1581 :	000000000001000000110001010000000001000101111100110110011010010;
	1580 :	000000000001000000110001001110000000011001111100110101110011001;
	1579 :	000000000001000000110001001100000000000111100010111101100101110;
	1578 :	000000000001000000110001001010000000111110101010111111001110011;
	1577 :	000000000001000000110001001000000001010001011100111101001000011;
	1576 :	000000000001000000110001000110000001000000001000111011111101011;
	1575 :	000000000001000000110001000100000000010011100000000001011100110;
	1574 :	000000000001000000110001000010001111101110111110000110100011111;
	1573 :	000000000001000000110001000000001111110110011000111011001111101;
	1572 :	000000000001000000110000111110000000001110100000110110111011000;
	1571 :	000000000001000000110000111100000000011001100000000010110100010;
	1570 :	000000000001000000110000111010000000011011110110000100001111000;
	1569 :	000000000001000000110000111000001110100011010100111011101101101;
	1568 :	000000000001000000110000110110001110101111101010111100100110010;
	1567 :	000000000001000000110000110100000000101001011010000011101111101;
	1566 :	000000000001000000110000110010000000011001110100000010010001011;
	1565 :	000000000001000000110000110000000000100101100010000001010111100;
	1564 :	000000000001000000110000101110000001111111001110000100101001000;
	1563 :	000000000001000000110000101100000001100010111100000011101100010;
	1562 :	000000000001000000110000101010000000100010010010000010110111111;
	1561 :	000000000001000000110000101000000000010010000000000000001111010;
	1560 :	000000000001000000110000100110000000100101100000111100110011101;
	1559 :	000000000001000000110000100100000001000101111010000000000001010;
	1558 :	000000000001000000110000100010001111110100111010000000100001111;
	1557 :	000000000001000000110000100000001110100111111000111100111010101;
	1556 :	000000000001000000110000011110001110111011110100111110101100000;
	1555 :	000000000001000000110000011100001110101100100000000010011010011;
	1554 :	000000000001000000110000011010001111111011011000000011001011111;
	1553 :	000000000001000000110000011000000001100111001110000001011011010;
	1552 :	000000000001000000110000010110000000100001011100000001100010111;
	1551 :	000000000001000000110000010100000000010010101110000010100000000;
	1550 :	000000000001000000110000010010000000101110010010111101111111010;
	1549 :	000000000001000000110000010000000000001111000100111110111101101;
	1548 :	000000000001000000110000001110000001100111000010000101110001001;
	1547 :	000000000001000000110000001100000001010011010110000000011111000;
	1546 :	000000000001000000110000001010001110101010001100111011011101010;
	1545 :	000000000001000000110000001000001111000001100000000001010000001;
	1544 :	000000000001000000110000000110001111110110101100000000011100101;
	1543 :	000000000001000000110000000100001111001010101010111110011110101;
	1542 :	000000000001000000110000000010001111001100011000000101001110101;
	1541 :	000000000001000000110000000000001111011000010000000101111100101;
	1540 :	000000000001000000101111111110000000011110011110000000000011101;
	1539 :	000000000001000000101111111100000001001110001110111110111011000;
	1538 :	000000000001000000101111111010001111110001101000000000011110111;
	1537 :	000000000001000000101111111000000000000100100000000000101011000;
	1536 :	000000000001000000101111110110000010000011101110111111100110001;
	1535 :	000000000001000000101111110100000001101110100010111110100001101;
	1534 :	000000000001000000101111110010000000000001101000111111101010001;
	1533 :	000000000001000000101111110000001111010010111100000010101011101;
	1532 :	000000000001000000101111101110001111110011011010000100011110000;
	1531 :	000000000001000000101111101100001111111011101010000001110010100;
	1530 :	000000000001000000101111101010001111100101010110111101011110110;
	1529 :	000000000001000000101111101000000000101110101100111110101111110;
	1528 :	000000000001000000101111100110000000101110001100000010101101100;
	1527 :	000000000001000000101111100100001110100101010100000010011110110;
	1526 :	000000000001000000101111100010001111001000000010000010111111000;
	1525 :	000000000001000000101111100000000000101001001110000110000011010;
	1524 :	000000000001000000101111011110001111110000101010000011001010000;
	1523 :	000000000001000000101111011100000000000000011110111101000010111;
	1522 :	000000000001000000101111011010000000110101010110111101001101111;
	1521 :	000000000001000000101111011000001111010011110000000000001011100;
	1520 :	000000000001000000101111010110001110100000111000111111000111111;
	1519 :	000000000001000000101111010100001111011001111010111101100110000;
	1518 :	000000000001000000101111010010001111101101011100000000001011011;
	1517 :	000000000001000000101111010000001111110001010010111111011000001;
	1516 :	000000000001000000101111001110001111101111110110111000100101111;
	1515 :	000000000001000000101111001100001111101100001100111010111010111;
	1514 :	000000000001000000101111001010001111110110001110000011000100011;
	1513 :	000000000001000000101111001000001111001010011110111111010011011;
	1512 :	000000000001000000101111000110001111000111111110111011111011110;
	1511 :	000000000001000000101111000100000000100000011110000010001101011;
	1510 :	000000000001000000101111000010000000001110100110000001100100111;
	1509 :	000000000001000000101111000000001111010101000000111101101100110;
	1508 :	000000000001000000101110111110000000010111001110000010010111000;
	1507 :	000000000001000000101110111100000000101010010100000100010101100;
	1506 :	000000000001000000101110111010001111100010001110111110101010011;
	1505 :	000000000001000000101110111000001111101111010110111110111100100;
	1504 :	000000000001000000101110110110000000110111011100000111011111001;
	1503 :	000000000001000000101110110100000001000001010010000111111100110;
	1502 :	000000000001000000101110110010000000011100111010000000000010110;
	1501 :	000000000001000000101110110000000000010101100000111111001100100;
	1500 :	000000000001000000101110101110000000110000000100000000000010011;
	1499 :	000000000001000000101110101100000000111010000010111101001110011;
	1498 :	000000000001000000101110101010000000010001100110111111100101100;
	1497 :	000000000001000000101110101000001111001110010110000011100011011;
	1496 :	000000000001000000101110100110001111001000011110000101011010011;
	1495 :	000000000001000000101110100100001111101100000010000010100011100;
	1494 :	000000000001000000101110100010001111011111111010111010000110011;
	1493 :	000000000001000000101110100000001111101001001010111100110101111;
	1492 :	000000000001000000101110011110000000010011011110000100010101011;
	1491 :	000000000001000000101110011100000000011001111100111110011011101;
	1490 :	000000000001000000101110011010000000110010001110111011011101001;
	1489 :	000000000001000000101110011000000001000100101100000000011100111;
	1488 :	000000000001000000101110010110000000101001101110000010111101011;
	1487 :	000000000001000000101110010100000000000011000010000100110011110;
	1486 :	000000000001000000101110010010001111010011010010000000111000010;
	1485 :	000000000001000000101110010000000000000101011100111110000110101;
	1484 :	000000000001000000101110001110000001010001010100000010110110101;
	1483 :	000000000001000000101110001100001111100011110100000001000001011;
	1482 :	000000000001000000101110001010001110010010100110000001001010111;
	1481 :	000000000001000000101110001000000000000010011010000101100000010;
	1480 :	000000000001000000101110000110000001011111101000111101000100010;
	1479 :	000000000001000000101110000100000001000101010000111001001010000;
	1478 :	000000000001000000101110000010001111100000111110000001011100001;
	1477 :	000000000001000000101110000000001110111111101000000000110110110;
	1476 :	000000000001000000101101111110001111111010110000111110010011110;
	1475 :	000000000001000000101101111100001111100110011110000010110100101;
	1474 :	000000000001000000101101111010001111110001100100111111110111011;
	1473 :	000000000001000000101101111000000001010100110110111000110111111;
	1472 :	000000000001000000101101110110000000101000101100000000101101111;
	1471 :	000000000001000000101101110100001111100001000000001010110010010;
	1470 :	000000000001000000101101110010000000011100110100000000111111010;
	1469 :	000000000001000000101101110000000000010010000110111001100101100;
	1468 :	000000000001000000101101101110001110110001001110000010011100101;
	1467 :	000000000001000000101101101100001111100101000010000000110011101;
	1466 :	000000000001000000101101101010000001011100111010111001000100000;
	1465 :	000000000001000000101101101000000000000011001010111100100011000;
	1464 :	000000000001000000101101100110001110110000100000111111010001011;
	1463 :	000000000001000000101101100100000001001001011110000000000111011;
	1462 :	000000000001000000101101100010000001100010000110000001011100100;
	1461 :	000000000001000000101101100000001111101101010010111111110000111;
	1460 :	000000000001000000101101011110001111111011001100111111100001010;
	1459 :	000000000001000000101101011100001111011101010100111100110110111;
	1458 :	000000000001000000101101011010001110111011011000111101010000011;
	1457 :	000000000001000000101101011000001111110000110100000101110000011;
	1456 :	000000000001000000101101010110001111001101100000000100111111110;
	1455 :	000000000001000000101101010100001111001000011100111111111100001;
	1454 :	000000000001000000101101010010001111011001111010000001110100110;
	1453 :	000000000001000000101101010000001110110110100100111101101111010;
	1452 :	000000000001000000101101001110000000001010001100111001001000010;
	1451 :	000000000001000000101101001100000000101010101100111110101000001;
	1450 :	000000000001000000101101001010001111100111011100000001110000001;
	1449 :	000000000001000000101101001000001111111001010100111111001110111;
	1448 :	000000000001000000101101000110001111101000011000000000010101101;
	1447 :	000000000001000000101101000100001111111000101100000000111110101;
	1446 :	000000000001000000101101000010000000100110000110111010111101111;
	1445 :	000000000001000000101101000000001111000110101110111010110110110;
	1444 :	000000000001000000101100111110001110111010000010000011011111101;
	1443 :	000000000001000000101100111100001111011100110100000100001101111;
	1442 :	000000000001000000101100111010001110101001000010000001010000000;
	1441 :	000000000001000000101100111000001111011101110010000001011110110;
	1440 :	000000000001000000101100110110001111101001111100111110010111000;
	1439 :	000000000001000000101100110100001110011101100100000001101000011;
	1438 :	000000000001000000101100110010001110110101000110001001000100111;
	1437 :	000000000001000000101100110000001111001101000010000111010001110;
	1436 :	000000000001000000101100101110000000000101111010000100011110000;
	1435 :	000000000001000000101100101100000001011000010010000000100100100;
	1434 :	000000000001000000101100101010000001000111010010111100001111100;
	1433 :	000000000001000000101100101000000000111010001110000001111110101;
	1432 :	000000000001000000101100100110001111011011001010000100010111101;
	1431 :	000000000001000000101100100100001101100110010010111110110110001;
	1430 :	000000000001000000101100100010001111100010010010000001000001010;
	1429 :	000000000001000000101100100000000001000100111100000111000000100;
	1428 :	000000000001000000101100011110000000000100010000000101101110101;
	1427 :	000000000001000000101100011100000000001110110100000000010001100;
	1426 :	000000000001000000101100011010000000011010101100000000000010011;
	1425 :	000000000001000000101100011000001111011100001100000001111000000;
	1424 :	000000000001000000101100010110001111001101100000111111011101110;
	1423 :	000000000001000000101100010100000000000010000010000001010001011;
	1422 :	000000000001000000101100010010000000100011000000000001100001100;
	1421 :	000000000001000000101100010000000000000111101100111011001100110;
	1420 :	000000000001000000101100001110000000001010111000111100111101011;
	1419 :	000000000001000000101100001100000000100010110000111101100100111;
	1418 :	000000000001000000101100001010000000011100010110111011001110100;
	1417 :	000000000001000000101100001000000000011000111010000011010011010;
	1416 :	000000000001000000101100000110001110111100101010000001110000001;
	1415 :	000000000001000000101100000100001110000111101110111010100111011;
	1414 :	000000000001000000101100000010000000011011110000000001110000101;
	1413 :	000000000001000000101100000000000000101111100100000000111011111;
	1412 :	000000000001000000101011111110001110101110000110111010100110011;
	1411 :	000000000001000000101011111100001111011010001110111111001111001;
	1410 :	000000000001000000101011111010000000110001101100111110100010000;
	1409 :	000000000001000000101011111000000000111001000110111101001000101;
	1408 :	000000000001000000101011110110000000100110100100000010100100110;
	1407 :	000000000001000000101011110100001110111111011100000000101110011;
	1406 :	000000000001000000101011110010001110000100001000111110010101001;
	1405 :	000000000001000000101011110000001111001101100100000001110011111;
	1404 :	000000000001000000101011101110001111111100011010000000101010011;
	1403 :	000000000001000000101011101100000000001110100110111100111000101;
	1402 :	000000000001000000101011101010000000101001011110111100111001101;
	1401 :	000000000001000000101011101000000000000010111110111110011110000;
	1400 :	000000000001000000101011100110001111111101111100000001100100000;
	1399 :	000000000001000000101011100100000001001010011110000100100010000;
	1398 :	000000000001000000101011100010000000110001010110000000000000111;
	1397 :	000000000001000000101011100000001111100100001100111010011111001;
	1396 :	000000000001000000101011011110001111101011001000111011111100111;
	1395 :	000000000001000000101011011100001111010000101000111100011110000;
	1394 :	000000000001000000101011011010001111011110011000000000001010010;
	1393 :	000000000001000000101011011000000001010010011010000100010010100;
	1392 :	000000000001000000101011010110000000111001000100111011101111011;
	1391 :	000000000001000000101011010100000000000110001100111011100001111;
	1390 :	000000000001000000101011010010000001101010110100000010111000101;
	1389 :	000000000001000000101011010000000001111000001000111100001011011;
	1388 :	000000000001000000101011001110000000100111110010111111110111101;
	1387 :	000000000001000000101011001100000000001110100000001000011101110;
	1386 :	000000000001000000101011001010000000000010100100111101000011110;
	1385 :	000000000001000000101011001000001111110010110000111010100101000;
	1384 :	000000000001000000101011000110001111000110001110000000011011100;
	1383 :	000000000001000000101011000100001111000110011000111011010010100;
	1382 :	000000000001000000101011000010000000011101111010111010110110100;
	1381 :	000000000001000000101011000000000000101100111000111010000010100;
	1380 :	000000000001000000101010111110000000100001111110111000110100010;
	1379 :	000000000001000000101010111100000000101101100100000000101010101;
	1378 :	000000000001000000101010111010001111011010110110111111101010001;
	1377 :	000000000001000000101010111000001110010100011100111100010101010;
	1376 :	000000000001000000101010110110001110101111111110000000101110111;
	1375 :	000000000001000000101010110100001111110100000010111011111011011;
	1374 :	000000000001000000101010110010000000101010011000110111000101000;
	1373 :	000000000001000000101010110000000000010011001000000000000001110;
	1372 :	000000000001000000101010101110001111111110010100000110110110000;
	1371 :	000000000001000000101010101100001111101101111100000000110010011;
	1370 :	000000000001000000101010101010001111011011111100111101000000000;
	1369 :	000000000001000000101010101000000001011011100100000010100110100;
	1368 :	000000000001000000101010100110000010001101001100111110011001000;
	1367 :	000000000001000000101010100100000000000011011010110111110100111;
	1366 :	000000000001000000101010100010000000000001110010111111100100011;
	1365 :	000000000001000000101010100000000000010010101100111111010101100;
	1364 :	000000000001000000101010011110001110110100110110111001110111000;
	1363 :	000000000001000000101010011100001111001001011000000000000100101;
	1362 :	000000000001000000101010011010001111110100011100000001001100010;
	1361 :	000000000001000000101010011000001111110100001010111111001000000;
	1360 :	000000000001000000101010010110000000100101100110000001011011101;
	1359 :	000000000001000000101010010100000000100111101010000010111000110;
	1358 :	000000000001000000101010010010001111111101101110000110011111011;
	1357 :	000000000001000000101010010000001111010111100000000001000000111;
	1356 :	000000000001000000101010001110001110111111010100111001111101100;
	1355 :	000000000001000000101010001100001111011011101110000000110110110;
	1354 :	000000000001000000101010001010001111100000100100111111101001001;
	1353 :	000000000001000000101010001000001111111100100010111011011011111;
	1352 :	000000000001000000101010000110000000111111010110000010101111010;
	1351 :	000000000001000000101010000100000000000010110110000001000100011;
	1350 :	000000000001000000101010000010001111100011101100111011011110111;
	1349 :	000000000001000000101010000000000001000000000000111101011011111;
	1348 :	000000000001000000101001111110000000001101110100111111011010100;
	1347 :	000000000001000000101001111100001110110010001000000000111010000;
	1346 :	000000000001000000101001111010000000000011101110111101101101011;
	1345 :	000000000001000000101001111000000000111101001000111101010100111;
	1344 :	000000000001000000101001110110000000010100110110000010000111101;
	1343 :	000000000001000000101001110100000000000011001010111101110000101;
	1342 :	000000000001000000101001110010001111010001000010111110111011101;
	1341 :	000000000001000000101001110000001110100110000110000110110000011;
	1340 :	000000000001000000101001101110001111110011010110000010000010011;
	1339 :	000000000001000000101001101100000000011000000000000000100011001;
	1338 :	000000000001000000101001101010001111010111111110000010100011001;
	1337 :	000000000001000000101001101000001111100110011010111011000101011;
	1336 :	000000000001000000101001100110000000001101101000111101111000100;
	1335 :	000000000001000000101001100100001111110010100100000111100000110;
	1334 :	000000000001000000101001100010000000000010000110000000110101010;
	1333 :	000000000001000000101001100000000000101100101110110111100000100;
	1332 :	000000000001000000101001011110000000100101010000111100110100100;
	1331 :	000000000001000000101001011100000000000100101000000010011111110;
	1330 :	000000000001000000101001011010001111110001111100111111000101000;
	1329 :	000000000001000000101001011000000000000000100110111111000010001;
	1328 :	000000000001000000101001010110001111101111110110000000001011101;
	1327 :	000000000001000000101001010100001111000110001000111011110000111;
	1326 :	000000000001000000101001010010001111110111110010111101010010110;
	1325 :	000000000001000000101001010000000000100101100010000000111111011;
	1324 :	000000000001000000101001001110001111100001011110111110010111101;
	1323 :	000000000001000000101001001100001111100011111010111101011100001;
	1322 :	000000000001000000101001001010000001100010000010111111010010101;
	1321 :	000000000001000000101001001000000001000001001000000010001100100;
	1320 :	000000000001000000101001000110001110000001100100000000101100001;
	1319 :	000000000001000000101001000100001110000011010010111001101110100;
	1318 :	000000000001000000101001000010000000000111000000111010111101011;
	1317 :	000000000001000000101001000000001111111111011110111110000011001;
	1316 :	000000000001000000101000111110001111101000010000111110100101101;
	1315 :	000000000001000000101000111100000000011000001100000100000010001;
	1314 :	000000000001000000101000111010000001001010110100111111011110101;
	1313 :	000000000001000000101000111000000001000101010010111000101100001;
	1312 :	000000000001000000101000110110001111001101010000000000001001000;
	1311 :	000000000001000000101000110100001111100001001000000011010101101;
	1310 :	000000000001000000101000110010000001110100100000000001100011011;
	1309 :	000000000001000000101000110000000000000010000000000000010100101;
	1308 :	000000000001000000101000101110001110011111010110111010110111000;
	1307 :	000000000001000000101000101100000000000110001100111100001111000;
	1306 :	000000000001000000101000101010001111100000101100111111000010001;
	1305 :	000000000001000000101000101000001111001111000010111110100001100;
	1304 :	000000000001000000101000100110001111111111100010000000010110110;
	1303 :	000000000001000000101000100100001110111010001000111011111100101;
	1302 :	000000000001000000101000100010001111101000000000111110011101100;
	1301 :	000000000001000000101000100000000000011111111000000111000000001;
	1300 :	000000000001000000101000011110001111010101000010111111001100100;
	1299 :	000000000001000000101000011100001111100100000000111100101011001;
	1298 :	000000000001000000101000011010001111011001000010000010101001110;
	1297 :	000000000001000000101000011000001111000001011010111100111110110;
	1296 :	000000000001000000101000010110000000101000110100111101100111011;
	1295 :	000000000001000000101000010100000000111111110100000011100111011;
	1294 :	000000000001000000101000010010000000000101101100000001111001111;
	1293 :	000000000001000000101000010000001111100000001110000000000000111;
	1292 :	000000000001000000101000001110001111100011111000111011101101001;
	1291 :	000000000001000000101000001100000000011001100010111101101111100;
	1290 :	000000000001000000101000001010001111101010101000000110111011000;
	1289 :	000000000001000000101000001000001111001110110010000100110111000;
	1288 :	000000000001000000101000000110000000001101000000000001010110101;
	1287 :	000000000001000000101000000100001111100101101000000001001010101;
	1286 :	000000000001000000101000000010000000001010111010111100011011111;
	1285 :	000000000001000000101000000000000001000111000110111101011011000;
	1284 :	000000000001000000100111111110001111101001111110000010001000001;
	1283 :	000000000001000000100111111100000000011110011110000011101100111;
	1282 :	000000000001000000100111111010000001011000011000000100000100110;
	1281 :	000000000001000000100111111000001111110100101100000001110101111;
	1280 :	000000000001000000100111110110001111111110000110000010001101000;
	1279 :	000000000001000000100111110100001111011011111100000001101000000;
	1278 :	000000000001000000100111110010001110101110111100111011100111000;
	1277 :	000000000001000000100111110000000000100001010100111101010000111;
	1276 :	000000000001000000100111101110000000010010000000000011110111000;
	1275 :	000000000001000000100111101100001111101100011100000010110100100;
	1274 :	000000000001000000100111101010000000001100101000111111010010110;
	1273 :	000000000001000000100111101000001110001001100110000000100011010;
	1272 :	000000000001000000100111100110001101100001100000000010100101100;
	1271 :	000000000001000000100111100100001111100001011100111111011001110;
	1270 :	000000000001000000100111100010000000100111110010111111100010000;
	1269 :	000000000001000000100111100000000001001111000000000101100000011;
	1268 :	000000000001000000100111011110001111110110011010000010101110101;
	1267 :	000000000001000000100111011100001110000011000010111110110101100;
	1266 :	000000000001000000100111011010001111001101000110000010111010001;
	1265 :	000000000001000000100111011000000000000010110000000000001110000;
	1264 :	000000000001000000100111010110001111111111110100111011011100111;
	1263 :	000000000001000000100111010100000000001011000110111110010110010;
	1262 :	000000000001000000100111010010001111010100111110111110000001010;
	1261 :	000000000001000000100111010000001111110110101000111011110101011;
	1260 :	000000000001000000100111001110000001010011100110111111111101010;
	1259 :	000000000001000000100111001100000000110101000000000011000110010;
	1258 :	000000000001000000100111001010000000010101101110000000001001110;
	1257 :	000000000001000000100111001000000000010000000100000000010100001;
	1256 :	000000000001000000100111000110001111011100101110000101110010000;
	1255 :	000000000001000000100111000100001110111011010010000100001111000;
	1254 :	000000000001000000100111000010001111000110000110111111001110101;
	1253 :	000000000001000000100111000000000000001110011000000001100010000;
	1252 :	000000000001000000100110111110000001010101100000000010010111110;
	1251 :	000000000001000000100110111100000001000111001000111111100000100;
	1250 :	000000000001000000100110111010000000100010001000000000100000101;
	1249 :	000000000001000000100110111000001111100011001000000001111100100;
	1248 :	000000000001000000100110110110001110101101101010000001000000111;
	1247 :	000000000001000000100110110100001111110011110000000001011000010;
	1246 :	000000000001000000100110110010000000011100010000000101101011001;
	1245 :	000000000001000000100110110000001111100000110110000110110100110;
	1244 :	000000000001000000100110101110000000010101011110000001000100111;
	1243 :	000000000001000000100110101100000001011101111110000001010111101;
	1242 :	000000000001000000100110101010000000000110100010000011111001010;
	1241 :	000000000001000000100110101000001111101000001000111111100010010;
	1240 :	000000000001000000100110100110000000110100000110000001110010000;
	1239 :	000000000001000000100110100100000000100000000110000101101000110;
	1238 :	000000000001000000100110100010000000100100100000000001101100011;
	1237 :	000000000001000000100110100000000001100110110010000010000101001;
	1236 :	000000000001000000100110011110000000010110101110000010100011110;
	1235 :	000000000001000000100110011100001111001000111110000000011111111;
	1234 :	000000000001000000100110011010001111100101010110000011101010110;
	1233 :	000000000001000000100110011000001110110011001100000010011100111;
	1232 :	000000000001000000100110010110001110101010011110111101110010010;
	1231 :	000000000001000000100110010100000000000111100100111111101110111;
	1230 :	000000000001000000100110010010001111111010000010000011111011010;
	1229 :	000000000001000000100110010000001111001000111110000100111000110;
	1228 :	000000000001000000100110001110001110111111111000000000100010000;
	1227 :	000000000001000000100110001100001110111001010110111110001011000;
	1226 :	000000000001000000100110001010000000010011001010000000010110111;
	1225 :	000000000001000000100110001000000001010010011010111110000000011;
	1224 :	000000000001000000100110000110000000000111000010111111011111110;
	1223 :	000000000001000000100110000100001111011100000000000101010101010;
	1222 :	000000000001000000100110000010001111001001011100000010001110101;
	1221 :	000000000001000000100110000000001110110111111010111111101111111;
	1220 :	000000000001000000100101111110000000000111111010111111010101010;
	1219 :	000000000001000000100101111100000000110111110000111010010001111;
	1218 :	000000000001000000100101111010000000001001111110111100010011100;
	1217 :	000000000001000000100101111000001111111101101100000010001010110;
	1216 :	000000000001000000100101110110000000100010011110000010001111001;
	1215 :	000000000001000000100101110100000001010011010010000010100001110;
	1214 :	000000000001000000100101110010000001001110011000000100100000111;
	1213 :	000000000001000000100101110000000000011101101110000011111110110;
	1212 :	000000000001000000100101101110000000011111011100111110010101011;
	1211 :	000000000001000000100101101100001111101111111110111100101011110;
	1210 :	000000000001000000100101101010001110011110010100000010011110011;
	1209 :	000000000001000000100101101000001111101010110100111101001101101;
	1208 :	000000000001000000100101100110000001000000111010110110111111000;
	1207 :	000000000001000000100101100100000000000101001010000001010001111;
	1206 :	000000000001000000100101100010001111010010110110000011101100010;
	1205 :	000000000001000000100101100000001111100110001000111100100000001;
	1204 :	000000000001000000100101011110000000001100100000111111000010111;
	1203 :	000000000001000000100101011100000000100111101000000001010001100;
	1202 :	000000000001000000100101011010000000110100001110000001110101010;
	1201 :	000000000001000000100101011000000000111110010010000011001101000;
	1200 :	000000000001000000100101010110001111101100110110111111001011110;
	1199 :	000000000001000000100101010100001110010011000010000001010100001;
	1198 :	000000000001000000100101010010001111011111111000000110010110100;
	1197 :	000000000001000000100101010000000000010001101110000001101001111;
	1196 :	000000000001000000100101001110001111100011110100111110010100111;
	1195 :	000000000001000000100101001100000000011101111010111110111011010;
	1194 :	000000000001000000100101001010000001011010110100111110111011011;
	1193 :	000000000001000000100101001000000001010010101100000000100100000;
	1192 :	000000000001000000100101000110000001000010100110111101111011100;
	1191 :	000000000001000000100101000100001111011010000000111011001101111;
	1190 :	000000000001000000100101000010001111000101100000000001010011010;
	1189 :	000000000001000000100101000000000001010111001100000111010100100;
	1188 :	000000000001000000100100111110000000111010000000000101000101101;
	1187 :	000000000001000000100100111100001110111100100010111101110011010;
	1186 :	000000000001000000100100111010001111101110111000111011011111001;
	1185 :	000000000001000000100100111000001111101110000110111111111110110;
	1184 :	000000000001000000100100110110001110011010101010000000010110000;
	1183 :	000000000001000000100100110100001111010110000010000000011000101;
	1182 :	000000000001000000100100110010001111111000010010000100100010001;
	1181 :	000000000001000000100100110000001110110010001010000001100110100;
	1180 :	000000000001000000100100101110001111000011010000111101101010010;
	1179 :	000000000001000000100100101100001111011110011100000001010110000;
	1178 :	000000000001000000100100101010001111000000101010000100010001111;
	1177 :	000000000001000000100100101000001111000000011010000011011110010;
	1176 :	000000000001000000100100100110001110100110001010111100101001101;
	1175 :	000000000001000000100100100100001111000100101000111000001010010;
	1174 :	000000000001000000100100100010000001000010100110000011100000010;
	1173 :	000000000001000000100100100000000000110010010110001000001011101;
	1172 :	000000000001000000100100011110001111111011011110111011111101001;
	1171 :	000000000001000000100100011100000000110101010010111100010000001;
	1170 :	000000000001000000100100011010000000010001011100000110011110110;
	1169 :	000000000001000000100100011000001111100000100010000110011101000;
	1168 :	000000000001000000100100010110000000000011101110000010110100000;
	1167 :	000000000001000000100100010100001111101000100010111101111101101;
	1166 :	000000000001000000100100010010000000000000010110111001101010101;
	1165 :	000000000001000000100100010000000000011111000010111111000000000;
	1164 :	000000000001000000100100001110001111100100101010000100000011001;
	1163 :	000000000001000000100100001100000000110001011100111110010010000;
	1162 :	000000000001000000100100001010000000111111011010110111111110010;
	1161 :	000000000001000000100100001000001110101110000010111100111011100;
	1160 :	000000000001000000100100000110000000000000001000000101110000100;
	1159 :	000000000001000000100100000100000000101011011010000000110001000;
	1158 :	000000000001000000100100000010001110001000010110110101110110010;
	1157 :	000000000001000000100100000000001111110011111100111010100100011;
	1156 :	000000000001000000100011111110000001101000100100000100100101001;
	1155 :	000000000001000000100011111100001111000100100010000011011010101;
	1154 :	000000000001000000100011111010001111111011100110000000001101100;
	1153 :	000000000001000000100011111000000010110010001000111110100001001;
	1152 :	000000000001000000100011110110000000110101110110111010101010000;
	1151 :	000000000001000000100011110100001110010111100000111101001000100;
	1150 :	000000000001000000100011110010001110110000001000000010100111011;
	1149 :	000000000001000000100011110000001111001101010010000001010101101;
	1148 :	000000000001000000100011101110001111100010001000000100000110001;
	1147 :	000000000001000000100011101100000000010010111000001000101011101;
	1146 :	000000000001000000100011101010000000010101001010111111111001110;
	1145 :	000000000001000000100011101000000000100000111000111011011110111;
	1144 :	000000000001000000100011100110000001001100011100000100101101010;
	1143 :	000000000001000000100011100100000000001100000010000100100011100;
	1142 :	000000000001000000100011100010001111010001001110111111111000100;
	1141 :	000000000001000000100011100000000000011100001010000010100110100;
	1140 :	000000000001000000100011011110000000000010010110111110010001100;
	1139 :	000000000001000000100011011100001110111010010010111001111110100;
	1138 :	000000000001000000100011011010000000000000100010000001110000000;
	1137 :	000000000001000000100011011000001111011111000110000100000001101;
	1136 :	000000000001000000100011010110001110011010100100111110110000000;
	1135 :	000000000001000000100011010100000000000100000110000000011101001;
	1134 :	000000000001000000100011010010001111110111011100000010011100101;
	1133 :	000000000001000000100011010000001110111010110000111101011011100;
	1132 :	000000000001000000100011001110000001001000101110111010011010000;
	1131 :	000000000001000000100011001100000010000101010110111100010010100;
	1130 :	000000000001000000100011001010000001000100101000111110001010010;
	1129 :	000000000001000000100011001000000000110000110110000000110111101;
	1128 :	000000000001000000100011000110000000001000110110000011100010010;
	1127 :	000000000001000000100011000100000000011111110100000010100010001;
	1126 :	000000000001000000100011000010000001011010110110000001110101100;
	1125 :	000000000001000000100011000000000000100101100000000011000111000;
	1124 :	000000000001000000100010111110001111111010011110000010011011010;
	1123 :	000000000001000000100010111100001111100011000110000001100010101;
	1122 :	000000000001000000100010111010001110110000110110000011010110110;
	1121 :	000000000001000000100010111000001111000001000110000101011111100;
	1120 :	000000000001000000100010110110001111011101001100000010100110100;
	1119 :	000000000001000000100010110100001111011010111000111100101010011;
	1118 :	000000000001000000100010110010001111000010110100111101110100100;
	1117 :	000000000001000000100010110000001110111101101100000001110111101;
	1116 :	000000000001000000100010101110000000110001011100111111001111010;
	1115 :	000000000001000000100010101100000001010101110100111101011010110;
	1114 :	000000000001000000100010101010001111110110011110000000010100001;
	1113 :	000000000001000000100010101000000000101100010100000010011110100;
	1112 :	000000000001000000100010100110000001010101101100000001010111110;
	1111 :	000000000001000000100010100100000000010111011100111011011011011;
	1110 :	000000000001000000100010100010000001000110010100111001101011011;
	1109 :	000000000001000000100010100000000000001011001100000010001100010;
	1108 :	000000000001000000100010011110001110001010001010000101010010100;
	1107 :	000000000001000000100010011100001111101011000000111110000011010;
	1106 :	000000000001000000100010011010000000100001111100111100100010001;
	1105 :	000000000001000000100010011000000000000011011000000001101001101;
	1104 :	000000000001000000100010010110000001001010111000000000011111010;
	1103 :	000000000001000000100010010100000000010111011110111101111110011;
	1102 :	000000000001000000100010010010001111010010011110000010110111010;
	1101 :	000000000001000000100010010000000000111011101100000100001010101;
	1100 :	000000000001000000100010001110000000011011010110000010010011110;
	1099 :	000000000001000000100010001100001110010110111000001000001111011;
	1098 :	000000000001000000100010001010001111000000000110001001100001110;
	1097 :	000000000001000000100010001000001111101111110000000010001111001;
	1096 :	000000000001000000100010000110001111000000001010111111110111111;
	1095 :	000000000001000000100010000100001110100110100000000001101011110;
	1094 :	000000000001000000100010000010001110110011100110000011000110000;
	1093 :	000000000001000000100010000000001111110001101110111110010101001;
	1092 :	000000000001000000100001111110000000100101110010111001110010011;
	1091 :	000000000001000000100001111100001111111010100110000100110010001;
	1090 :	000000000001000000100001111010001111010110010100001000101111100;
	1089 :	000000000001000000100001111000001111101111001100111100111100001;
	1088 :	000000000001000000100001110110000000001001101000111101110001110;
	1087 :	000000000001000000100001110100000000100110110010000001111010100;
	1086 :	000000000001000000100001110010000000010000110010000001010111010;
	1085 :	000000000001000000100001110000001111000111111000000110010100000;
	1084 :	000000000001000000100001101110001110110111011000111111101010101;
	1083 :	000000000001000000100001101100001110111111100000111001011100100;
	1082 :	000000000001000000100001101010001111011110001110000001110100101;
	1081 :	000000000001000000100001101000000000001110000010111101110011100;
	1080 :	000000000001000000100001100110001111010001010100111001000100000;
	1079 :	000000000001000000100001100100001111000000100110000001010001001;
	1078 :	000000000001000000100001100010000000110000010110111111101000001;
	1077 :	000000000001000000100001100000000000111100001010111111001110100;
	1076 :	000000000001000000100001011110000000111010110000000110110110101;
	1075 :	000000000001000000100001011100000001010011111010000100010000001;
	1074 :	000000000001000000100001011010001111100110110100000000101011100;
	1073 :	000000000001000000100001011000001111100001101100000000011100111;
	1072 :	000000000001000000100001010110000001011000101100111100111011110;
	1071 :	000000000001000000100001010100000001000000001010111111000110101;
	1070 :	000000000001000000100001010010000000010101001000000100000011010;
	1069 :	000000000001000000100001010000001111111011110100000100101100001;
	1068 :	000000000001000000100001001110001111000111101000000111010011010;
	1067 :	000000000001000000100001001100001111111110010010000111101000011;
	1066 :	000000000001000000100001001010000000100111110000111101111010100;
	1065 :	000000000001000000100001001000000000000111110100110111110101001;
	1064 :	000000000001000000100001000110001111111100110110111110100100001;
	1063 :	000000000001000000100001000100001111011110011010000001010011110;
	1062 :	000000000001000000100001000010001111101101101110111101111010100;
	1061 :	000000000001000000100001000000001111111001111010000001011110000;
	1060 :	000000000001000000100000111110001111000010111010000010100010011;
	1059 :	000000000001000000100000111100000000000000000000111111011111110;
	1058 :	000000000001000000100000111010000000111101000110000010100010011;
	1057 :	000000000001000000100000111000000000000110000110000001011110000;
	1056 :	000000000001000000100000110110000000010010010010111101111010100;
	1055 :	000000000001000000100000110100000000100001100110000001010011110;
	1054 :	000000000001000000100000110010000000000011001010111110100100001;
	1053 :	000000000001000000100000110000001111111000001100110111110101001;
	1052 :	000000000001000000100000101110001111011000010000111101111010100;
	1051 :	000000000001000000100000101100000000000001101110000111101000011;
	1050 :	000000000001000000100000101010000000111000011000000111010011010;
	1049 :	000000000001000000100000101000000000000100001100000100101100001;
	1048 :	000000000001000000100000100110001111101010111000000100000011010;
	1047 :	000000000001000000100000100100001110111111110110111111000110101;
	1046 :	000000000001000000100000100010001110100111010100111100111011110;
	1045 :	000000000001000000100000100000000000011110010100000000011100111;
	1044 :	000000000001000000100000011110000000011001001100000000101011100;
	1043 :	000000000001000000100000011100001110101100000110000100010000001;
	1042 :	000000000001000000100000011010001111000101010000000110110110101;
	1041 :	000000000001000000100000011000001111000011110110111111001110100;
	1040 :	000000000001000000100000010110001111001111101010111111101000001;
	1039 :	000000000001000000100000010100000000111111011010000001010001001;
	1038 :	000000000001000000100000010010000000101110101100111001000100000;
	1037 :	000000000001000000100000010000001111110001111110111101110011100;
	1036 :	000000000001000000100000001110000000100001110010000001110100101;
	1035 :	000000000001000000100000001100000001000000100000111001011100100;
	1034 :	000000000001000000100000001010000001001000101000111111101010101;
	1033 :	000000000001000000100000001000000000111000001000000110010100000;
	1032 :	000000000001000000100000000110001111101111001110000001010111010;
	1031 :	000000000001000000100000000100001111011001001110000001111010100;
	1030 :	000000000001000000100000000010001111110110011000111101110001110;
	1029 :	000000000001000000100000000000000000010000110100111100111100001;
	1028 :	000000000001000000011111111110000000101001101100001000101111100;
	1027 :	000000000001000000011111111100000000000101011010000100110010001;
	1026 :	000000000001000000011111111010001111011010001110111001110010011;
	1025 :	000000000001000000011111111000000000001110010010111110010101001;
	1024 :	000000000001000000011111110110000001001100011010000011000110000;
	1023 :	000000000001000000011111110100000001011001100000000001101011110;
	1022 :	000000000001000000011111110010000000111111110110111111110111111;
	1021 :	000000000001000000011111110000000000010000010000000010001111001;
	1020 :	000000000001000000011111101110000000111111111010001001100001110;
	1019 :	000000000001000000011111101100000001101001001000001000001111011;
	1018 :	000000000001000000011111101010001111100100101010000010010011110;
	1017 :	000000000001000000011111101000001111000100010100000100001010101;
	1016 :	000000000001000000011111100110000000101101100010000010110111010;
	1015 :	000000000001000000011111100100001111101000100010111101111110011;
	1014 :	000000000001000000011111100010001110110101001000000000011111010;
	1013 :	000000000001000000011111100000001111111100101000000001101001101;
	1012 :	000000000001000000011111011110001111011110000100111100100010001;
	1011 :	000000000001000000011111011100000000010101000000111110000011010;
	1010 :	000000000001000000011111011010000001110101110110000101010010100;
	1009 :	000000000001000000011111011000001111110100110100000010001100010;
	1008 :	000000000001000000011111010110001110111001101100111001101011011;
	1007 :	000000000001000000011111010100001111101000100100111011011011011;
	1006 :	000000000001000000011111010010001110101010010100000001010111110;
	1005 :	000000000001000000011111010000001111010011101100000010011110100;
	1004 :	000000000001000000011111001110000000001001100010000000010100001;
	1003 :	000000000001000000011111001100001110101010001100111101011010110;
	1002 :	000000000001000000011111001010001111001110100100111111001111010;
	1001 :	000000000001000000011111001000000001000010010100000001110111101;
	1000 :	000000000001000000011111000110000000111101001100111101110100100;
	999 :	000000000001000000011111000100000000100101001000111100101010011;
	998 :	000000000001000000011111000010000000100010110100000010100110100;
	997 :	000000000001000000011111000000000000111110111010000101011111100;
	996 :	000000000001000000011110111110000001001111001010000011010110110;
	995 :	000000000001000000011110111100000000011100111010000001100010101;
	994 :	000000000001000000011110111010000000000101100010000010011011010;
	993 :	000000000001000000011110111000001111011010100000000011000111000;
	992 :	000000000001000000011110110110001110100101001010000001110101100;
	991 :	000000000001000000011110110100001111100000001100000010100010001;
	990 :	000000000001000000011110110010001111110111001010000011100010010;
	989 :	000000000001000000011110110000001111001111001010000000110111101;
	988 :	000000000001000000011110101110001110111011011000111110001010010;
	987 :	000000000001000000011110101100001101111010101010111100010010100;
	986 :	000000000001000000011110101010001110110111010010111010011010000;
	985 :	000000000001000000011110101000000001000101010000111101011011100;
	984 :	000000000001000000011110100110000000001000100100000010011100101;
	983 :	000000000001000000011110100100001111111011111010000000011101001;
	982 :	000000000001000000011110100010000001100101011100111110110000000;
	981 :	000000000001000000011110100000000000100000111010000100000001101;
	980 :	000000000001000000011110011110001111111111011110000001110000000;
	979 :	000000000001000000011110011100000001000101101110111001111110100;
	978 :	000000000001000000011110011010001111111101101010111110010001100;
	977 :	000000000001000000011110011000001111100011110110000010100110100;
	976 :	000000000001000000011110010110000000101110110010111111111000100;
	975 :	000000000001000000011110010100001111110011111110000100100011100;
	974 :	000000000001000000011110010010001110110011100100000100101101010;
	973 :	000000000001000000011110010000001111011111001000111011011110111;
	972 :	000000000001000000011110001110001111101010110110111111111001110;
	971 :	000000000001000000011110001100001111101101001000001000101011101;
	970 :	000000000001000000011110001010000000011101111000000100000110001;
	969 :	000000000001000000011110001000000000110010101110000001010101101;
	968 :	000000000001000000011110000110000001001111111000000010100111011;
	967 :	000000000001000000011110000100000001101000100000111101001000100;
	966 :	000000000001000000011110000010001111001010001010111010101010000;
	965 :	000000000001000000011110000000001101001101111000111110100001001;
	964 :	000000000001000000011101111110000000000100011010000000001101100;
	963 :	000000000001000000011101111100000000111011011110000011011010101;
	962 :	000000000001000000011101111010001110010111011100000100100101001;
	961 :	000000000001000000011101111000000000001100000100111010100100011;
	960 :	000000000001000000011101110110000001110111101010110101110110010;
	959 :	000000000001000000011101110100001111010100100110000000110001000;
	958 :	000000000001000000011101110010001111111111111000000101110000100;
	957 :	000000000001000000011101110000000001010001111110111100111011100;
	956 :	000000000001000000011101101110001111000000100110110111111110010;
	955 :	000000000001000000011101101100001111001110100100111110010010000;
	954 :	000000000001000000011101101010000000011011010110000100000011001;
	953 :	000000000001000000011101101000001111100000111110111111000000000;
	952 :	000000000001000000011101100110001111111111101010111001101010101;
	951 :	000000000001000000011101100100000000010111011110111101111101101;
	950 :	000000000001000000011101100010001111111100010010000010110100000;
	949 :	000000000001000000011101100000000000011111011110000110011101000;
	948 :	000000000001000000011101011110001111101110100100000110011110110;
	947 :	000000000001000000011101011100001111001010101110111100010000001;
	946 :	000000000001000000011101011010000000000100100010111011111101001;
	945 :	000000000001000000011101011000001111001101101010001000001011101;
	944 :	000000000001000000011101010110001110111101011010000011100000010;
	943 :	000000000001000000011101010100000000111011011000111000001010010;
	942 :	000000000001000000011101010010000001011001110110111100101001101;
	941 :	000000000001000000011101010000000000111111100110000011011110010;
	940 :	000000000001000000011101001110000000111111010110000100010001111;
	939 :	000000000001000000011101001100000000100001100100000001010110000;
	938 :	000000000001000000011101001010000000111100110000111101101010010;
	937 :	000000000001000000011101001000000001001101110110000001100110100;
	936 :	000000000001000000011101000110000000000111101110000100100010001;
	935 :	000000000001000000011101000100000000101001111110000000011000101;
	934 :	000000000001000000011101000010000001100101010110000000010110000;
	933 :	000000000001000000011101000000000000010001111010111111111110110;
	932 :	000000000001000000011100111110000000010001001000111011011111001;
	931 :	000000000001000000011100111100000001000011011110111101110011010;
	930 :	000000000001000000011100111010001111000110000000000101000101101;
	929 :	000000000001000000011100111000001110101000110100000111010100100;
	928 :	000000000001000000011100110110000000111010100000000001010011010;
	927 :	000000000001000000011100110100000000100110000000111011001101111;
	926 :	000000000001000000011100110010001110111101011010111101111011100;
	925 :	000000000001000000011100110000001110101101010100000000100100000;
	924 :	000000000001000000011100101110001110100101001100111110111011011;
	923 :	000000000001000000011100101100001111100010000110111110111011010;
	922 :	000000000001000000011100101010000000011100001100111110010100111;
	921 :	000000000001000000011100101000001111101110010010000001101001111;
	920 :	000000000001000000011100100110000000100000001000000110010110100;
	919 :	000000000001000000011100100100000001101100111110000001010100001;
	918 :	000000000001000000011100100010000000010011001010111111001011110;
	917 :	000000000001000000011100100000001111000001101110000011001101000;
	916 :	000000000001000000011100011110001111001011110010000001110101010;
	915 :	000000000001000000011100011100001111011000011000000001010001100;
	914 :	000000000001000000011100011010001111110011100000111111000010111;
	913 :	000000000001000000011100011000000000011001111000111100100000001;
	912 :	000000000001000000011100010110000000101101001010000011101100010;
	911 :	000000000001000000011100010100001111111010110110000001010001111;
	910 :	000000000001000000011100010010001110111111000110110110111111000;
	909 :	000000000001000000011100010000000000010101001100111101001101101;
	908 :	000000000001000000011100001110000001100001101100000010011110011;
	907 :	000000000001000000011100001100000000010000000010111100101011110;
	906 :	000000000001000000011100001010001111100000100100111110010101011;
	905 :	000000000001000000011100001000001111100010010010000011111110110;
	904 :	000000000001000000011100000110001110110001101000000100100000111;
	903 :	000000000001000000011100000100001110101100101110000010100001110;
	902 :	000000000001000000011100000010001111011101100010000010001111001;
	901 :	000000000001000000011100000000000000000010010100000010001010110;
	900 :	000000000001000000011011111110001111110110000010111100010011100;
	899 :	000000000001000000011011111100001111001000010000111010010001111;
	898 :	000000000001000000011011111010001111111000000110111111010101010;
	897 :	000000000001000000011011111000000001001000000110111111101111111;
	896 :	000000000001000000011011110110000000110110100100000010001110101;
	895 :	000000000001000000011011110100000000100100000000000101010101010;
	894 :	000000000001000000011011110010001111111000111110111111011111110;
	893 :	000000000001000000011011110000001110101101100110111110000000011;
	892 :	000000000001000000011011101110001111101100110110000000010110111;
	891 :	000000000001000000011011101100000001000110101010111110001011000;
	890 :	000000000001000000011011101010000001000000001000000000100010000;
	889 :	000000000001000000011011101000000000110111000010000100111000110;
	888 :	000000000001000000011011100110000000000101111110000011111011010;
	887 :	000000000001000000011011100100001111111000011100111111101110111;
	886 :	000000000001000000011011100010000001010101100010111101110010010;
	885 :	000000000001000000011011100000000001001100110100000010011100111;
	884 :	000000000001000000011011011110000000011010101010000011101010110;
	883 :	000000000001000000011011011100000000110111000010000000011111111;
	882 :	000000000001000000011011011010001111101001010010000010100011110;
	881 :	000000000001000000011011011000001110011001001110000010000101001;
	880 :	000000000001000000011011010110001111011011100000000001101100011;
	879 :	000000000001000000011011010100001111011111111010000101101000110;
	878 :	000000000001000000011011010010001111001011111010000001110010000;
	877 :	000000000001000000011011010000000000010111111000111111100010010;
	876 :	000000000001000000011011001110001111111001011110000011111001010;
	875 :	000000000001000000011011001100001110100010000010000001010111101;
	874 :	000000000001000000011011001010001111101010100010000001000100111;
	873 :	000000000001000000011011001000000000011111001010000110110100110;
	872 :	000000000001000000011011000110001111100011110000000101101011001;
	871 :	000000000001000000011011000100000000001100010000000001011000010;
	870 :	000000000001000000011011000010000001010010010110000001000000111;
	869 :	000000000001000000011011000000000000011100111000000001111100100;
	868 :	000000000001000000011010111110001111011101111000000000100000101;
	867 :	000000000001000000011010111100001110111000111000111111100000100;
	866 :	000000000001000000011010111010001110101010100000000010010111110;
	865 :	000000000001000000011010111000001111110001101000000001100010000;
	864 :	000000000001000000011010110110000000111001111010111111001110101;
	863 :	000000000001000000011010110100000001000100101110000100001111000;
	862 :	000000000001000000011010110010000000100011010010000101110010000;
	861 :	000000000001000000011010110000001111101111111100000000010100001;
	860 :	000000000001000000011010101110001111101010010010000000001001110;
	859 :	000000000001000000011010101100001111001011000000000011000110010;
	858 :	000000000001000000011010101010001110101100011010111111111101010;
	857 :	000000000001000000011010101000000000001001011000111011110101011;
	856 :	000000000001000000011010100110000000101011000010111110000001010;
	855 :	000000000001000000011010100100001111110100111010111110010110010;
	854 :	000000000001000000011010100010000000000000001100111011011100111;
	853 :	000000000001000000011010100000001111111101010000000000001110000;
	852 :	000000000001000000011010011110000000110010111010000010111010001;
	851 :	000000000001000000011010011100000001111100111110111110110101100;
	850 :	000000000001000000011010011010000000001001100110000010101110101;
	849 :	000000000001000000011010011000001110110001000000000101100000011;
	848 :	000000000001000000011010010110001111011000001110111111100010000;
	847 :	000000000001000000011010010100000000011110100100111111011001110;
	846 :	000000000001000000011010010010000010011110100000000010100101100;
	845 :	000000000001000000011010010000000001110110011010000000100011010;
	844 :	000000000001000000011010001110001111110011011000111111010010110;
	843 :	000000000001000000011010001100000000010011100100000010110100100;
	842 :	000000000001000000011010001010001111101110000000000011110111000;
	841 :	000000000001000000011010001000001111011110101100111101010000111;
	840 :	000000000001000000011010000110000001010001000100111011100111000;
	839 :	000000000001000000011010000100000000100100000100000001101000000;
	838 :	000000000001000000011010000010000000000001111010000010001101000;
	837 :	000000000001000000011010000000000000001011010100000001110101111;
	836 :	000000000001000000011001111110001110100111101000000100000100110;
	835 :	000000000001000000011001111100001111100001100010000011101100111;
	834 :	000000000001000000011001111010000000010110000010000010001000001;
	833 :	000000000001000000011001111000001110111000111010111101011011000;
	832 :	000000000001000000011001110110001111110101000110111100011011111;
	831 :	000000000001000000011001110100000000011010011000000001001010101;
	830 :	000000000001000000011001110010001111110011000000000001010110101;
	829 :	000000000001000000011001110000000000110001001110000100110111000;
	828 :	000000000001000000011001101110000000010101011000000110111011000;
	827 :	000000000001000000011001101100001111100110011110111101101111100;
	826 :	000000000001000000011001101010000000011100001000111011101101001;
	825 :	000000000001000000011001101000000000011111110010000000000000111;
	824 :	000000000001000000011001100110001111111010010100000001111001111;
	823 :	000000000001000000011001100100001111000000001100000011100111011;
	822 :	000000000001000000011001100010001111010111001100111101100111011;
	821 :	000000000001000000011001100000000000111110100110111100111110110;
	820 :	000000000001000000011001011110000000100110111110000010101001110;
	819 :	000000000001000000011001011100000000011100000000111100101011001;
	818 :	000000000001000000011001011010000000101010111110111111001100100;
	817 :	000000000001000000011001011000001111100000001000000111000000001;
	816 :	000000000001000000011001010110000000011000000000111110011101100;
	815 :	000000000001000000011001010100000001000101111000111011111100101;
	814 :	000000000001000000011001010010000000000000011110000000010110110;
	813 :	000000000001000000011001010000000000110000111110111110100001100;
	812 :	000000000001000000011001001110000000011111010100111111000010001;
	811 :	000000000001000000011001001100001111111001110100111100001111000;
	810 :	000000000001000000011001001010000001100000101010111010110111000;
	809 :	000000000001000000011001001000001111111110000000000000010100101;
	808 :	000000000001000000011001000110001110001011100000000001100011011;
	807 :	000000000001000000011001000100000000011110111000000011010101101;
	806 :	000000000001000000011001000010000000110010110000000000001001000;
	805 :	000000000001000000011001000000001110111010101110111000101100001;
	804 :	000000000001000000011000111110001110110101001100111111011110101;
	803 :	000000000001000000011000111100001111100111110100000100000010001;
	802 :	000000000001000000011000111010000000010111110000111110100101101;
	801 :	000000000001000000011000111000000000000000100010111110000011001;
	800 :	000000000001000000011000110110001111111001000000111010111101011;
	799 :	000000000001000000011000110100000001111100101110111001101110100;
	798 :	000000000001000000011000110010000001111110011100000000101100001;
	797 :	000000000001000000011000110000001110111110111000000010001100100;
	796 :	000000000001000000011000101110001110011101111110111111010010101;
	795 :	000000000001000000011000101100000000011100000110111101011100001;
	794 :	000000000001000000011000101010000000011110100010111110010111101;
	793 :	000000000001000000011000101000001111011010011110000000111111011;
	792 :	000000000001000000011000100110000000001000001110111101010010110;
	791 :	000000000001000000011000100100000000111001111000111011110000111;
	790 :	000000000001000000011000100010000000010000001010000000001011101;
	789 :	000000000001000000011000100000001111111111011010111111000010001;
	788 :	000000000001000000011000011110000000001110000100111111000101000;
	787 :	000000000001000000011000011100001111111011011000000010011111110;
	786 :	000000000001000000011000011010001111011010110000111100110100100;
	785 :	000000000001000000011000011000001111010011010010110111100000100;
	784 :	000000000001000000011000010110001111111101111010000000110101010;
	783 :	000000000001000000011000010100000000001101011100000111100000110;
	782 :	000000000001000000011000010010001111110010011000111101111000100;
	781 :	000000000001000000011000010000000000011001100110111011000101011;
	780 :	000000000001000000011000001110000000101000000010000010100011001;
	779 :	000000000001000000011000001100001111101000000000000000100011001;
	778 :	000000000001000000011000001010000000001100101010000010000010011;
	777 :	000000000001000000011000001000000001011001111010000110110000011;
	776 :	000000000001000000011000000110000000101110111110111110111011101;
	775 :	000000000001000000011000000100001111111100110110111101110000101;
	774 :	000000000001000000011000000010001111101011001010000010000111101;
	773 :	000000000001000000011000000000001111000010111000111101010100111;
	772 :	000000000001000000010111111110001111111100010010111101101101011;
	771 :	000000000001000000010111111100000001001101111000000000111010000;
	770 :	000000000001000000010111111010001111110010001100111111011010100;
	769 :	000000000001000000010111111000001111000000000000111101011011111;
	768 :	000000000001000000010111110110000000011100010100111011011110111;
	767 :	000000000001000000010111110100001111111101001010000001000100011;
	766 :	000000000001000000010111110010001111000000101010000010101111010;
	765 :	000000000001000000010111110000000000000011011110111011011011111;
	764 :	000000000001000000010111101110000000011111011100111111101001001;
	763 :	000000000001000000010111101100000000100100010010000000110110110;
	762 :	000000000001000000010111101010000001000000101100111001111101100;
	761 :	000000000001000000010111101000000000101000100000000001000000111;
	760 :	000000000001000000010111100110000000000010010010000110011111011;
	759 :	000000000001000000010111100100001111011000010110000010111000110;
	758 :	000000000001000000010111100010001111011010011010000001011011101;
	757 :	000000000001000000010111100000000000001011110110111111001000000;
	756 :	000000000001000000010111011110000000001011100100000001001100010;
	755 :	000000000001000000010111011100000000110110101000000000000100101;
	754 :	000000000001000000010111011010000001001011001010111001110111000;
	753 :	000000000001000000010111011000001111101101010100111111010101100;
	752 :	000000000001000000010111010110001111111110001110111111100100011;
	751 :	000000000001000000010111010100001111111100100110110111110100111;
	750 :	000000000001000000010111010010001101110010110100111110011001000;
	749 :	000000000001000000010111010000001110100100011100000010100110100;
	748 :	000000000001000000010111001110000000100100000100111101000000000;
	747 :	000000000001000000010111001100000000010010000100000000110010011;
	746 :	000000000001000000010111001010000000000001101100000110110110000;
	745 :	000000000001000000010111001000001111101100111000000000000001110;
	744 :	000000000001000000010111000110001111010101101000110111000101000;
	743 :	000000000001000000010111000100000000001011111110111011111011011;
	742 :	000000000001000000010111000010000001010000000010000000101110111;
	741 :	000000000001000000010111000000000001101011100100111100010101010;
	740 :	000000000001000000010110111110000000100101001010111111101010001;
	739 :	000000000001000000010110111100001111010010011100000000101010101;
	738 :	000000000001000000010110111010001111011110000010111000110100010;
	737 :	000000000001000000010110111000001111010011001000111010000010100;
	736 :	000000000001000000010110110110001111100010000110111010110110100;
	735 :	000000000001000000010110110100000000111001101000111011010010100;
	734 :	000000000001000000010110110010000000111001110010000000011011100;
	733 :	000000000001000000010110110000000000001101010000111010100101000;
	732 :	000000000001000000010110101110001111111101011100111101000011110;
	731 :	000000000001000000010110101100001111110001100000001000011101110;
	730 :	000000000001000000010110101010001111011000001110111111110111101;
	729 :	000000000001000000010110101000001110000111111000111100001011011;
	728 :	000000000001000000010110100110001110010101001100000010111000101;
	727 :	000000000001000000010110100100001111111001110100111011100001111;
	726 :	000000000001000000010110100010001111000110111100111011101111011;
	725 :	000000000001000000010110100000001110101101100110000100010010100;
	724 :	000000000001000000010110011110000000100001101000000000001010010;
	723 :	000000000001000000010110011100000000101111011000111100011110000;
	722 :	000000000001000000010110011010000000010100111000111011111100111;
	721 :	000000000001000000010110011000000000011011110100111010011111001;
	720 :	000000000001000000010110010110001111001110101010000000000000111;
	719 :	000000000001000000010110010100001110110101100010000100100010000;
	718 :	000000000001000000010110010010000000000010000100000001100100000;
	717 :	000000000001000000010110010000001111111101000010111110011110000;
	716 :	000000000001000000010110001110001111010110100010111100111001101;
	715 :	000000000001000000010110001100001111110001011010111100111000101;
	714 :	000000000001000000010110001010000000000011100110000000101010011;
	713 :	000000000001000000010110001000000000110010011100000001110011111;
	712 :	000000000001000000010110000110000001111011111000111110010101001;
	711 :	000000000001000000010110000100000001000000100100000000101110011;
	710 :	000000000001000000010110000010001111011001011100000010100100110;
	709 :	000000000001000000010110000000001111000110111010111101001000101;
	708 :	000000000001000000010101111110001111001110010100111110100010000;
	707 :	000000000001000000010101111100000000100101110010111111001111001;
	706 :	000000000001000000010101111010000001010001111010111010100110011;
	705 :	000000000001000000010101111000001111010000011100000000111011111;
	704 :	000000000001000000010101110110001111100100010000000001110000101;
	703 :	000000000001000000010101110100000001111000010010111010100111011;
	702 :	000000000001000000010101110010000001000011010110000001110000001;
	701 :	000000000001000000010101110000001111100111000110000011010011010;
	700 :	000000000001000000010101101110001111100011101010111011001110100;
	699 :	000000000001000000010101101100001111011101010000111101100100111;
	698 :	000000000001000000010101101010001111110101001000111100111101011;
	697 :	000000000001000000010101101000001111111000010100111011001100110;
	696 :	000000000001000000010101100110001111011101000000000001100001100;
	695 :	000000000001000000010101100100001111111101111110000001010001011;
	694 :	000000000001000000010101100010000000110010100000111111011101110;
	693 :	000000000001000000010101100000000000100011110100000001111000000;
	692 :	000000000001000000010101011110001111100101010100000000000010011;
	691 :	000000000001000000010101011100001111110001001100000000010001100;
	690 :	000000000001000000010101011010001111111011110000000101101110101;
	689 :	000000000001000000010101011000001110111011000100000111000000100;
	688 :	000000000001000000010101010110000000011101101110000001000001010;
	687 :	000000000001000000010101010100000010011001101110111110110110001;
	686 :	000000000001000000010101010010000000100100110110000100010111101;
	685 :	000000000001000000010101010000001111000101110010000001111110101;
	684 :	000000000001000000010101001110001110111000101110111100001111100;
	683 :	000000000001000000010101001100001110100111101110000000100100100;
	682 :	000000000001000000010101001010001111111010000110000100011110000;
	681 :	000000000001000000010101001000000000110010111110000111010001110;
	680 :	000000000001000000010101000110000001001010111010001001000100111;
	679 :	000000000001000000010101000100000001100010011100000001101000011;
	678 :	000000000001000000010101000010000000010110000100111110010111000;
	677 :	000000000001000000010101000000000000100010001110000001011110110;
	676 :	000000000001000000010100111110000001010110111110000001010000000;
	675 :	000000000001000000010100111100000000100011001100000100001101111;
	674 :	000000000001000000010100111010000001000101111110000011011111101;
	673 :	000000000001000000010100111000000000111001010010111010110110110;
	672 :	000000000001000000010100110110001111011001111010111010111101111;
	671 :	000000000001000000010100110100000000000111010100000000111110101;
	670 :	000000000001000000010100110010000000010111101000000000010101101;
	669 :	000000000001000000010100110000000000000110101100111111001110111;
	668 :	000000000001000000010100101110000000011000100100000001110000001;
	667 :	000000000001000000010100101100001111010101010100111110101000001;
	666 :	000000000001000000010100101010001111110101110100111001001000010;
	665 :	000000000001000000010100101000000001001001011100111101101111010;
	664 :	000000000001000000010100100110000000100110000110000001110100110;
	663 :	000000000001000000010100100100000000110111100100111111111100001;
	662 :	000000000001000000010100100010000000110010100000000100111111110;
	661 :	000000000001000000010100100000000000001111001100000101110000011;
	660 :	000000000001000000010100011110000001000100101000111101010000011;
	659 :	000000000001000000010100011100000000100010101100111100110110111;
	658 :	000000000001000000010100011010000000000100110100111111100001010;
	657 :	000000000001000000010100011000000000010010101110111111110000111;
	656 :	000000000001000000010100010110001110011101111010000001011100100;
	655 :	000000000001000000010100010100001110110110100010000000000111011;
	654 :	000000000001000000010100010010000001001111100000111111010001011;
	653 :	000000000001000000010100010000001111111100110110111100100011000;
	652 :	000000000001000000010100001110001110100011000110111001000100000;
	651 :	000000000001000000010100001100000000011010111110000000110011101;
	650 :	000000000001000000010100001010000001001110110010000010011100101;
	649 :	000000000001000000010100001000001111101101111010111001100101100;
	648 :	000000000001000000010100000110001111100011001100000000111111010;
	647 :	000000000001000000010100000100000000011111000000001010110010010;
	646 :	000000000001000000010100000010001111010111010100000000101101111;
	645 :	000000000001000000010100000000001110101011001010111000110111111;
	644 :	000000000001000000010011111110000000001110011100111111110111011;
	643 :	000000000001000000010011111100000000011001100010000010110100101;
	642 :	000000000001000000010011111010000000000101010000111110010011110;
	641 :	000000000001000000010011111000000001000000011000000000110110110;
	640 :	000000000001000000010011110110000000011111000010000001011100001;
	639 :	000000000001000000010011110100001110111010110000111001001010000;
	638 :	000000000001000000010011110010001110100000011000111101000100010;
	637 :	000000000001000000010011110000001111111101100110000101100000010;
	636 :	000000000001000000010011101110000001101101011010000001001010111;
	635 :	000000000001000000010011101100000000011100001100000001000001011;
	634 :	000000000001000000010011101010001110101110101100000010110110101;
	633 :	000000000001000000010011101000001111111010100100111110000110101;
	632 :	000000000001000000010011100110000000101100101110000000111000010;
	631 :	000000000001000000010011100100001111111100111110000100110011110;
	630 :	000000000001000000010011100010001111010110010010000010111101011;
	629 :	000000000001000000010011100000001110111011010100000000011100111;
	628 :	000000000001000000010011011110001111001101110010111011011101001;
	627 :	000000000001000000010011011100001111100110000100111110011011101;
	626 :	000000000001000000010011011010001111101100100010000100010101011;
	625 :	000000000001000000010011011000000000010110110110111100110101111;
	624 :	000000000001000000010011010110000000100000000110111010000110011;
	623 :	000000000001000000010011010100000000010011111110000010100011100;
	622 :	000000000001000000010011010010000000110111100010000101011010011;
	621 :	000000000001000000010011010000000000110001101010000011100011011;
	620 :	000000000001000000010011001110001111101110011010111111100101100;
	619 :	000000000001000000010011001100001111000101111110111101001110011;
	618 :	000000000001000000010011001010001111001111111100000000000010011;
	617 :	000000000001000000010011001000001111101010100000111111001100100;
	616 :	000000000001000000010011000110001111100011000110000000000010110;
	615 :	000000000001000000010011000100001110111110101110000111111100110;
	614 :	000000000001000000010011000010001111001000100100000111011111001;
	613 :	000000000001000000010011000000000000010000101010111110111100100;
	612 :	000000000001000000010010111110000000011101110010111110101010011;
	611 :	000000000001000000010010111100001111010101101100000100010101100;
	610 :	000000000001000000010010111010001111101000110010000010010111000;
	609 :	000000000001000000010010111000000000101011000000111101101100110;
	608 :	000000000001000000010010110110001111110001011010000001100100111;
	607 :	000000000001000000010010110100001111011111100010000010001101011;
	606 :	000000000001000000010010110010000000111000000010111011111011110;
	605 :	000000000001000000010010110000000000110101100010111111010011011;
	604 :	000000000001000000010010101110000000001001110010000011000100011;
	603 :	000000000001000000010010101100000000010011110100111010111010111;
	602 :	000000000001000000010010101010000000010000001010111000100101111;
	601 :	000000000001000000010010101000000000001110101110111111011000001;
	600 :	000000000001000000010010100110000000010010100100000000001011011;
	599 :	000000000001000000010010100100000000100110000110111101100110000;
	598 :	000000000001000000010010100010000001011111001000111111000111111;
	597 :	000000000001000000010010100000000000101100010000000000001011100;
	596 :	000000000001000000010010011110001111001010101010111101001101111;
	595 :	000000000001000000010010011100001111111111100010111101000010111;
	594 :	000000000001000000010010011010000000001111010110000011001010000;
	593 :	000000000001000000010010011000001111010110110010000110000011010;
	592 :	000000000001000000010010010110000000110111111110000010111111000;
	591 :	000000000001000000010010010100000001011010101100000010011110110;
	590 :	000000000001000000010010010010001111010001110100000010101101100;
	589 :	000000000001000000010010010000001111010001010100111110101111110;
	588 :	000000000001000000010010001110000000011010101010111101011110110;
	587 :	000000000001000000010010001100000000000100010110000001110010100;
	586 :	000000000001000000010010001010000000001100100110000100011110000;
	585 :	000000000001000000010010001000000000101101000100000010101011101;
	584 :	000000000001000000010010000110001111111110011000111111101010001;
	583 :	000000000001000000010010000100001110010001011110111110100001101;
	582 :	000000000001000000010010000010001101111100010010111111100110001;
	581 :	000000000001000000010010000000001111111011100000000000101011000;
	580 :	000000000001000000010001111110000000001110011000000000011110111;
	579 :	000000000001000000010001111100001110110001110010111110111011000;
	578 :	000000000001000000010001111010001111100001100010000000000011101;
	577 :	000000000001000000010001111000000000100111110000000101111100101;
	576 :	000000000001000000010001110110000000110011101000000101001110101;
	575 :	000000000001000000010001110100000000110101010110111110011110101;
	574 :	000000000001000000010001110010000000001001010100000000011100101;
	573 :	000000000001000000010001110000000000111110100000000001010000001;
	572 :	000000000001000000010001101110000001010101110100111011011101010;
	571 :	000000000001000000010001101100001110101100101010000000011111000;
	570 :	000000000001000000010001101010001110011000111110000101110001001;
	569 :	000000000001000000010001101000001111110000111100111110111101101;
	568 :	000000000001000000010001100110001111010001101110111101111111010;
	567 :	000000000001000000010001100100001111101101010010000010100000000;
	566 :	000000000001000000010001100010001111011110100100000001100010111;
	565 :	000000000001000000010001100000001110011000110010000001011011010;
	564 :	000000000001000000010001011110000000000100101000000011001011111;
	563 :	000000000001000000010001011100000001010011100000000010011010011;
	562 :	000000000001000000010001011010000001000100001100111110101100000;
	561 :	000000000001000000010001011000000001011000001000111100111010101;
	560 :	000000000001000000010001010110000000001011000110000000100001111;
	559 :	000000000001000000010001010100001110111010000110000000000001010;
	558 :	000000000001000000010001010010001111011010100000111100110011101;
	557 :	000000000001000000010001010000001111101110000000000000001111010;
	556 :	000000000001000000010001001110001111011101101110000010110111111;
	555 :	000000000001000000010001001100001110011101000100000011101100010;
	554 :	000000000001000000010001001010001110000000110010000100101001000;
	553 :	000000000001000000010001001000001111011010011110000001010111100;
	552 :	000000000001000000010001000110001111100110001100000010010001011;
	551 :	000000000001000000010001000100001111010110100110000011101111101;
	550 :	000000000001000000010001000010000001010000010110111100100110010;
	549 :	000000000001000000010001000000000001011100101100111011101101101;
	548 :	000000000001000000010000111110001111100100001010000100001111000;
	547 :	000000000001000000010000111100000000000000000000001000100100100;
	546 :	000000000001000000010000111010001111111100110110000010010010110;
	545 :	000000000001000000010000111000001111010100100100111110100001111;
	544 :	000000000001000000010000110110001111101011111000111110110101000;
	543 :	000000000001000000010000110100000000100111011000111001001101100;
	542 :	000000000001000000010000110010000001001000100110111111101000110;
	541 :	000000000001000000010000110000000001001111001100000101111001001;
	540 :	000000000001000000010000101110000000011101010110111101111001101;
	539 :	000000000001000000010000101100001111110110110110000010010010110;
	538 :	000000000001000000010000101010000000111100100100000110100000010;
	537 :	000000000001000000010000101000000000111100011100111110010000011;
	536 :	000000000001000000010000100110001111010000101010000000101110010;
	535 :	000000000001000000010000100100001111000101100100000001001011110;
	534 :	000000000001000000010000100010001110111010001010111001100100010;
	533 :	000000000001000000010000100000001110100101110110111100010010001;
	532 :	000000000001000000010000011110000000011000000110111111001011011;
	531 :	000000000001000000010000011100000000011101100110111111011000110;
	530 :	000000000001000000010000011010001110101011100000000011100000000;
	529 :	000000000001000000010000011000001111000001000110000001001100000;
	528 :	000000000001000000010000010110001111100110100100111100000011001;
	527 :	000000000001000000010000010100001111111111100100111011010011100;
	526 :	000000000001000000010000010010000000110001110100111000100001000;
	525 :	000000000001000000010000010000001111111011101110111000010111111;
	524 :	000000000001000000010000001110001111011001101110000010001100010;
	523 :	000000000001000000010000001100001111111101000010001000001011101;
	522 :	000000000001000000010000001010000000000011110110000001011011011;
	521 :	000000000001000000010000001000000000100001000100111110101001000;
	520 :	000000000001000000010000000110000000010010111000000010000100001;
	519 :	000000000001000000010000000100000000000101110100111110100001101;
	518 :	000000000001000000010000000010000000111100110110111101011100001;
	517 :	000000000001000000010000000000000000000000000000000000100000010;
	516 :	000000000001000000001111111110001111000011001010111101011100001;
	515 :	000000000001000000001111111100001111111010001100111110100001101;
	514 :	000000000001000000001111111010001111101101001000000010000100001;
	513 :	000000000001000000001111111000001111011110111100111110101001000;
	512 :	000000000001000000001111110110001111111100001010000001011011011;
	511 :	000000000001000000001111110100000000000010111110001000001011101;
	510 :	000000000001000000001111110010000000100110010010000010001100010;
	509 :	000000000001000000001111110000000000000100010010111000010111111;
	508 :	000000000001000000001111101110001111001110001100111000100001000;
	507 :	000000000001000000001111101100000000000000011100111011010011100;
	506 :	000000000001000000001111101010000000011001011100111100000011001;
	505 :	000000000001000000001111101000000000111110111010000001001100000;
	504 :	000000000001000000001111100110000001010100100000000011100000000;
	503 :	000000000001000000001111100100001111100010011010111111011000110;
	502 :	000000000001000000001111100010001111100111111010111111001011011;
	501 :	000000000001000000001111100000000001011010001010111100010010001;
	500 :	000000000001000000001111011110000001000101110110111001100100010;
	499 :	000000000001000000001111011100000000111010011100000001001011110;
	498 :	000000000001000000001111011010000000101111010110000000101110010;
	497 :	000000000001000000001111011000001111000011100100111110010000011;
	496 :	000000000001000000001111010110001111000011011100000110100000010;
	495 :	000000000001000000001111010100000000001001001010000010010010110;
	494 :	000000000001000000001111010010001111100010101010111101111001101;
	493 :	000000000001000000001111010000001110110000110100000101111001001;
	492 :	000000000001000000001111001110001110110111011010111111101000110;
	491 :	000000000001000000001111001100001111011000101000111001001101100;
	490 :	000000000001000000001111001010000000010100001000111110110101000;
	489 :	000000000001000000001111001000000000101011011100111110100001111;
	488 :	000000000001000000001111000110000000000011001010000010010010110;
	487 :	000000000001000000001111000100001111100110100000000010110100010;
	486 :	000000000001000000001111000010001111110001100000110110111011000;
	485 :	000000000001000000001111000000000000001001101000111011001111101;
	484 :	000000000001000000001110111110000000010001000010000110100011111;
	483 :	000000000001000000001110111100001111101100100000000001011100110;
	482 :	000000000001000000001110111010001110111111111000111011111101011;
	481 :	000000000001000000001110111000001110101110100100111101001000011;
	480 :	000000000001000000001110110110001111000001010110111111001110011;
	479 :	000000000001000000001110110100001111111000011110111101100101110;
	478 :	000000000001000000001110110010001111100110000100110101110011001;
	477 :	000000000001000000001110110000001110111010000100110110011010010;
	476 :	000000000001000000001110101110000000100011101100111110001100001;
	475 :	000000000001000000001110101100000001001010101110111100111011001;
	474 :	000000000001000000001110101010001111100000000000111100011111101;
	473 :	000000000001000000001110101000000000001110000000000010010101111;
	472 :	000000000001000000001110100110000001001010001010000000110011101;
	471 :	000000000001000000001110100100000000001010100110111110011110010;
	470 :	000000000001000000001110100010000000010000110010000011111011010;
	469 :	000000000001000000001110100000001111100010111000000001011111000;
	468 :	000000000001000000001110011110001110101000100010111000110001000;
	467 :	000000000001000000001110011100000000010101010000111110000111110;
	466 :	000000000001000000001110011010000000100011110000000111010111101;
	465 :	000000000001000000001110011000001111111111010010000100110011010;
	464 :	000000000001000000001110010110000001011000001100000000011010011;
	463 :	000000000001000000001110010100000000110110110100111110100011110;
	462 :	000000000001000000001110010010001111111000101010111111100000011;
	461 :	000000000001000000001110010000000001000010111000000100001111010;
	460 :	000000000001000000001110001110000000101010010010000001110001100;
	459 :	000000000001000000001110001100001111001100010010111100110011100;
	458 :	000000000001000000001110001010001110111010011100000000101011111;
	457 :	000000000001000000001110001000001111001010001010000010010001111;
	456 :	000000000001000000001110000110001111101110110100111100110010001;
	455 :	000000000001000000001110000100001111100110001110111001011100010;
	454 :	000000000001000000001110000010001111001010111010111011000001101;
	453 :	000000000001000000001110000000001111101110101110111101111000101;
	452 :	000000000001000000001101111110000000001001111110111101101000011;
	451 :	000000000001000000001101111100000000110110000100111110000100010;
	450 :	000000000001000000001101111010000001011111000000000000100101100;
	449 :	000000000001000000001101111000000000101101100010111110011111011;
	448 :	000000000001000000001101110110000000011111010100111101000000010;
	447 :	000000000001000000001101110100000000110010001110000000011110110;
	446 :	000000000001000000001101110010000000110001110010000011011110101;
	445 :	000000000001000000001101110000000001011111001010000110111010110;
	444 :	000000000001000000001101101110000000011010110010000111000000101;
	443 :	000000000001000000001101101100001110101111101110000000011010011;
	442 :	000000000001000000001101101010000000001001101110111101100100100;
	441 :	000000000001000000001101101000000000000110111100111111101101010;
	440 :	000000000001000000001101100110001110011100100110111110001110101;
	439 :	000000000001000000001101100100000000000000011110111011011110110;
	438 :	000000000001000000001101100010000000001101100010111110011101111;
	437 :	000000000001000000001101100000001110010101000100000011010000100;
	436 :	000000000001000000001101011110001111110100111000000001100101101;
	435 :	000000000001000000001101011100000000101100110000111110100100011;
	434 :	000000000001000000001101011010001111010110001110111110101011011;
	433 :	000000000001000000001101011000000000101110011010111100011010001;
	432 :	000000000001000000001101010110000001100111110010111110010011001;
	431 :	000000000001000000001101010100001111111000000000000100111100000;
	430 :	000000000001000000001101010010000000010001011010000000110000100;
	429 :	000000000001000000001101010000000001010111101000111001001010010;
	428 :	000000000001000000001101001110000000001000100000111011100010000;
	427 :	000000000001000000001101001100001111100000000100111101001100110;
	426 :	000000000001000000001101001010001111010010011010111011001000110;
	425 :	000000000001000000001101001000001110001111001100111110111011011;
	424 :	000000000001000000001101000110001111111111001000000110010100001;
	423 :	000000000001000000001101000100000010001000010110000111010100001;
	422 :	000000000001000000001101000010001111111110001100111111101011001;
	421 :	000000000001000000001101000000001111101100111100111011000110001;
	420 :	000000000001000000001100111110000001111111101100111111110111111;
	419 :	000000000001000000001100111100001111000100111000000100000011010;
	418 :	000000000001000000001100111010001101000001000000000100000100011;
	417 :	000000000001000000001100111000000000101010100010000000111100000;
	416 :	000000000001000000001100110110000000110101101000111011010100010;
	415 :	000000000001000000001100110100001110100000110010111111011111001;
	414 :	000000000001000000001100110010001111100111010010001000110100011;
	413 :	000000000001000000001100110000000000010111010100000011001110001;
	412 :	000000000001000000001100101110000000010001000100111011101111001;
	411 :	000000000001000000001100101100000000001111000000000001111110000;
	410 :	000000000001000000001100101010001111000010011010000101000001111;
	409 :	000000000001000000001100101000001111011001011100000000101101000;
	408 :	000000000001000000001100100110000000011110110100111101111100000;
	407 :	000000000001000000001100100100000000100111111100111001101110111;
	406 :	000000000001000000001100100010000001001110110100111011101001101;
	405 :	000000000001000000001100100000000000000011001010000101000000101;
	404 :	000000000001000000001100011110001111010011001010000010111011100;
	403 :	000000000001000000001100011100000001111010110100111011110001000;
	402 :	000000000001000000001100011010000001010111000100000000000010001;
	401 :	000000000001000000001100011000001110000001000110000011100000110;
	400 :	000000000001000000001100010110001110011001000100111110110101001;
	399 :	000000000001000000001100010100001111110101001010111010110001000;
	398 :	000000000001000000001100010010001111111110011110111010001011000;
	397 :	000000000001000000001100010000001111110101100100111101100110001;
	396 :	000000000001000000001100001110001110111001111100111111001010001;
	395 :	000000000001000000001100001100001111011000011010111011100000111;
	394 :	000000000001000000001100001010000000101100000100111100010111101;
	393 :	000000000001000000001100001000001111100101110110111101111010011;
	392 :	000000000001000000001100000110001110111010110110111011010110111;
	391 :	000000000001000000001100000100001111110010111110111111001110111;
	390 :	000000000001000000001100000010001111000001000100000010011101010;
	389 :	000000000001000000001100000000001110110111011010111110100100110;
	388 :	000000000001000000001011111110000001100010101010111111000000010;
	387 :	000000000001000000001011111100000010010000110000111110110010011;
	386 :	000000000001000000001011111010001111100110011000111100011101110;
	385 :	000000000001000000001011111000001110101110011000000001100101000;
	384 :	000000000001000000001011110110000000010101100000000100011100111;
	383 :	000000000001000000001011110100000000111110111000000011011001111;
	382 :	000000000001000000001011110010000000110000110000000100111010001;
	381 :	000000000001000000001011110000000000000111010110000010000110111;
	380 :	000000000001000000001011101110001111011001001110111111110011011;
	379 :	000000000001000000001011101100000000011111100100111111101111000;
	378 :	000000000001000000001011101010000000110111011010111010010011110;
	377 :	000000000001000000001011101000001111001000110000111001111111000;
	376 :	000000000001000000001011100110001111101001101000111111100111101;
	375 :	000000000001000000001011100100000001001111010100000000111010101;
	374 :	000000000001000000001011100010000000110111111100000001010101110;
	373 :	000000000001000000001011100000000000101000111000000001000110110;
	372 :	000000000001000000001011011110001111111011111110000001001101011;
	371 :	000000000001000000001011011100001111000100001000000000111011001;
	370 :	000000000001000000001011011010000000010010010110111011011111111;
	369 :	000000000001000000001011011000000000010011010100111111011110000;
	368 :	000000000001000000001011010110001110110101011000001000101101111;
	367 :	000000000001000000001011010100001111001111101100000000101000100;
	366 :	000000000001000000001011010010001111100100111110111001101000100;
	365 :	000000000001000000001011010000001111001011110100000001001011000;
	364 :	000000000001000000001011001110001111111101000100000010100100100;
	363 :	000000000001000000001011001100000001000101000010111111001011001;
	362 :	000000000001000000001011001010000001101000010100000001010111100;
	361 :	000000000001000000001011001000000001010001000010000010110011010;
	360 :	000000000001000000001011000110000000110001000100000000011111100;
	359 :	000000000001000000001011000100000000011011010010111110101010000;
	358 :	000000000001000000001011000010001111010100101000000010100101110;
	357 :	000000000001000000001011000000001111010010111000000110000100111;
	356 :	000000000001000000001010111110001111111011011100000000110001111;
	355 :	000000000001000000001010111100001111010101010100111100010111001;
	354 :	000000000001000000001010111010000000000000100100111011111011010;
	353 :	000000000001000000001010111000000000110100110100111011001111110;
	352 :	000000000001000000001010110110001111111100111010000000101000111;
	351 :	000000000001000000001010110100000000010000000100000101011011101;
	350 :	000000000001000000001010110010000000001110110110000000110101101;
	349 :	000000000001000000001010110000001111000010100110111101001001110;
	348 :	000000000001000000001010101110001111100110101100111100010001111;
	347 :	000000000001000000001010101100000000100111110110111010100100011;
	346 :	000000000001000000001010101010000000110011100000111101101110001;
	345 :	000000000001000000001010101000000000000000000000000000100010110;
	344 :	000000000001000000001010100110001110110111011000111100011010011;
	343 :	000000000001000000001010100100001111111101010100111010100111001;
	342 :	000000000001000000001010100010000000100110111010111100110010011;
	341 :	000000000001000000001010100000001111101101000110111100101110111;
	340 :	000000000001000000001010011110000000101110110100000000000100001;
	339 :	000000000001000000001010011100000001001100111010000100101111101;
	338 :	000000000001000000001010011010000000101000110000000001010000110;
	337 :	000000000001000000001010011000000001011111000000111111010000100;
	336 :	000000000001000000001010010110000000110000101010000010001000001;
	335 :	000000000001000000001010010100001111101110110110111110110111010;
	334 :	000000000001000000001010010010000000111011000000111110101011101;
	333 :	000000000001000000001010010000000000111011111110000100101110010;
	332 :	000000000001000000001010001110000000011000101100000000110000111;
	331 :	000000000001000000001010001100000001010110010010111011011000111;
	330 :	000000000001000000001010001010000001011110011000111111010001110;
	329 :	000000000001000000001010001000000000001111001100111110101111100;
	328 :	000000000001000000001010000110001111101101111110111010111000001;
	327 :	000000000001000000001010000100000000010001001110111101100100110;
	326 :	000000000001000000001010000010000000010100110010000001110001001;
	325 :	000000000001000000001010000000000000010011111100000100010010111;
	324 :	000000000001000000001001111110000001000011011000000100000011100;
	323 :	000000000001000000001001111100000000011100000110000000010001000;
	322 :	000000000001000000001001111010001111011111010110111100111010100;
	321 :	000000000001000000001001111000000000100110011110111010011110000;
	320 :	000000000001000000001001110110000001001010000000111011111000111;
	319 :	000000000001000000001001110100000000001010010100000000110101010;
	318 :	000000000001000000001001110010000000001001110000000001001110010;
	317 :	000000000001000000001001110000000001000000100000000010000100111;
	316 :	000000000001000000001001101110000000011011000010000100111100011;
	315 :	000000000001000000001001101100001110111101111100000000110011010;
	314 :	000000000001000000001001101010001111010100001110111110000101011;
	313 :	000000000001000000001001101000001111101010011000000001001011011;
	312 :	000000000001000000001001100110001110111010101100000001011000111;
	311 :	000000000001000000001001100100000000000100001010000000000110010;
	310 :	000000000001000000001001100010000000011101010110111100000110011;
	309 :	000000000001000000001001100000001111001001111010111000110111011;
	308 :	000000000001000000001001011110000000100111001000111110101001100;
	307 :	000000000001000000001001011100000001101010101000000011001101011;
	306 :	000000000001000000001001011010000000000011101000000010100001010;
	305 :	000000000001000000001001011000001111101110101000111110010100011;
	304 :	000000000001000000001001010110001111111110101000110101110000110;
	303 :	000000000001000000001001010100001111101010010110111000101101000;
	302 :	000000000001000000001001010010001111111000001100000000111100001;
	301 :	000000000001000000001001010000000000100111000000111110001000010;
	300 :	000000000001000000001001001110000001000000010000000000001011100;
	299 :	000000000001000000001001001100001111011101001000000010101010001;
	298 :	000000000001000000001001001010001110101001010100111100000011011;
	297 :	000000000001000000001001001000000000010001011110111101011100100;
	296 :	000000000001000000001001000110000000100010000010111111011010100;
	295 :	000000000001000000001001000100000000011010100000111110111011010;
	294 :	000000000001000000001001000010000001010001101000000100100101110;
	293 :	000000000001000000001001000000000001000000000010000001001001011;
	292 :	000000000001000000001000111110000000011101010000111110001111110;
	291 :	000000000001000000001000111100001111100100011100000100110101110;
	290 :	000000000001000000001000111010001111001001110010000001010011011;
	289 :	000000000001000000001000111000000000001101111000111110001011011;
	288 :	000000000001000000001000110110000000010111100000000000100101000;
	287 :	000000000001000000001000110100000001000100111100111100001100010;
	286 :	000000000001000000001000110010000001101010001100111101100111110;
	285 :	000000000001000000001000110000001111100000000000000001111010010;
	284 :	000000000001000000001000101110001110111000000000111110110111010;
	283 :	000000000001000000001000101100001111111011111100111110000010000;
	282 :	000000000001000000001000101010000000011110111100000000000110111;
	281 :	000000000001000000001000101000000001000001001110000011100001000;
	280 :	000000000001000000001000100110001111011110110110000010110011111;
	279 :	000000000001000000001000100100001111001001000110111100011100011;
	278 :	000000000001000000001000100010000000100110001010111101010011011;
	277 :	000000000001000000001000100000001111001000010100111110100101011;
	276 :	000000000001000000001000011110001111101111001110111101011001100;
	275 :	000000000001000000001000011100000001110010010110000001011000100;
	274 :	000000000001000000001000011010001111100101100100111110101000001;
	273 :	000000000001000000001000011000001110111010001100111011111100011;
	272 :	000000000001000000001000010110000000000101101000111111111100100;
	271 :	000000000001000000001000010100001111100101011100111101000010010;
	270 :	000000000001000000001000010010001111101110110110111110000110011;
	269 :	000000000001000000001000010000001111000100001000000000100100101;
	268 :	000000000001000000001000001110001110101001101100111010001011111;
	267 :	000000000001000000001000001100000000000101001110000000000111010;
	266 :	000000000001000000001000001010000000011100011010000111001110110;
	265 :	000000000001000000001000001000000000110100101000111101111111011;
	264 :	000000000001000000001000000110000000000001010100111100110100111;
	263 :	000000000001000000001000000100001110001011111010000100011010111;
	262 :	000000000001000000001000000010001111111000001000000100101011011;
	261 :	000000000001000000001000000000000001000000100010000001100000110;
	260 :	000000000001000000000111111110001111101001100100111110100000011;
	259 :	000000000001000000000111111100001111100000110100111111111100011;
	258 :	000000000001000000000111111010001110101111010000000000010110000;
	257 :	000000000001000000000111111000001110011110101110111000000011011;
	256 :	000000000001000000000111110110000000001110111010111000000111111;
	255 :	000000000001000000000111110100000000100000101100000100001001100;
	254 :	000000000001000000000111110010001111110000011110000110000101110;
	253 :	000000000001000000000111110000001111011000011110111110000111110;
	252 :	000000000001000000000111101110001111100111101000111110000000010;
	251 :	000000000001000000000111101100000000001101100010000010011001101;
	250 :	000000000001000000000111101010001111010101010110111111010011100;
	249 :	000000000001000000000111101000001111000000101010111100000101001;
	248 :	000000000001000000000111100110000000000100001100111111000000100;
	247 :	000000000001000000000111100100001111110000100010111111111101000;
	246 :	000000000001000000000111100010001111110010100110111111000010101;
	245 :	000000000001000000000111100000000000100111010010000000100010001;
	244 :	000000000001000000000111011110001111001001100010000001111111000;
	243 :	000000000001000000000111011100001101110100000010000001110101111;
	242 :	000000000001000000000111011010000000001101000000000000001110100;
	241 :	000000000001000000000111011000000001111000111100000000000101100;
	240 :	000000000001000000000111010110001111011100101000000000100100101;
	239 :	000000000001000000000111010100001110110101100000111101110000010;
	238 :	000000000001000000000111010010000000101110000000111101111000100;
	237 :	000000000001000000000111010000000000000101001100000001100100001;
	236 :	000000000001000000000111001110000000100010001010111111100001111;
	235 :	000000000001000000000111001100000001111001000000111011100001101;
	234 :	000000000001000000000111001010001111110110111010111100111011011;
	233 :	000000000001000000000111001000001111011100001010111111110011111;
	232 :	000000000001000000000111000110000000011101101100000001101010001;
	231 :	000000000001000000000111000100001111001010110000000011010001001;
	230 :	000000000001000000000111000010001111011011010100111111110011000;
	229 :	000000000001000000000111000000000000011101011010111011011001111;
	228 :	000000000001000000000110111110001111110100000100000000101110101;
	227 :	000000000001000000000110111100001111001010100110000011011000011;
	226 :	000000000001000000000110111010001110111111011010111101010011110;
	225 :	000000000001000000000110111000000000010000000100000000011010001;
	224 :	000000000001000000000110110110000000011100011010000100011110011;
	223 :	000000000001000000000110110100001110111001110000111110101111000;
	222 :	000000000001000000000110110010000000000001111000111110000000100;
	221 :	000000000001000000000110110000000000010110000110111110000000101;
	220 :	000000000001000000000110101110001110110010100010111010100101010;
	219 :	000000000001000000000110101100000000011010000000111101110011111;
	218 :	000000000001000000000110101010000001100100110110000001100011100;
	217 :	000000000001000000000110101000000000100001111100000011001010001;
	216 :	000000000001000000000110100110000000001011110100000010101001101;
	215 :	000000000001000000000110100100001111110101111000111111000010111;
	214 :	000000000001000000000110100010000000010101100100111111101001010;
	213 :	000000000001000000000110100000000000010000111110111100110000010;
	212 :	000000000001000000000110011110001110111000011010111001101100100;
	211 :	000000000001000000000110011100001111110000010000000000111010100;
	210 :	000000000001000000000110011010001111111000111000111111111110010;
	209 :	000000000001000000000110011000001110000010110000111101101000111;
	208 :	000000000001000000000110010110001110111010100000000111110110010;
	207 :	000000000001000000000110010100000000001001100110000110010000100;
	206 :	000000000001000000000110010010001111011110101010111100111000011;
	205 :	000000000001000000000110010000000000010001111100111111001101000;
	204 :	000000000001000000000110001110000001100111011100000010001111110;
	203 :	000000000001000000000110001100001111111001110000000001001000010;
	202 :	000000000001000000000110001010001101101011100000111111010100010;
	201 :	000000000001000000000110001000001111000111100010111101110101101;
	200 :	000000000001000000000110000110000000101000001100111011100111001;
	199 :	000000000001000000000110000100001111110001011100111000011001010;
	198 :	000000000001000000000110000010000000001000111100111101101110001;
	197 :	000000000001000000000110000000001111111000011010000010111000101;
	196 :	000000000001000000000101111110001110001000111010111111001010101;
	195 :	000000000001000000000101111100001110010110101010000000001110101;
	194 :	000000000001000000000101111010001110101000100010111111101010000;
	193 :	000000000001000000000101111000001111010010011100111010110011001;
	192 :	000000000001000000000101110110000000011110000000111100111000101;
	191 :	000000000001000000000101110100001110110110101000111100111111010;
	190 :	000000000001000000000101110010001111010100010000111110111001110;
	189 :	000000000001000000000101110000000001110100010000000100011100000;
	188 :	000000000001000000000101101110001111101100111000000010001011110;
	187 :	000000000001000000000101101100001110010100010110000101000100100;
	186 :	000000000001000000000101101010001111111001111010000111010000110;
	185 :	000000000001000000000101101000001110111101010110111110010101100;
	184 :	000000000001000000000101100110001110101001010110000001001111010;
	183 :	000000000001000000000101100100000000010110111110000110100011000;
	182 :	000000000001000000000101100010000000010001111100111110001101110;
	181 :	000000000001000000000101100000001111100100100000111011101110010;
	180 :	000000000001000000000101011110001111010001000000111100111011001;
	179 :	000000000001000000000101011100001111000000001000111011110100011;
	178 :	000000000001000000000101011010001111101000001010000010101100110;
	177 :	000000000001000000000101011000000000011010011000000110010010001;
	176 :	000000000001000000000101010110000000010110101100000000101010101;
	175 :	000000000001000000000101010100001111101001010110111111011000111;
	174 :	000000000001000000000101010010001111000000001100000000101001111;
	173 :	000000000001000000000101010000001111001101110000111111001011101;
	172 :	000000000001000000000101001110000000001010111010000000001001101;
	171 :	000000000001000000000101001100000000110011001000111110010001000;
	170 :	000000000001000000000101001010000000101010111110111000100011001;
	169 :	000000000001000000000101001000000000101100010110111100111110101;
	168 :	000000000001000000000101000110000000001101110110000011011010110;
	167 :	000000000001000000000101000100001110111010011100000001011011011;
	166 :	000000000001000000000101000010001111010001000010000001110010001;
	165 :	000000000001000000000101000000000000001010110110111101100111010;
	164 :	000000000001000000000100111110001111100110011000111000101110111;
	163 :	000000000001000000000100111100001111110001011100000010111110110;
	162 :	000000000001000000000100111010000000000111010010000010011011011;
	161 :	000000000001000000000100111000001111111110110110110110110000010;
	160 :	000000000001000000000100110110000000111101111100111101100101111;
	159 :	000000000001000000000100110100000000011100001110000011001100100;
	158 :	000000000001000000000100110010001110110001101010111110100111000;
	157 :	000000000001000000000100110000001111001100001010000000010011010;
	156 :	000000000001000000000100101110001111010010100110111110101101111;
	155 :	000000000001000000000100101100001110111110001110111101011110100;
	154 :	000000000001000000000100101010001111111101111100000010101010100;
	153 :	000000000001000000000100101000000000001110110010000000111000100;
	152 :	000000000001000000000100100110000000011000100110111101001100010;
	151 :	000000000001000000000100100100000000101101110010111111011011001;
	150 :	000000000001000000000100100010001111101111101010000001010100100;
	149 :	000000000001000000000100100000001111111010000000000000111000111;
	148 :	000000000001000000000100011110000001000011110010000011110111011;
	147 :	000000000001000000000100011100000000101001011010000111110011110;
	146 :	000000000001000000000100011010000000011111101010111111001111111;
	145 :	000000000001000000000100011000000001010110011010110111111110001;
	144 :	000000000001000000000100010110000001001100111000000001001001000;
	143 :	000000000001000000000100010100001111110001001010000100000010011;
	142 :	000000000001000000000100010010001110100011101010000000110100000;
	141 :	000000000001000000000100010000001111001011100000000100011110001;
	140 :	000000000001000000000100001110000000110000101100000011010010111;
	139 :	000000000001000000000100001100000001111000000000000010100111101;
	138 :	000000000001000000000100001010000010011101000110000010110011110;
	137 :	000000000001000000000100001000000001010110110010111100101010111;
	136 :	000000000001000000000100000110001111111100011010111101110111101;
	135 :	000000000001000000000100000100000000101000110110111111100000001;
	134 :	000000000001000000000100000010000001001011010110111101000000110;
	133 :	000000000001000000000100000000000001001000100110000001011011010;
	132 :	000000000001000000000011111110000001011001000100111111011010011;
	131 :	000000000001000000000011111100001111101111100010111001110100011;
	130 :	000000000001000000000011111010001110101100101100111110000001110;
	129 :	000000000001000000000011111000000000010000000110000000011001010;
	128 :	000000000001000000000011110110000000010100111100111111001111000;
	127 :	000000000001000000000011110100001111111100100010111111001001111;
	126 :	000000000001000000000011110010000000100101000100000000010000010;
	125 :	000000000001000000000011110000001111010001101000000000110001100;
	124 :	000000000001000000000011101110001110101111000100111011010011100;
	123 :	000000000001000000000011101100000000011111000100111011010001000;
	122 :	000000000001000000000011101010000000101111111000111111110011110;
	121 :	000000000001000000000011101000000000101001011100111101101011111;
	120 :	000000000001000000000011100110000001011010010010000001110000011;
	119 :	000000000001000000000011100100000001000110111010000011110010110;
	118 :	000000000001000000000011100010000000011000101110111011001001100;
	117 :	000000000001000000000011100000001111111010111010111100001100100;
	116 :	000000000001000000000011011110001111111110111010111111011100000;
	115 :	000000000001000000000011011100000000001100001110111111000101011;
	114 :	000000000001000000000011011010001111000001011000000100111011111;
	113 :	000000000001000000000011011000001111000111001110000010111010101;
	112 :	000000000001000000000011010110000000110111110110111100011001000;
	111 :	000000000001000000000011010100001111011100000010111101010111110;
	110 :	000000000001000000000011010010001101110011000100111101111100010;
	109 :	000000000001000000000011010000000000011101010110111111101001010;
	108 :	000000000001000000000011001110000001010110101100111111000100010;
	107 :	000000000001000000000011001100001110110101001110111011011101101;
	106 :	000000000001000000000011001010001111110001101110000001110110100;
	105 :	000000000001000000000011001000000001111100101100000111101100111;
	104 :	000000000001000000000011000110001111100101001010000010000010101;
	103 :	000000000001000000000011000100001101111001100010111101000111111;
	102 :	000000000001000000000011000010000000001010101110111111011000100;
	101 :	000000000001000000000011000000000000101110010110000001011101100;
	100 :	000000000001000000000010111110001111110101100000111110011010000;
	99 :	000000000001000000000010111100000000111101011010111110100001100;
	98 :	000000000001000000000010111010000000100110100100000000001010100;
	97 :	000000000001000000000010111000001110001010111010111100100010010;
	96 :	000000000001000000000010110110001110010110000010000000101011100;
	95 :	000000000001000000000010110100000000101100001010000100110000111;
	94 :	000000000001000000000010110010000001100111001100111101011100101;
	93 :	000000000001000000000010110000000000100000100100111111111110001;
	92 :	000000000001000000000010101110001111010001001110000101000010110;
	91 :	000000000001000000000010101100001111101100000010111110100010000;
	90 :	000000000001000000000010101010000000101101110010111111010111101;
	89 :	000000000001000000000010101000000000100011010010000100010001110;
	88 :	000000000001000000000010100110001111110010101010000011110110101;
	87 :	000000000001000000000010100100001111000111010100000010011101110;
	86 :	000000000001000000000010100010001110110001001100111101100000001;
	85 :	000000000001000000000010100000001111011101010010111111011000011;
	84 :	000000000001000000000010011110000000001111000100000100011001110;
	83 :	000000000001000000000010011100001111111101000010111100100010100;
	82 :	000000000001000000000010011010001111110001101000111001110101011;
	81 :	000000000001000000000010011000000000100100001110000001101110001;
	80 :	000000000001000000000010010110000001011000001110000011010011110;
	79 :	000000000001000000000010010100000001000101100100000001110101010;
	78 :	000000000001000000000010010010001111101101010010000000000110101;
	77 :	000000000001000000000010010000001110111000100010111111000010101;
	76 :	000000000001000000000010001110001111010100101100000001010011010;
	75 :	000000000001000000000010001100001111100111000110111111110101000;
	74 :	000000000001000000000010001010001111100101111100000000110010000;
	73 :	000000000001000000000010001000001111110111110110001000111010111;
	72 :	000000000001000000000010000110001111111101000100001000001111110;
	71 :	000000000001000000000010000100000000001000101010111110100111110;
	70 :	000000000001000000000010000010000000010011001000111110000010111;
	69 :	000000000001000000000010000000001111110011011110000101000001001;
	68 :	000000000001000000000001111110001111111000101110000010101110111;
	67 :	000000000001000000000001111100000000011010010010111100110111011;
	66 :	000000000001000000000001111010001111111011101000000001110011010;
	65 :	000000000001000000000001111000001111101110011010000010110010101;
	64 :	000000000001000000000001110110000000011101010110111010111101010;
	63 :	000000000001000000000001110100000000101110010100111110001011101;
	62 :	000000000001000000000001110010000000011010000000000010101011001;
	61 :	000000000001000000000001110000001111110111010010111010110011010;
	60 :	000000000001000000000001101110001111101000000000111000101011010;
	59 :	000000000001000000000001101100000000001010101010111111000111001;
	58 :	000000000001000000000001101010000000010010100000111111110011001;
	57 :	000000000001000000000001101000000000011000000110111100111110000;
	56 :	000000000001000000000001100110000001010110001100111101010101011;
	55 :	000000000001000000000001100100000000101011000010111111010101100;
	54 :	000000000001000000000001100010001110111111111000111110010101001;
	53 :	000000000001000000000001100000001111110001110110111101001011100;
	52 :	000000000001000000000001011110000000011101000100000010110000001;
	51 :	000000000001000000000001011100001111110011011000000110100001111;
	50 :	000000000001000000000001011010000001000010110110000001111010110;
	49 :	000000000001000000000001011000000001100010000000000000111000010;
	48 :	000000000001000000000001010110001111011110101110000011010111101;
	47 :	000000000001000000000001010100001111001101110000111111100010000;
	46 :	000000000001000000000001010010000000001111110010111101001001010;
	45 :	000000000001000000000001010000000000001011001100000001101010111;
	44 :	000000000001000000000001001110000000011101001100000100001010000;
	43 :	000000000001000000000001001100000000110101110000000001111101010;
	42 :	000000000001000000000001001010001111111101001100111111101100001;
	41 :	000000000001000000000001001000001110001110111110000000000100110;
	40 :	000000000001000000000001000110001101111101111100000001010111000;
	39 :	000000000001000000000001000100001111111101110100000000101101110;
	38 :	000000000001000000000001000010000000001111101000000000010010110;
	37 :	000000000001000000000001000000001110101111111010111111111001011;
	36 :	000000000001000000000000111110001111100010010000000000011010101;
	35 :	000000000001000000000000111100000000111000011110000101011001001;
	34 :	000000000001000000000000111010000001000001101000000100100100110;
	33 :	000000000001000000000000111000000000110000011010111101111011101;
	32 :	000000000001000000000000110110000000001010010110000000010110000;
	31 :	000000000001000000000000110100000001000000111000000000100111011;
	30 :	000000000001000000000000110010000001001001101100111010101100010;
	29 :	000000000001000000000000110000001110101110101100000001001111100;
	28 :	000000000001000000000000101110001110100110111110000110100111100;
	27 :	000000000001000000000000101100001111101110110110111111000110010;
	26 :	000000000001000000000000101010001111001101111100111110011000001;
	25 :	000000000001000000000000101000001111110010010100000010101000000;
	24 :	000000000001000000000000100110001111100001101010000001110001110;
	23 :	000000000001000000000000100100001110011011111100000010001000001;
	22 :	000000000001000000000000100010000000001001111010000011001000111;
	21 :	000000000001000000000000100000000001010110111000000001111001000;
	20 :	000000000001000000000000011110000001000001111110111110010011010;
	19 :	000000000001000000000000011100000001010011100100111100011101001;
	18 :	000000000001000000000000011010000000001011110000000000011110001;
	17 :	000000000001000000000000011000001110111010010100000000010101111;
	16 :	000000000001000000000000010110001111010111001000111100111110010;
	15 :	000000000001000000000000010100001111101110010000000000010011101;
	14 :	000000000001000000000000010010001111100000010010000010111111001;
	13 :	000000000001000000000000010000001110100000000100000011111111011;
	12 :	000000000001000000000000001110001110000100000100000100111110101;
	11 :	000000000001000000000000001100001111011011010100000001011101000;
	10 :	000000000001000000000000001010001111100111010100000010010100100;
	9 :	000000000001000000000000001000001111011000000110000011110011100;
	8 :	000000000001000000000000000110000001001111010100111100100000011;
	7 :	000000000001000000000000000100000001011011110110111011101001000;
	6 :	000000000001000000000000000010001111100100100100000100001111110;
	5 :	000000000001000000000000000000000000000000000000001000100100100;
	4 :	000000000000000000000000010010000000000000000000000000000110000;
	3 :	000000000000000000000000000100000000000000000000001000001000011;
	2 :	000000000000000100000000000100000000000000000000000000011110000;
	1 :	000000000000000100000000000000000000000000000000000010000101000;
	0 :	000000000000000100000000001000000000000000000000000000000000000;
END;
