-- begin_signature
-- CMS0041_IO11LI(CMS0041_OL11Li
-- 16
-- cms0041_LO00LI
-- 32768)
-- end_signature
WIDTH=16;
DEPTH=8192;

ADDRESS_RADIX=UNS;
DATA_RADIX=BIN;

CONTENT BEGIN
	8191 :	0111111111111111;
	8190 :	0111111111111111;
	8189 :	0111111111111111;
	8188 :	0111111111111111;
	8187 :	0111111111111111;
	8186 :	0111111111111111;
	8185 :	0111111111111111;
	8184 :	0111111111111111;
	8183 :	0111111111111111;
	8182 :	0111111111111111;
	8181 :	0111111111111111;
	8180 :	0111111111111111;
	8179 :	0111111111111111;
	8178 :	0111111111111111;
	8177 :	0111111111111111;
	8176 :	0111111111111111;
	8175 :	0111111111111111;
	8174 :	0111111111111111;
	8173 :	0111111111111111;
	8172 :	0111111111111111;
	8171 :	0111111111111111;
	8170 :	0111111111111111;
	8169 :	0111111111111111;
	8168 :	0111111111111111;
	8167 :	0111111111111111;
	8166 :	0111111111111111;
	8165 :	0111111111111111;
	8164 :	0111111111111111;
	8163 :	0111111111111110;
	8162 :	0111111111111110;
	8161 :	0111111111111110;
	8160 :	0111111111111110;
	8159 :	0111111111111110;
	8158 :	0111111111111110;
	8157 :	0111111111111110;
	8156 :	0111111111111110;
	8155 :	0111111111111110;
	8154 :	0111111111111110;
	8153 :	0111111111111110;
	8152 :	0111111111111110;
	8151 :	0111111111111110;
	8150 :	0111111111111110;
	8149 :	0111111111111110;
	8148 :	0111111111111110;
	8147 :	0111111111111110;
	8146 :	0111111111111110;
	8145 :	0111111111111110;
	8144 :	0111111111111110;
	8143 :	0111111111111110;
	8142 :	0111111111111101;
	8141 :	0111111111111101;
	8140 :	0111111111111101;
	8139 :	0111111111111101;
	8138 :	0111111111111101;
	8137 :	0111111111111101;
	8136 :	0111111111111101;
	8135 :	0111111111111101;
	8134 :	0111111111111101;
	8133 :	0111111111111101;
	8132 :	0111111111111101;
	8131 :	0111111111111101;
	8130 :	0111111111111101;
	8129 :	0111111111111101;
	8128 :	0111111111111101;
	8127 :	0111111111111100;
	8126 :	0111111111111100;
	8125 :	0111111111111100;
	8124 :	0111111111111100;
	8123 :	0111111111111100;
	8122 :	0111111111111100;
	8121 :	0111111111111100;
	8120 :	0111111111111100;
	8119 :	0111111111111100;
	8118 :	0111111111111100;
	8117 :	0111111111111100;
	8116 :	0111111111111100;
	8115 :	0111111111111011;
	8114 :	0111111111111011;
	8113 :	0111111111111011;
	8112 :	0111111111111011;
	8111 :	0111111111111011;
	8110 :	0111111111111011;
	8109 :	0111111111111011;
	8108 :	0111111111111011;
	8107 :	0111111111111011;
	8106 :	0111111111111011;
	8105 :	0111111111111010;
	8104 :	0111111111111010;
	8103 :	0111111111111010;
	8102 :	0111111111111010;
	8101 :	0111111111111010;
	8100 :	0111111111111010;
	8099 :	0111111111111010;
	8098 :	0111111111111010;
	8097 :	0111111111111010;
	8096 :	0111111111111001;
	8095 :	0111111111111001;
	8094 :	0111111111111001;
	8093 :	0111111111111001;
	8092 :	0111111111111001;
	8091 :	0111111111111001;
	8090 :	0111111111111001;
	8089 :	0111111111111001;
	8088 :	0111111111111000;
	8087 :	0111111111111000;
	8086 :	0111111111111000;
	8085 :	0111111111111000;
	8084 :	0111111111111000;
	8083 :	0111111111111000;
	8082 :	0111111111111000;
	8081 :	0111111111111000;
	8080 :	0111111111110111;
	8079 :	0111111111110111;
	8078 :	0111111111110111;
	8077 :	0111111111110111;
	8076 :	0111111111110111;
	8075 :	0111111111110111;
	8074 :	0111111111110111;
	8073 :	0111111111110110;
	8072 :	0111111111110110;
	8071 :	0111111111110110;
	8070 :	0111111111110110;
	8069 :	0111111111110110;
	8068 :	0111111111110110;
	8067 :	0111111111110110;
	8066 :	0111111111110101;
	8065 :	0111111111110101;
	8064 :	0111111111110101;
	8063 :	0111111111110101;
	8062 :	0111111111110101;
	8061 :	0111111111110101;
	8060 :	0111111111110101;
	8059 :	0111111111110100;
	8058 :	0111111111110100;
	8057 :	0111111111110100;
	8056 :	0111111111110100;
	8055 :	0111111111110100;
	8054 :	0111111111110100;
	8053 :	0111111111110011;
	8052 :	0111111111110011;
	8051 :	0111111111110011;
	8050 :	0111111111110011;
	8049 :	0111111111110011;
	8048 :	0111111111110011;
	8047 :	0111111111110010;
	8046 :	0111111111110010;
	8045 :	0111111111110010;
	8044 :	0111111111110010;
	8043 :	0111111111110010;
	8042 :	0111111111110001;
	8041 :	0111111111110001;
	8040 :	0111111111110001;
	8039 :	0111111111110001;
	8038 :	0111111111110001;
	8037 :	0111111111110001;
	8036 :	0111111111110000;
	8035 :	0111111111110000;
	8034 :	0111111111110000;
	8033 :	0111111111110000;
	8032 :	0111111111110000;
	8031 :	0111111111101111;
	8030 :	0111111111101111;
	8029 :	0111111111101111;
	8028 :	0111111111101111;
	8027 :	0111111111101111;
	8026 :	0111111111101110;
	8025 :	0111111111101110;
	8024 :	0111111111101110;
	8023 :	0111111111101110;
	8022 :	0111111111101110;
	8021 :	0111111111101101;
	8020 :	0111111111101101;
	8019 :	0111111111101101;
	8018 :	0111111111101101;
	8017 :	0111111111101101;
	8016 :	0111111111101100;
	8015 :	0111111111101100;
	8014 :	0111111111101100;
	8013 :	0111111111101100;
	8012 :	0111111111101011;
	8011 :	0111111111101011;
	8010 :	0111111111101011;
	8009 :	0111111111101011;
	8008 :	0111111111101011;
	8007 :	0111111111101010;
	8006 :	0111111111101010;
	8005 :	0111111111101010;
	8004 :	0111111111101010;
	8003 :	0111111111101001;
	8002 :	0111111111101001;
	8001 :	0111111111101001;
	8000 :	0111111111101001;
	7999 :	0111111111101001;
	7998 :	0111111111101000;
	7997 :	0111111111101000;
	7996 :	0111111111101000;
	7995 :	0111111111101000;
	7994 :	0111111111100111;
	7993 :	0111111111100111;
	7992 :	0111111111100111;
	7991 :	0111111111100111;
	7990 :	0111111111100110;
	7989 :	0111111111100110;
	7988 :	0111111111100110;
	7987 :	0111111111100110;
	7986 :	0111111111100101;
	7985 :	0111111111100101;
	7984 :	0111111111100101;
	7983 :	0111111111100101;
	7982 :	0111111111100100;
	7981 :	0111111111100100;
	7980 :	0111111111100100;
	7979 :	0111111111100100;
	7978 :	0111111111100011;
	7977 :	0111111111100011;
	7976 :	0111111111100011;
	7975 :	0111111111100011;
	7974 :	0111111111100010;
	7973 :	0111111111100010;
	7972 :	0111111111100010;
	7971 :	0111111111100010;
	7970 :	0111111111100001;
	7969 :	0111111111100001;
	7968 :	0111111111100001;
	7967 :	0111111111100001;
	7966 :	0111111111100000;
	7965 :	0111111111100000;
	7964 :	0111111111100000;
	7963 :	0111111111011111;
	7962 :	0111111111011111;
	7961 :	0111111111011111;
	7960 :	0111111111011111;
	7959 :	0111111111011110;
	7958 :	0111111111011110;
	7957 :	0111111111011110;
	7956 :	0111111111011101;
	7955 :	0111111111011101;
	7954 :	0111111111011101;
	7953 :	0111111111011101;
	7952 :	0111111111011100;
	7951 :	0111111111011100;
	7950 :	0111111111011100;
	7949 :	0111111111011011;
	7948 :	0111111111011011;
	7947 :	0111111111011011;
	7946 :	0111111111011011;
	7945 :	0111111111011010;
	7944 :	0111111111011010;
	7943 :	0111111111011010;
	7942 :	0111111111011001;
	7941 :	0111111111011001;
	7940 :	0111111111011001;
	7939 :	0111111111011000;
	7938 :	0111111111011000;
	7937 :	0111111111011000;
	7936 :	0111111111011000;
	7935 :	0111111111010111;
	7934 :	0111111111010111;
	7933 :	0111111111010111;
	7932 :	0111111111010110;
	7931 :	0111111111010110;
	7930 :	0111111111010110;
	7929 :	0111111111010101;
	7928 :	0111111111010101;
	7927 :	0111111111010101;
	7926 :	0111111111010100;
	7925 :	0111111111010100;
	7924 :	0111111111010100;
	7923 :	0111111111010011;
	7922 :	0111111111010011;
	7921 :	0111111111010011;
	7920 :	0111111111010010;
	7919 :	0111111111010010;
	7918 :	0111111111010010;
	7917 :	0111111111010001;
	7916 :	0111111111010001;
	7915 :	0111111111010001;
	7914 :	0111111111010000;
	7913 :	0111111111010000;
	7912 :	0111111111010000;
	7911 :	0111111111001111;
	7910 :	0111111111001111;
	7909 :	0111111111001111;
	7908 :	0111111111001110;
	7907 :	0111111111001110;
	7906 :	0111111111001110;
	7905 :	0111111111001101;
	7904 :	0111111111001101;
	7903 :	0111111111001101;
	7902 :	0111111111001100;
	7901 :	0111111111001100;
	7900 :	0111111111001100;
	7899 :	0111111111001011;
	7898 :	0111111111001011;
	7897 :	0111111111001011;
	7896 :	0111111111001010;
	7895 :	0111111111001010;
	7894 :	0111111111001010;
	7893 :	0111111111001001;
	7892 :	0111111111001001;
	7891 :	0111111111001000;
	7890 :	0111111111001000;
	7889 :	0111111111001000;
	7888 :	0111111111000111;
	7887 :	0111111111000111;
	7886 :	0111111111000111;
	7885 :	0111111111000110;
	7884 :	0111111111000110;
	7883 :	0111111111000110;
	7882 :	0111111111000101;
	7881 :	0111111111000101;
	7880 :	0111111111000100;
	7879 :	0111111111000100;
	7878 :	0111111111000100;
	7877 :	0111111111000011;
	7876 :	0111111111000011;
	7875 :	0111111111000010;
	7874 :	0111111111000010;
	7873 :	0111111111000010;
	7872 :	0111111111000001;
	7871 :	0111111111000001;
	7870 :	0111111111000001;
	7869 :	0111111111000000;
	7868 :	0111111111000000;
	7867 :	0111111110111111;
	7866 :	0111111110111111;
	7865 :	0111111110111111;
	7864 :	0111111110111110;
	7863 :	0111111110111110;
	7862 :	0111111110111101;
	7861 :	0111111110111101;
	7860 :	0111111110111101;
	7859 :	0111111110111100;
	7858 :	0111111110111100;
	7857 :	0111111110111011;
	7856 :	0111111110111011;
	7855 :	0111111110111011;
	7854 :	0111111110111010;
	7853 :	0111111110111010;
	7852 :	0111111110111001;
	7851 :	0111111110111001;
	7850 :	0111111110111001;
	7849 :	0111111110111000;
	7848 :	0111111110111000;
	7847 :	0111111110110111;
	7846 :	0111111110110111;
	7845 :	0111111110110110;
	7844 :	0111111110110110;
	7843 :	0111111110110110;
	7842 :	0111111110110101;
	7841 :	0111111110110101;
	7840 :	0111111110110100;
	7839 :	0111111110110100;
	7838 :	0111111110110100;
	7837 :	0111111110110011;
	7836 :	0111111110110011;
	7835 :	0111111110110010;
	7834 :	0111111110110010;
	7833 :	0111111110110001;
	7832 :	0111111110110001;
	7831 :	0111111110110001;
	7830 :	0111111110110000;
	7829 :	0111111110110000;
	7828 :	0111111110101111;
	7827 :	0111111110101111;
	7826 :	0111111110101110;
	7825 :	0111111110101110;
	7824 :	0111111110101101;
	7823 :	0111111110101101;
	7822 :	0111111110101101;
	7821 :	0111111110101100;
	7820 :	0111111110101100;
	7819 :	0111111110101011;
	7818 :	0111111110101011;
	7817 :	0111111110101010;
	7816 :	0111111110101010;
	7815 :	0111111110101001;
	7814 :	0111111110101001;
	7813 :	0111111110101001;
	7812 :	0111111110101000;
	7811 :	0111111110101000;
	7810 :	0111111110100111;
	7809 :	0111111110100111;
	7808 :	0111111110100110;
	7807 :	0111111110100110;
	7806 :	0111111110100101;
	7805 :	0111111110100101;
	7804 :	0111111110100100;
	7803 :	0111111110100100;
	7802 :	0111111110100011;
	7801 :	0111111110100011;
	7800 :	0111111110100010;
	7799 :	0111111110100010;
	7798 :	0111111110100010;
	7797 :	0111111110100001;
	7796 :	0111111110100001;
	7795 :	0111111110100000;
	7794 :	0111111110100000;
	7793 :	0111111110011111;
	7792 :	0111111110011111;
	7791 :	0111111110011110;
	7790 :	0111111110011110;
	7789 :	0111111110011101;
	7788 :	0111111110011101;
	7787 :	0111111110011100;
	7786 :	0111111110011100;
	7785 :	0111111110011011;
	7784 :	0111111110011011;
	7783 :	0111111110011010;
	7782 :	0111111110011010;
	7781 :	0111111110011001;
	7780 :	0111111110011001;
	7779 :	0111111110011000;
	7778 :	0111111110011000;
	7777 :	0111111110010111;
	7776 :	0111111110010111;
	7775 :	0111111110010110;
	7774 :	0111111110010110;
	7773 :	0111111110010101;
	7772 :	0111111110010101;
	7771 :	0111111110010100;
	7770 :	0111111110010100;
	7769 :	0111111110010011;
	7768 :	0111111110010011;
	7767 :	0111111110010010;
	7766 :	0111111110010010;
	7765 :	0111111110010001;
	7764 :	0111111110010001;
	7763 :	0111111110010000;
	7762 :	0111111110010000;
	7761 :	0111111110001111;
	7760 :	0111111110001111;
	7759 :	0111111110001110;
	7758 :	0111111110001110;
	7757 :	0111111110001101;
	7756 :	0111111110001101;
	7755 :	0111111110001100;
	7754 :	0111111110001100;
	7753 :	0111111110001011;
	7752 :	0111111110001010;
	7751 :	0111111110001010;
	7750 :	0111111110001001;
	7749 :	0111111110001001;
	7748 :	0111111110001000;
	7747 :	0111111110001000;
	7746 :	0111111110000111;
	7745 :	0111111110000111;
	7744 :	0111111110000110;
	7743 :	0111111110000110;
	7742 :	0111111110000101;
	7741 :	0111111110000101;
	7740 :	0111111110000100;
	7739 :	0111111110000011;
	7738 :	0111111110000011;
	7737 :	0111111110000010;
	7736 :	0111111110000010;
	7735 :	0111111110000001;
	7734 :	0111111110000001;
	7733 :	0111111110000000;
	7732 :	0111111110000000;
	7731 :	0111111101111111;
	7730 :	0111111101111111;
	7729 :	0111111101111110;
	7728 :	0111111101111101;
	7727 :	0111111101111101;
	7726 :	0111111101111100;
	7725 :	0111111101111100;
	7724 :	0111111101111011;
	7723 :	0111111101111011;
	7722 :	0111111101111010;
	7721 :	0111111101111001;
	7720 :	0111111101111001;
	7719 :	0111111101111000;
	7718 :	0111111101111000;
	7717 :	0111111101110111;
	7716 :	0111111101110111;
	7715 :	0111111101110110;
	7714 :	0111111101110101;
	7713 :	0111111101110101;
	7712 :	0111111101110100;
	7711 :	0111111101110100;
	7710 :	0111111101110011;
	7709 :	0111111101110011;
	7708 :	0111111101110010;
	7707 :	0111111101110001;
	7706 :	0111111101110001;
	7705 :	0111111101110000;
	7704 :	0111111101110000;
	7703 :	0111111101101111;
	7702 :	0111111101101110;
	7701 :	0111111101101110;
	7700 :	0111111101101101;
	7699 :	0111111101101101;
	7698 :	0111111101101100;
	7697 :	0111111101101100;
	7696 :	0111111101101011;
	7695 :	0111111101101010;
	7694 :	0111111101101010;
	7693 :	0111111101101001;
	7692 :	0111111101101001;
	7691 :	0111111101101000;
	7690 :	0111111101100111;
	7689 :	0111111101100111;
	7688 :	0111111101100110;
	7687 :	0111111101100101;
	7686 :	0111111101100101;
	7685 :	0111111101100100;
	7684 :	0111111101100100;
	7683 :	0111111101100011;
	7682 :	0111111101100010;
	7681 :	0111111101100010;
	7680 :	0111111101100001;
	7679 :	0111111101100001;
	7678 :	0111111101100000;
	7677 :	0111111101011111;
	7676 :	0111111101011111;
	7675 :	0111111101011110;
	7674 :	0111111101011110;
	7673 :	0111111101011101;
	7672 :	0111111101011100;
	7671 :	0111111101011100;
	7670 :	0111111101011011;
	7669 :	0111111101011010;
	7668 :	0111111101011010;
	7667 :	0111111101011001;
	7666 :	0111111101011000;
	7665 :	0111111101011000;
	7664 :	0111111101010111;
	7663 :	0111111101010111;
	7662 :	0111111101010110;
	7661 :	0111111101010101;
	7660 :	0111111101010101;
	7659 :	0111111101010100;
	7658 :	0111111101010011;
	7657 :	0111111101010011;
	7656 :	0111111101010010;
	7655 :	0111111101010001;
	7654 :	0111111101010001;
	7653 :	0111111101010000;
	7652 :	0111111101010000;
	7651 :	0111111101001111;
	7650 :	0111111101001110;
	7649 :	0111111101001110;
	7648 :	0111111101001101;
	7647 :	0111111101001100;
	7646 :	0111111101001100;
	7645 :	0111111101001011;
	7644 :	0111111101001010;
	7643 :	0111111101001010;
	7642 :	0111111101001001;
	7641 :	0111111101001000;
	7640 :	0111111101001000;
	7639 :	0111111101000111;
	7638 :	0111111101000110;
	7637 :	0111111101000110;
	7636 :	0111111101000101;
	7635 :	0111111101000100;
	7634 :	0111111101000100;
	7633 :	0111111101000011;
	7632 :	0111111101000010;
	7631 :	0111111101000010;
	7630 :	0111111101000001;
	7629 :	0111111101000000;
	7628 :	0111111101000000;
	7627 :	0111111100111111;
	7626 :	0111111100111110;
	7625 :	0111111100111110;
	7624 :	0111111100111101;
	7623 :	0111111100111100;
	7622 :	0111111100111011;
	7621 :	0111111100111011;
	7620 :	0111111100111010;
	7619 :	0111111100111001;
	7618 :	0111111100111001;
	7617 :	0111111100111000;
	7616 :	0111111100110111;
	7615 :	0111111100110111;
	7614 :	0111111100110110;
	7613 :	0111111100110101;
	7612 :	0111111100110101;
	7611 :	0111111100110100;
	7610 :	0111111100110011;
	7609 :	0111111100110010;
	7608 :	0111111100110010;
	7607 :	0111111100110001;
	7606 :	0111111100110000;
	7605 :	0111111100110000;
	7604 :	0111111100101111;
	7603 :	0111111100101110;
	7602 :	0111111100101110;
	7601 :	0111111100101101;
	7600 :	0111111100101100;
	7599 :	0111111100101011;
	7598 :	0111111100101011;
	7597 :	0111111100101010;
	7596 :	0111111100101001;
	7595 :	0111111100101001;
	7594 :	0111111100101000;
	7593 :	0111111100100111;
	7592 :	0111111100100110;
	7591 :	0111111100100110;
	7590 :	0111111100100101;
	7589 :	0111111100100100;
	7588 :	0111111100100011;
	7587 :	0111111100100011;
	7586 :	0111111100100010;
	7585 :	0111111100100001;
	7584 :	0111111100100001;
	7583 :	0111111100100000;
	7582 :	0111111100011111;
	7581 :	0111111100011110;
	7580 :	0111111100011110;
	7579 :	0111111100011101;
	7578 :	0111111100011100;
	7577 :	0111111100011011;
	7576 :	0111111100011011;
	7575 :	0111111100011010;
	7574 :	0111111100011001;
	7573 :	0111111100011000;
	7572 :	0111111100011000;
	7571 :	0111111100010111;
	7570 :	0111111100010110;
	7569 :	0111111100010101;
	7568 :	0111111100010101;
	7567 :	0111111100010100;
	7566 :	0111111100010011;
	7565 :	0111111100010010;
	7564 :	0111111100010010;
	7563 :	0111111100010001;
	7562 :	0111111100010000;
	7561 :	0111111100001111;
	7560 :	0111111100001111;
	7559 :	0111111100001110;
	7558 :	0111111100001101;
	7557 :	0111111100001100;
	7556 :	0111111100001100;
	7555 :	0111111100001011;
	7554 :	0111111100001010;
	7553 :	0111111100001001;
	7552 :	0111111100001001;
	7551 :	0111111100001000;
	7550 :	0111111100000111;
	7549 :	0111111100000110;
	7548 :	0111111100000101;
	7547 :	0111111100000101;
	7546 :	0111111100000100;
	7545 :	0111111100000011;
	7544 :	0111111100000010;
	7543 :	0111111100000010;
	7542 :	0111111100000001;
	7541 :	0111111100000000;
	7540 :	0111111011111111;
	7539 :	0111111011111110;
	7538 :	0111111011111110;
	7537 :	0111111011111101;
	7536 :	0111111011111100;
	7535 :	0111111011111011;
	7534 :	0111111011111011;
	7533 :	0111111011111010;
	7532 :	0111111011111001;
	7531 :	0111111011111000;
	7530 :	0111111011110111;
	7529 :	0111111011110111;
	7528 :	0111111011110110;
	7527 :	0111111011110101;
	7526 :	0111111011110100;
	7525 :	0111111011110011;
	7524 :	0111111011110011;
	7523 :	0111111011110010;
	7522 :	0111111011110001;
	7521 :	0111111011110000;
	7520 :	0111111011101111;
	7519 :	0111111011101111;
	7518 :	0111111011101110;
	7517 :	0111111011101101;
	7516 :	0111111011101100;
	7515 :	0111111011101011;
	7514 :	0111111011101010;
	7513 :	0111111011101010;
	7512 :	0111111011101001;
	7511 :	0111111011101000;
	7510 :	0111111011100111;
	7509 :	0111111011100110;
	7508 :	0111111011100110;
	7507 :	0111111011100101;
	7506 :	0111111011100100;
	7505 :	0111111011100011;
	7504 :	0111111011100010;
	7503 :	0111111011100001;
	7502 :	0111111011100001;
	7501 :	0111111011100000;
	7500 :	0111111011011111;
	7499 :	0111111011011110;
	7498 :	0111111011011101;
	7497 :	0111111011011100;
	7496 :	0111111011011100;
	7495 :	0111111011011011;
	7494 :	0111111011011010;
	7493 :	0111111011011001;
	7492 :	0111111011011000;
	7491 :	0111111011010111;
	7490 :	0111111011010111;
	7489 :	0111111011010110;
	7488 :	0111111011010101;
	7487 :	0111111011010100;
	7486 :	0111111011010011;
	7485 :	0111111011010010;
	7484 :	0111111011010010;
	7483 :	0111111011010001;
	7482 :	0111111011010000;
	7481 :	0111111011001111;
	7480 :	0111111011001110;
	7479 :	0111111011001101;
	7478 :	0111111011001100;
	7477 :	0111111011001100;
	7476 :	0111111011001011;
	7475 :	0111111011001010;
	7474 :	0111111011001001;
	7473 :	0111111011001000;
	7472 :	0111111011000111;
	7471 :	0111111011000110;
	7470 :	0111111011000101;
	7469 :	0111111011000101;
	7468 :	0111111011000100;
	7467 :	0111111011000011;
	7466 :	0111111011000010;
	7465 :	0111111011000001;
	7464 :	0111111011000000;
	7463 :	0111111010111111;
	7462 :	0111111010111111;
	7461 :	0111111010111110;
	7460 :	0111111010111101;
	7459 :	0111111010111100;
	7458 :	0111111010111011;
	7457 :	0111111010111010;
	7456 :	0111111010111001;
	7455 :	0111111010111000;
	7454 :	0111111010110111;
	7453 :	0111111010110111;
	7452 :	0111111010110110;
	7451 :	0111111010110101;
	7450 :	0111111010110100;
	7449 :	0111111010110011;
	7448 :	0111111010110010;
	7447 :	0111111010110001;
	7446 :	0111111010110000;
	7445 :	0111111010101111;
	7444 :	0111111010101111;
	7443 :	0111111010101110;
	7442 :	0111111010101101;
	7441 :	0111111010101100;
	7440 :	0111111010101011;
	7439 :	0111111010101010;
	7438 :	0111111010101001;
	7437 :	0111111010101000;
	7436 :	0111111010100111;
	7435 :	0111111010100110;
	7434 :	0111111010100110;
	7433 :	0111111010100101;
	7432 :	0111111010100100;
	7431 :	0111111010100011;
	7430 :	0111111010100010;
	7429 :	0111111010100001;
	7428 :	0111111010100000;
	7427 :	0111111010011111;
	7426 :	0111111010011110;
	7425 :	0111111010011101;
	7424 :	0111111010011100;
	7423 :	0111111010011011;
	7422 :	0111111010011011;
	7421 :	0111111010011010;
	7420 :	0111111010011001;
	7419 :	0111111010011000;
	7418 :	0111111010010111;
	7417 :	0111111010010110;
	7416 :	0111111010010101;
	7415 :	0111111010010100;
	7414 :	0111111010010011;
	7413 :	0111111010010010;
	7412 :	0111111010010001;
	7411 :	0111111010010000;
	7410 :	0111111010001111;
	7409 :	0111111010001110;
	7408 :	0111111010001101;
	7407 :	0111111010001101;
	7406 :	0111111010001100;
	7405 :	0111111010001011;
	7404 :	0111111010001010;
	7403 :	0111111010001001;
	7402 :	0111111010001000;
	7401 :	0111111010000111;
	7400 :	0111111010000110;
	7399 :	0111111010000101;
	7398 :	0111111010000100;
	7397 :	0111111010000011;
	7396 :	0111111010000010;
	7395 :	0111111010000001;
	7394 :	0111111010000000;
	7393 :	0111111001111111;
	7392 :	0111111001111110;
	7391 :	0111111001111101;
	7390 :	0111111001111100;
	7389 :	0111111001111011;
	7388 :	0111111001111010;
	7387 :	0111111001111001;
	7386 :	0111111001111000;
	7385 :	0111111001110111;
	7384 :	0111111001110111;
	7383 :	0111111001110110;
	7382 :	0111111001110101;
	7381 :	0111111001110100;
	7380 :	0111111001110011;
	7379 :	0111111001110010;
	7378 :	0111111001110001;
	7377 :	0111111001110000;
	7376 :	0111111001101111;
	7375 :	0111111001101110;
	7374 :	0111111001101101;
	7373 :	0111111001101100;
	7372 :	0111111001101011;
	7371 :	0111111001101010;
	7370 :	0111111001101001;
	7369 :	0111111001101000;
	7368 :	0111111001100111;
	7367 :	0111111001100110;
	7366 :	0111111001100101;
	7365 :	0111111001100100;
	7364 :	0111111001100011;
	7363 :	0111111001100010;
	7362 :	0111111001100001;
	7361 :	0111111001100000;
	7360 :	0111111001011111;
	7359 :	0111111001011110;
	7358 :	0111111001011101;
	7357 :	0111111001011100;
	7356 :	0111111001011011;
	7355 :	0111111001011010;
	7354 :	0111111001011001;
	7353 :	0111111001011000;
	7352 :	0111111001010111;
	7351 :	0111111001010110;
	7350 :	0111111001010101;
	7349 :	0111111001010100;
	7348 :	0111111001010011;
	7347 :	0111111001010010;
	7346 :	0111111001010001;
	7345 :	0111111001010000;
	7344 :	0111111001001111;
	7343 :	0111111001001110;
	7342 :	0111111001001101;
	7341 :	0111111001001100;
	7340 :	0111111001001011;
	7339 :	0111111001001010;
	7338 :	0111111001001001;
	7337 :	0111111001001000;
	7336 :	0111111001000111;
	7335 :	0111111001000110;
	7334 :	0111111001000101;
	7333 :	0111111001000100;
	7332 :	0111111001000010;
	7331 :	0111111001000001;
	7330 :	0111111001000000;
	7329 :	0111111000111111;
	7328 :	0111111000111110;
	7327 :	0111111000111101;
	7326 :	0111111000111100;
	7325 :	0111111000111011;
	7324 :	0111111000111010;
	7323 :	0111111000111001;
	7322 :	0111111000111000;
	7321 :	0111111000110111;
	7320 :	0111111000110110;
	7319 :	0111111000110101;
	7318 :	0111111000110100;
	7317 :	0111111000110011;
	7316 :	0111111000110010;
	7315 :	0111111000110001;
	7314 :	0111111000110000;
	7313 :	0111111000101111;
	7312 :	0111111000101110;
	7311 :	0111111000101101;
	7310 :	0111111000101100;
	7309 :	0111111000101010;
	7308 :	0111111000101001;
	7307 :	0111111000101000;
	7306 :	0111111000100111;
	7305 :	0111111000100110;
	7304 :	0111111000100101;
	7303 :	0111111000100100;
	7302 :	0111111000100011;
	7301 :	0111111000100010;
	7300 :	0111111000100001;
	7299 :	0111111000100000;
	7298 :	0111111000011111;
	7297 :	0111111000011110;
	7296 :	0111111000011101;
	7295 :	0111111000011100;
	7294 :	0111111000011010;
	7293 :	0111111000011001;
	7292 :	0111111000011000;
	7291 :	0111111000010111;
	7290 :	0111111000010110;
	7289 :	0111111000010101;
	7288 :	0111111000010100;
	7287 :	0111111000010011;
	7286 :	0111111000010010;
	7285 :	0111111000010001;
	7284 :	0111111000010000;
	7283 :	0111111000001111;
	7282 :	0111111000001101;
	7281 :	0111111000001100;
	7280 :	0111111000001011;
	7279 :	0111111000001010;
	7278 :	0111111000001001;
	7277 :	0111111000001000;
	7276 :	0111111000000111;
	7275 :	0111111000000110;
	7274 :	0111111000000101;
	7273 :	0111111000000100;
	7272 :	0111111000000010;
	7271 :	0111111000000001;
	7270 :	0111111000000000;
	7269 :	0111110111111111;
	7268 :	0111110111111110;
	7267 :	0111110111111101;
	7266 :	0111110111111100;
	7265 :	0111110111111011;
	7264 :	0111110111111010;
	7263 :	0111110111111000;
	7262 :	0111110111110111;
	7261 :	0111110111110110;
	7260 :	0111110111110101;
	7259 :	0111110111110100;
	7258 :	0111110111110011;
	7257 :	0111110111110010;
	7256 :	0111110111110001;
	7255 :	0111110111110000;
	7254 :	0111110111101110;
	7253 :	0111110111101101;
	7252 :	0111110111101100;
	7251 :	0111110111101011;
	7250 :	0111110111101010;
	7249 :	0111110111101001;
	7248 :	0111110111101000;
	7247 :	0111110111100111;
	7246 :	0111110111100101;
	7245 :	0111110111100100;
	7244 :	0111110111100011;
	7243 :	0111110111100010;
	7242 :	0111110111100001;
	7241 :	0111110111100000;
	7240 :	0111110111011111;
	7239 :	0111110111011101;
	7238 :	0111110111011100;
	7237 :	0111110111011011;
	7236 :	0111110111011010;
	7235 :	0111110111011001;
	7234 :	0111110111011000;
	7233 :	0111110111010111;
	7232 :	0111110111010101;
	7231 :	0111110111010100;
	7230 :	0111110111010011;
	7229 :	0111110111010010;
	7228 :	0111110111010001;
	7227 :	0111110111010000;
	7226 :	0111110111001110;
	7225 :	0111110111001101;
	7224 :	0111110111001100;
	7223 :	0111110111001011;
	7222 :	0111110111001010;
	7221 :	0111110111001001;
	7220 :	0111110111001000;
	7219 :	0111110111000110;
	7218 :	0111110111000101;
	7217 :	0111110111000100;
	7216 :	0111110111000011;
	7215 :	0111110111000010;
	7214 :	0111110111000001;
	7213 :	0111110110111111;
	7212 :	0111110110111110;
	7211 :	0111110110111101;
	7210 :	0111110110111100;
	7209 :	0111110110111011;
	7208 :	0111110110111001;
	7207 :	0111110110111000;
	7206 :	0111110110110111;
	7205 :	0111110110110110;
	7204 :	0111110110110101;
	7203 :	0111110110110100;
	7202 :	0111110110110010;
	7201 :	0111110110110001;
	7200 :	0111110110110000;
	7199 :	0111110110101111;
	7198 :	0111110110101110;
	7197 :	0111110110101100;
	7196 :	0111110110101011;
	7195 :	0111110110101010;
	7194 :	0111110110101001;
	7193 :	0111110110101000;
	7192 :	0111110110100110;
	7191 :	0111110110100101;
	7190 :	0111110110100100;
	7189 :	0111110110100011;
	7188 :	0111110110100010;
	7187 :	0111110110100000;
	7186 :	0111110110011111;
	7185 :	0111110110011110;
	7184 :	0111110110011101;
	7183 :	0111110110011100;
	7182 :	0111110110011010;
	7181 :	0111110110011001;
	7180 :	0111110110011000;
	7179 :	0111110110010111;
	7178 :	0111110110010110;
	7177 :	0111110110010100;
	7176 :	0111110110010011;
	7175 :	0111110110010010;
	7174 :	0111110110010001;
	7173 :	0111110110010000;
	7172 :	0111110110001110;
	7171 :	0111110110001101;
	7170 :	0111110110001100;
	7169 :	0111110110001011;
	7168 :	0111110110001001;
	7167 :	0111110110001000;
	7166 :	0111110110000111;
	7165 :	0111110110000110;
	7164 :	0111110110000100;
	7163 :	0111110110000011;
	7162 :	0111110110000010;
	7161 :	0111110110000001;
	7160 :	0111110110000000;
	7159 :	0111110101111110;
	7158 :	0111110101111101;
	7157 :	0111110101111100;
	7156 :	0111110101111011;
	7155 :	0111110101111001;
	7154 :	0111110101111000;
	7153 :	0111110101110111;
	7152 :	0111110101110110;
	7151 :	0111110101110100;
	7150 :	0111110101110011;
	7149 :	0111110101110010;
	7148 :	0111110101110001;
	7147 :	0111110101101111;
	7146 :	0111110101101110;
	7145 :	0111110101101101;
	7144 :	0111110101101100;
	7143 :	0111110101101010;
	7142 :	0111110101101001;
	7141 :	0111110101101000;
	7140 :	0111110101100111;
	7139 :	0111110101100101;
	7138 :	0111110101100100;
	7137 :	0111110101100011;
	7136 :	0111110101100010;
	7135 :	0111110101100000;
	7134 :	0111110101011111;
	7133 :	0111110101011110;
	7132 :	0111110101011100;
	7131 :	0111110101011011;
	7130 :	0111110101011010;
	7129 :	0111110101011001;
	7128 :	0111110101010111;
	7127 :	0111110101010110;
	7126 :	0111110101010101;
	7125 :	0111110101010100;
	7124 :	0111110101010010;
	7123 :	0111110101010001;
	7122 :	0111110101010000;
	7121 :	0111110101001110;
	7120 :	0111110101001101;
	7119 :	0111110101001100;
	7118 :	0111110101001011;
	7117 :	0111110101001001;
	7116 :	0111110101001000;
	7115 :	0111110101000111;
	7114 :	0111110101000101;
	7113 :	0111110101000100;
	7112 :	0111110101000011;
	7111 :	0111110101000010;
	7110 :	0111110101000000;
	7109 :	0111110100111111;
	7108 :	0111110100111110;
	7107 :	0111110100111100;
	7106 :	0111110100111011;
	7105 :	0111110100111010;
	7104 :	0111110100111001;
	7103 :	0111110100110111;
	7102 :	0111110100110110;
	7101 :	0111110100110101;
	7100 :	0111110100110011;
	7099 :	0111110100110010;
	7098 :	0111110100110001;
	7097 :	0111110100101111;
	7096 :	0111110100101110;
	7095 :	0111110100101101;
	7094 :	0111110100101011;
	7093 :	0111110100101010;
	7092 :	0111110100101001;
	7091 :	0111110100101000;
	7090 :	0111110100100110;
	7089 :	0111110100100101;
	7088 :	0111110100100100;
	7087 :	0111110100100010;
	7086 :	0111110100100001;
	7085 :	0111110100100000;
	7084 :	0111110100011110;
	7083 :	0111110100011101;
	7082 :	0111110100011100;
	7081 :	0111110100011010;
	7080 :	0111110100011001;
	7079 :	0111110100011000;
	7078 :	0111110100010110;
	7077 :	0111110100010101;
	7076 :	0111110100010100;
	7075 :	0111110100010010;
	7074 :	0111110100010001;
	7073 :	0111110100010000;
	7072 :	0111110100001110;
	7071 :	0111110100001101;
	7070 :	0111110100001100;
	7069 :	0111110100001010;
	7068 :	0111110100001001;
	7067 :	0111110100001000;
	7066 :	0111110100000110;
	7065 :	0111110100000101;
	7064 :	0111110100000100;
	7063 :	0111110100000010;
	7062 :	0111110100000001;
	7061 :	0111110011111111;
	7060 :	0111110011111110;
	7059 :	0111110011111101;
	7058 :	0111110011111011;
	7057 :	0111110011111010;
	7056 :	0111110011111001;
	7055 :	0111110011110111;
	7054 :	0111110011110110;
	7053 :	0111110011110101;
	7052 :	0111110011110011;
	7051 :	0111110011110010;
	7050 :	0111110011110001;
	7049 :	0111110011101111;
	7048 :	0111110011101110;
	7047 :	0111110011101100;
	7046 :	0111110011101011;
	7045 :	0111110011101010;
	7044 :	0111110011101000;
	7043 :	0111110011100111;
	7042 :	0111110011100110;
	7041 :	0111110011100100;
	7040 :	0111110011100011;
	7039 :	0111110011100001;
	7038 :	0111110011100000;
	7037 :	0111110011011111;
	7036 :	0111110011011101;
	7035 :	0111110011011100;
	7034 :	0111110011011011;
	7033 :	0111110011011001;
	7032 :	0111110011011000;
	7031 :	0111110011010110;
	7030 :	0111110011010101;
	7029 :	0111110011010100;
	7028 :	0111110011010010;
	7027 :	0111110011010001;
	7026 :	0111110011001111;
	7025 :	0111110011001110;
	7024 :	0111110011001101;
	7023 :	0111110011001011;
	7022 :	0111110011001010;
	7021 :	0111110011001000;
	7020 :	0111110011000111;
	7019 :	0111110011000110;
	7018 :	0111110011000100;
	7017 :	0111110011000011;
	7016 :	0111110011000001;
	7015 :	0111110011000000;
	7014 :	0111110010111111;
	7013 :	0111110010111101;
	7012 :	0111110010111100;
	7011 :	0111110010111010;
	7010 :	0111110010111001;
	7009 :	0111110010111000;
	7008 :	0111110010110110;
	7007 :	0111110010110101;
	7006 :	0111110010110011;
	7005 :	0111110010110010;
	7004 :	0111110010110001;
	7003 :	0111110010101111;
	7002 :	0111110010101110;
	7001 :	0111110010101100;
	7000 :	0111110010101011;
	6999 :	0111110010101001;
	6998 :	0111110010101000;
	6997 :	0111110010100111;
	6996 :	0111110010100101;
	6995 :	0111110010100100;
	6994 :	0111110010100010;
	6993 :	0111110010100001;
	6992 :	0111110010011111;
	6991 :	0111110010011110;
	6990 :	0111110010011101;
	6989 :	0111110010011011;
	6988 :	0111110010011010;
	6987 :	0111110010011000;
	6986 :	0111110010010111;
	6985 :	0111110010010101;
	6984 :	0111110010010100;
	6983 :	0111110010010010;
	6982 :	0111110010010001;
	6981 :	0111110010010000;
	6980 :	0111110010001110;
	6979 :	0111110010001101;
	6978 :	0111110010001011;
	6977 :	0111110010001010;
	6976 :	0111110010001000;
	6975 :	0111110010000111;
	6974 :	0111110010000101;
	6973 :	0111110010000100;
	6972 :	0111110010000011;
	6971 :	0111110010000001;
	6970 :	0111110010000000;
	6969 :	0111110001111110;
	6968 :	0111110001111101;
	6967 :	0111110001111011;
	6966 :	0111110001111010;
	6965 :	0111110001111000;
	6964 :	0111110001110111;
	6963 :	0111110001110101;
	6962 :	0111110001110100;
	6961 :	0111110001110010;
	6960 :	0111110001110001;
	6959 :	0111110001101111;
	6958 :	0111110001101110;
	6957 :	0111110001101101;
	6956 :	0111110001101011;
	6955 :	0111110001101010;
	6954 :	0111110001101000;
	6953 :	0111110001100111;
	6952 :	0111110001100101;
	6951 :	0111110001100100;
	6950 :	0111110001100010;
	6949 :	0111110001100001;
	6948 :	0111110001011111;
	6947 :	0111110001011110;
	6946 :	0111110001011100;
	6945 :	0111110001011011;
	6944 :	0111110001011001;
	6943 :	0111110001011000;
	6942 :	0111110001010110;
	6941 :	0111110001010101;
	6940 :	0111110001010011;
	6939 :	0111110001010010;
	6938 :	0111110001010000;
	6937 :	0111110001001111;
	6936 :	0111110001001101;
	6935 :	0111110001001100;
	6934 :	0111110001001010;
	6933 :	0111110001001001;
	6932 :	0111110001000111;
	6931 :	0111110001000110;
	6930 :	0111110001000100;
	6929 :	0111110001000011;
	6928 :	0111110001000001;
	6927 :	0111110001000000;
	6926 :	0111110000111110;
	6925 :	0111110000111101;
	6924 :	0111110000111011;
	6923 :	0111110000111010;
	6922 :	0111110000111000;
	6921 :	0111110000110111;
	6920 :	0111110000110101;
	6919 :	0111110000110100;
	6918 :	0111110000110010;
	6917 :	0111110000110001;
	6916 :	0111110000101111;
	6915 :	0111110000101110;
	6914 :	0111110000101100;
	6913 :	0111110000101011;
	6912 :	0111110000101001;
	6911 :	0111110000100111;
	6910 :	0111110000100110;
	6909 :	0111110000100100;
	6908 :	0111110000100011;
	6907 :	0111110000100001;
	6906 :	0111110000100000;
	6905 :	0111110000011110;
	6904 :	0111110000011101;
	6903 :	0111110000011011;
	6902 :	0111110000011010;
	6901 :	0111110000011000;
	6900 :	0111110000010111;
	6899 :	0111110000010101;
	6898 :	0111110000010100;
	6897 :	0111110000010010;
	6896 :	0111110000010000;
	6895 :	0111110000001111;
	6894 :	0111110000001101;
	6893 :	0111110000001100;
	6892 :	0111110000001010;
	6891 :	0111110000001001;
	6890 :	0111110000000111;
	6889 :	0111110000000110;
	6888 :	0111110000000100;
	6887 :	0111110000000010;
	6886 :	0111110000000001;
	6885 :	0111101111111111;
	6884 :	0111101111111110;
	6883 :	0111101111111100;
	6882 :	0111101111111011;
	6881 :	0111101111111001;
	6880 :	0111101111111000;
	6879 :	0111101111110110;
	6878 :	0111101111110100;
	6877 :	0111101111110011;
	6876 :	0111101111110001;
	6875 :	0111101111110000;
	6874 :	0111101111101110;
	6873 :	0111101111101101;
	6872 :	0111101111101011;
	6871 :	0111101111101001;
	6870 :	0111101111101000;
	6869 :	0111101111100110;
	6868 :	0111101111100101;
	6867 :	0111101111100011;
	6866 :	0111101111100010;
	6865 :	0111101111100000;
	6864 :	0111101111011110;
	6863 :	0111101111011101;
	6862 :	0111101111011011;
	6861 :	0111101111011010;
	6860 :	0111101111011000;
	6859 :	0111101111010110;
	6858 :	0111101111010101;
	6857 :	0111101111010011;
	6856 :	0111101111010010;
	6855 :	0111101111010000;
	6854 :	0111101111001111;
	6853 :	0111101111001101;
	6852 :	0111101111001011;
	6851 :	0111101111001010;
	6850 :	0111101111001000;
	6849 :	0111101111000111;
	6848 :	0111101111000101;
	6847 :	0111101111000011;
	6846 :	0111101111000010;
	6845 :	0111101111000000;
	6844 :	0111101110111111;
	6843 :	0111101110111101;
	6842 :	0111101110111011;
	6841 :	0111101110111010;
	6840 :	0111101110111000;
	6839 :	0111101110110110;
	6838 :	0111101110110101;
	6837 :	0111101110110011;
	6836 :	0111101110110010;
	6835 :	0111101110110000;
	6834 :	0111101110101110;
	6833 :	0111101110101101;
	6832 :	0111101110101011;
	6831 :	0111101110101010;
	6830 :	0111101110101000;
	6829 :	0111101110100110;
	6828 :	0111101110100101;
	6827 :	0111101110100011;
	6826 :	0111101110100001;
	6825 :	0111101110100000;
	6824 :	0111101110011110;
	6823 :	0111101110011101;
	6822 :	0111101110011011;
	6821 :	0111101110011001;
	6820 :	0111101110011000;
	6819 :	0111101110010110;
	6818 :	0111101110010100;
	6817 :	0111101110010011;
	6816 :	0111101110010001;
	6815 :	0111101110001111;
	6814 :	0111101110001110;
	6813 :	0111101110001100;
	6812 :	0111101110001011;
	6811 :	0111101110001001;
	6810 :	0111101110000111;
	6809 :	0111101110000110;
	6808 :	0111101110000100;
	6807 :	0111101110000010;
	6806 :	0111101110000001;
	6805 :	0111101101111111;
	6804 :	0111101101111101;
	6803 :	0111101101111100;
	6802 :	0111101101111010;
	6801 :	0111101101111000;
	6800 :	0111101101110111;
	6799 :	0111101101110101;
	6798 :	0111101101110011;
	6797 :	0111101101110010;
	6796 :	0111101101110000;
	6795 :	0111101101101110;
	6794 :	0111101101101101;
	6793 :	0111101101101011;
	6792 :	0111101101101001;
	6791 :	0111101101101000;
	6790 :	0111101101100110;
	6789 :	0111101101100100;
	6788 :	0111101101100011;
	6787 :	0111101101100001;
	6786 :	0111101101011111;
	6785 :	0111101101011110;
	6784 :	0111101101011100;
	6783 :	0111101101011010;
	6782 :	0111101101011001;
	6781 :	0111101101010111;
	6780 :	0111101101010101;
	6779 :	0111101101010100;
	6778 :	0111101101010010;
	6777 :	0111101101010000;
	6776 :	0111101101001111;
	6775 :	0111101101001101;
	6774 :	0111101101001011;
	6773 :	0111101101001010;
	6772 :	0111101101001000;
	6771 :	0111101101000110;
	6770 :	0111101101000100;
	6769 :	0111101101000011;
	6768 :	0111101101000001;
	6767 :	0111101100111111;
	6766 :	0111101100111110;
	6765 :	0111101100111100;
	6764 :	0111101100111010;
	6763 :	0111101100111001;
	6762 :	0111101100110111;
	6761 :	0111101100110101;
	6760 :	0111101100110011;
	6759 :	0111101100110010;
	6758 :	0111101100110000;
	6757 :	0111101100101110;
	6756 :	0111101100101101;
	6755 :	0111101100101011;
	6754 :	0111101100101001;
	6753 :	0111101100101000;
	6752 :	0111101100100110;
	6751 :	0111101100100100;
	6750 :	0111101100100010;
	6749 :	0111101100100001;
	6748 :	0111101100011111;
	6747 :	0111101100011101;
	6746 :	0111101100011100;
	6745 :	0111101100011010;
	6744 :	0111101100011000;
	6743 :	0111101100010110;
	6742 :	0111101100010101;
	6741 :	0111101100010011;
	6740 :	0111101100010001;
	6739 :	0111101100001111;
	6738 :	0111101100001110;
	6737 :	0111101100001100;
	6736 :	0111101100001010;
	6735 :	0111101100001001;
	6734 :	0111101100000111;
	6733 :	0111101100000101;
	6732 :	0111101100000011;
	6731 :	0111101100000010;
	6730 :	0111101100000000;
	6729 :	0111101011111110;
	6728 :	0111101011111100;
	6727 :	0111101011111011;
	6726 :	0111101011111001;
	6725 :	0111101011110111;
	6724 :	0111101011110101;
	6723 :	0111101011110100;
	6722 :	0111101011110010;
	6721 :	0111101011110000;
	6720 :	0111101011101110;
	6719 :	0111101011101101;
	6718 :	0111101011101011;
	6717 :	0111101011101001;
	6716 :	0111101011100111;
	6715 :	0111101011100110;
	6714 :	0111101011100100;
	6713 :	0111101011100010;
	6712 :	0111101011100000;
	6711 :	0111101011011111;
	6710 :	0111101011011101;
	6709 :	0111101011011011;
	6708 :	0111101011011001;
	6707 :	0111101011011000;
	6706 :	0111101011010110;
	6705 :	0111101011010100;
	6704 :	0111101011010010;
	6703 :	0111101011010001;
	6702 :	0111101011001111;
	6701 :	0111101011001101;
	6700 :	0111101011001011;
	6699 :	0111101011001001;
	6698 :	0111101011001000;
	6697 :	0111101011000110;
	6696 :	0111101011000100;
	6695 :	0111101011000010;
	6694 :	0111101011000001;
	6693 :	0111101010111111;
	6692 :	0111101010111101;
	6691 :	0111101010111011;
	6690 :	0111101010111001;
	6689 :	0111101010111000;
	6688 :	0111101010110110;
	6687 :	0111101010110100;
	6686 :	0111101010110010;
	6685 :	0111101010110000;
	6684 :	0111101010101111;
	6683 :	0111101010101101;
	6682 :	0111101010101011;
	6681 :	0111101010101001;
	6680 :	0111101010101000;
	6679 :	0111101010100110;
	6678 :	0111101010100100;
	6677 :	0111101010100010;
	6676 :	0111101010100000;
	6675 :	0111101010011111;
	6674 :	0111101010011101;
	6673 :	0111101010011011;
	6672 :	0111101010011001;
	6671 :	0111101010010111;
	6670 :	0111101010010101;
	6669 :	0111101010010100;
	6668 :	0111101010010010;
	6667 :	0111101010010000;
	6666 :	0111101010001110;
	6665 :	0111101010001100;
	6664 :	0111101010001011;
	6663 :	0111101010001001;
	6662 :	0111101010000111;
	6661 :	0111101010000101;
	6660 :	0111101010000011;
	6659 :	0111101010000010;
	6658 :	0111101010000000;
	6657 :	0111101001111110;
	6656 :	0111101001111100;
	6655 :	0111101001111010;
	6654 :	0111101001111000;
	6653 :	0111101001110111;
	6652 :	0111101001110101;
	6651 :	0111101001110011;
	6650 :	0111101001110001;
	6649 :	0111101001101111;
	6648 :	0111101001101101;
	6647 :	0111101001101100;
	6646 :	0111101001101010;
	6645 :	0111101001101000;
	6644 :	0111101001100110;
	6643 :	0111101001100100;
	6642 :	0111101001100010;
	6641 :	0111101001100001;
	6640 :	0111101001011111;
	6639 :	0111101001011101;
	6638 :	0111101001011011;
	6637 :	0111101001011001;
	6636 :	0111101001010111;
	6635 :	0111101001010110;
	6634 :	0111101001010100;
	6633 :	0111101001010010;
	6632 :	0111101001010000;
	6631 :	0111101001001110;
	6630 :	0111101001001100;
	6629 :	0111101001001010;
	6628 :	0111101001001001;
	6627 :	0111101001000111;
	6626 :	0111101001000101;
	6625 :	0111101001000011;
	6624 :	0111101001000001;
	6623 :	0111101000111111;
	6622 :	0111101000111101;
	6621 :	0111101000111100;
	6620 :	0111101000111010;
	6619 :	0111101000111000;
	6618 :	0111101000110110;
	6617 :	0111101000110100;
	6616 :	0111101000110010;
	6615 :	0111101000110000;
	6614 :	0111101000101110;
	6613 :	0111101000101101;
	6612 :	0111101000101011;
	6611 :	0111101000101001;
	6610 :	0111101000100111;
	6609 :	0111101000100101;
	6608 :	0111101000100011;
	6607 :	0111101000100001;
	6606 :	0111101000011111;
	6605 :	0111101000011110;
	6604 :	0111101000011100;
	6603 :	0111101000011010;
	6602 :	0111101000011000;
	6601 :	0111101000010110;
	6600 :	0111101000010100;
	6599 :	0111101000010010;
	6598 :	0111101000010000;
	6597 :	0111101000001110;
	6596 :	0111101000001101;
	6595 :	0111101000001011;
	6594 :	0111101000001001;
	6593 :	0111101000000111;
	6592 :	0111101000000101;
	6591 :	0111101000000011;
	6590 :	0111101000000001;
	6589 :	0111100111111111;
	6588 :	0111100111111101;
	6587 :	0111100111111011;
	6586 :	0111100111111010;
	6585 :	0111100111111000;
	6584 :	0111100111110110;
	6583 :	0111100111110100;
	6582 :	0111100111110010;
	6581 :	0111100111110000;
	6580 :	0111100111101110;
	6579 :	0111100111101100;
	6578 :	0111100111101010;
	6577 :	0111100111101000;
	6576 :	0111100111100110;
	6575 :	0111100111100101;
	6574 :	0111100111100011;
	6573 :	0111100111100001;
	6572 :	0111100111011111;
	6571 :	0111100111011101;
	6570 :	0111100111011011;
	6569 :	0111100111011001;
	6568 :	0111100111010111;
	6567 :	0111100111010101;
	6566 :	0111100111010011;
	6565 :	0111100111010001;
	6564 :	0111100111001111;
	6563 :	0111100111001101;
	6562 :	0111100111001100;
	6561 :	0111100111001010;
	6560 :	0111100111001000;
	6559 :	0111100111000110;
	6558 :	0111100111000100;
	6557 :	0111100111000010;
	6556 :	0111100111000000;
	6555 :	0111100110111110;
	6554 :	0111100110111100;
	6553 :	0111100110111010;
	6552 :	0111100110111000;
	6551 :	0111100110110110;
	6550 :	0111100110110100;
	6549 :	0111100110110010;
	6548 :	0111100110110000;
	6547 :	0111100110101110;
	6546 :	0111100110101100;
	6545 :	0111100110101011;
	6544 :	0111100110101001;
	6543 :	0111100110100111;
	6542 :	0111100110100101;
	6541 :	0111100110100011;
	6540 :	0111100110100001;
	6539 :	0111100110011111;
	6538 :	0111100110011101;
	6537 :	0111100110011011;
	6536 :	0111100110011001;
	6535 :	0111100110010111;
	6534 :	0111100110010101;
	6533 :	0111100110010011;
	6532 :	0111100110010001;
	6531 :	0111100110001111;
	6530 :	0111100110001101;
	6529 :	0111100110001011;
	6528 :	0111100110001001;
	6527 :	0111100110000111;
	6526 :	0111100110000101;
	6525 :	0111100110000011;
	6524 :	0111100110000001;
	6523 :	0111100101111111;
	6522 :	0111100101111101;
	6521 :	0111100101111011;
	6520 :	0111100101111001;
	6519 :	0111100101110111;
	6518 :	0111100101110101;
	6517 :	0111100101110011;
	6516 :	0111100101110001;
	6515 :	0111100101101111;
	6514 :	0111100101101101;
	6513 :	0111100101101011;
	6512 :	0111100101101010;
	6511 :	0111100101101000;
	6510 :	0111100101100110;
	6509 :	0111100101100100;
	6508 :	0111100101100010;
	6507 :	0111100101100000;
	6506 :	0111100101011110;
	6505 :	0111100101011100;
	6504 :	0111100101011010;
	6503 :	0111100101011000;
	6502 :	0111100101010110;
	6501 :	0111100101010100;
	6500 :	0111100101010010;
	6499 :	0111100101010000;
	6498 :	0111100101001110;
	6497 :	0111100101001100;
	6496 :	0111100101001010;
	6495 :	0111100101001000;
	6494 :	0111100101000110;
	6493 :	0111100101000100;
	6492 :	0111100101000001;
	6491 :	0111100100111111;
	6490 :	0111100100111101;
	6489 :	0111100100111011;
	6488 :	0111100100111001;
	6487 :	0111100100110111;
	6486 :	0111100100110101;
	6485 :	0111100100110011;
	6484 :	0111100100110001;
	6483 :	0111100100101111;
	6482 :	0111100100101101;
	6481 :	0111100100101011;
	6480 :	0111100100101001;
	6479 :	0111100100100111;
	6478 :	0111100100100101;
	6477 :	0111100100100011;
	6476 :	0111100100100001;
	6475 :	0111100100011111;
	6474 :	0111100100011101;
	6473 :	0111100100011011;
	6472 :	0111100100011001;
	6471 :	0111100100010111;
	6470 :	0111100100010101;
	6469 :	0111100100010011;
	6468 :	0111100100010001;
	6467 :	0111100100001111;
	6466 :	0111100100001101;
	6465 :	0111100100001011;
	6464 :	0111100100001001;
	6463 :	0111100100000111;
	6462 :	0111100100000101;
	6461 :	0111100100000011;
	6460 :	0111100100000001;
	6459 :	0111100011111110;
	6458 :	0111100011111100;
	6457 :	0111100011111010;
	6456 :	0111100011111000;
	6455 :	0111100011110110;
	6454 :	0111100011110100;
	6453 :	0111100011110010;
	6452 :	0111100011110000;
	6451 :	0111100011101110;
	6450 :	0111100011101100;
	6449 :	0111100011101010;
	6448 :	0111100011101000;
	6447 :	0111100011100110;
	6446 :	0111100011100100;
	6445 :	0111100011100010;
	6444 :	0111100011100000;
	6443 :	0111100011011110;
	6442 :	0111100011011011;
	6441 :	0111100011011001;
	6440 :	0111100011010111;
	6439 :	0111100011010101;
	6438 :	0111100011010011;
	6437 :	0111100011010001;
	6436 :	0111100011001111;
	6435 :	0111100011001101;
	6434 :	0111100011001011;
	6433 :	0111100011001001;
	6432 :	0111100011000111;
	6431 :	0111100011000101;
	6430 :	0111100011000011;
	6429 :	0111100011000000;
	6428 :	0111100010111110;
	6427 :	0111100010111100;
	6426 :	0111100010111010;
	6425 :	0111100010111000;
	6424 :	0111100010110110;
	6423 :	0111100010110100;
	6422 :	0111100010110010;
	6421 :	0111100010110000;
	6420 :	0111100010101110;
	6419 :	0111100010101100;
	6418 :	0111100010101001;
	6417 :	0111100010100111;
	6416 :	0111100010100101;
	6415 :	0111100010100011;
	6414 :	0111100010100001;
	6413 :	0111100010011111;
	6412 :	0111100010011101;
	6411 :	0111100010011011;
	6410 :	0111100010011001;
	6409 :	0111100010010111;
	6408 :	0111100010010100;
	6407 :	0111100010010010;
	6406 :	0111100010010000;
	6405 :	0111100010001110;
	6404 :	0111100010001100;
	6403 :	0111100010001010;
	6402 :	0111100010001000;
	6401 :	0111100010000110;
	6400 :	0111100010000100;
	6399 :	0111100010000001;
	6398 :	0111100001111111;
	6397 :	0111100001111101;
	6396 :	0111100001111011;
	6395 :	0111100001111001;
	6394 :	0111100001110111;
	6393 :	0111100001110101;
	6392 :	0111100001110011;
	6391 :	0111100001110000;
	6390 :	0111100001101110;
	6389 :	0111100001101100;
	6388 :	0111100001101010;
	6387 :	0111100001101000;
	6386 :	0111100001100110;
	6385 :	0111100001100100;
	6384 :	0111100001100010;
	6383 :	0111100001011111;
	6382 :	0111100001011101;
	6381 :	0111100001011011;
	6380 :	0111100001011001;
	6379 :	0111100001010111;
	6378 :	0111100001010101;
	6377 :	0111100001010011;
	6376 :	0111100001010000;
	6375 :	0111100001001110;
	6374 :	0111100001001100;
	6373 :	0111100001001010;
	6372 :	0111100001001000;
	6371 :	0111100001000110;
	6370 :	0111100001000100;
	6369 :	0111100001000001;
	6368 :	0111100000111111;
	6367 :	0111100000111101;
	6366 :	0111100000111011;
	6365 :	0111100000111001;
	6364 :	0111100000110111;
	6363 :	0111100000110100;
	6362 :	0111100000110010;
	6361 :	0111100000110000;
	6360 :	0111100000101110;
	6359 :	0111100000101100;
	6358 :	0111100000101010;
	6357 :	0111100000101000;
	6356 :	0111100000100101;
	6355 :	0111100000100011;
	6354 :	0111100000100001;
	6353 :	0111100000011111;
	6352 :	0111100000011101;
	6351 :	0111100000011010;
	6350 :	0111100000011000;
	6349 :	0111100000010110;
	6348 :	0111100000010100;
	6347 :	0111100000010010;
	6346 :	0111100000010000;
	6345 :	0111100000001101;
	6344 :	0111100000001011;
	6343 :	0111100000001001;
	6342 :	0111100000000111;
	6341 :	0111100000000101;
	6340 :	0111100000000011;
	6339 :	0111100000000000;
	6338 :	0111011111111110;
	6337 :	0111011111111100;
	6336 :	0111011111111010;
	6335 :	0111011111111000;
	6334 :	0111011111110101;
	6333 :	0111011111110011;
	6332 :	0111011111110001;
	6331 :	0111011111101111;
	6330 :	0111011111101101;
	6329 :	0111011111101010;
	6328 :	0111011111101000;
	6327 :	0111011111100110;
	6326 :	0111011111100100;
	6325 :	0111011111100010;
	6324 :	0111011111011111;
	6323 :	0111011111011101;
	6322 :	0111011111011011;
	6321 :	0111011111011001;
	6320 :	0111011111010111;
	6319 :	0111011111010100;
	6318 :	0111011111010010;
	6317 :	0111011111010000;
	6316 :	0111011111001110;
	6315 :	0111011111001100;
	6314 :	0111011111001001;
	6313 :	0111011111000111;
	6312 :	0111011111000101;
	6311 :	0111011111000011;
	6310 :	0111011111000000;
	6309 :	0111011110111110;
	6308 :	0111011110111100;
	6307 :	0111011110111010;
	6306 :	0111011110111000;
	6305 :	0111011110110101;
	6304 :	0111011110110011;
	6303 :	0111011110110001;
	6302 :	0111011110101111;
	6301 :	0111011110101100;
	6300 :	0111011110101010;
	6299 :	0111011110101000;
	6298 :	0111011110100110;
	6297 :	0111011110100100;
	6296 :	0111011110100001;
	6295 :	0111011110011111;
	6294 :	0111011110011101;
	6293 :	0111011110011011;
	6292 :	0111011110011000;
	6291 :	0111011110010110;
	6290 :	0111011110010100;
	6289 :	0111011110010010;
	6288 :	0111011110001111;
	6287 :	0111011110001101;
	6286 :	0111011110001011;
	6285 :	0111011110001001;
	6284 :	0111011110000110;
	6283 :	0111011110000100;
	6282 :	0111011110000010;
	6281 :	0111011110000000;
	6280 :	0111011101111101;
	6279 :	0111011101111011;
	6278 :	0111011101111001;
	6277 :	0111011101110111;
	6276 :	0111011101110100;
	6275 :	0111011101110010;
	6274 :	0111011101110000;
	6273 :	0111011101101110;
	6272 :	0111011101101011;
	6271 :	0111011101101001;
	6270 :	0111011101100111;
	6269 :	0111011101100101;
	6268 :	0111011101100010;
	6267 :	0111011101100000;
	6266 :	0111011101011110;
	6265 :	0111011101011100;
	6264 :	0111011101011001;
	6263 :	0111011101010111;
	6262 :	0111011101010101;
	6261 :	0111011101010010;
	6260 :	0111011101010000;
	6259 :	0111011101001110;
	6258 :	0111011101001100;
	6257 :	0111011101001001;
	6256 :	0111011101000111;
	6255 :	0111011101000101;
	6254 :	0111011101000010;
	6253 :	0111011101000000;
	6252 :	0111011100111110;
	6251 :	0111011100111100;
	6250 :	0111011100111001;
	6249 :	0111011100110111;
	6248 :	0111011100110101;
	6247 :	0111011100110010;
	6246 :	0111011100110000;
	6245 :	0111011100101110;
	6244 :	0111011100101100;
	6243 :	0111011100101001;
	6242 :	0111011100100111;
	6241 :	0111011100100101;
	6240 :	0111011100100010;
	6239 :	0111011100100000;
	6238 :	0111011100011110;
	6237 :	0111011100011100;
	6236 :	0111011100011001;
	6235 :	0111011100010111;
	6234 :	0111011100010101;
	6233 :	0111011100010010;
	6232 :	0111011100010000;
	6231 :	0111011100001110;
	6230 :	0111011100001011;
	6229 :	0111011100001001;
	6228 :	0111011100000111;
	6227 :	0111011100000100;
	6226 :	0111011100000010;
	6225 :	0111011100000000;
	6224 :	0111011011111110;
	6223 :	0111011011111011;
	6222 :	0111011011111001;
	6221 :	0111011011110111;
	6220 :	0111011011110100;
	6219 :	0111011011110010;
	6218 :	0111011011110000;
	6217 :	0111011011101101;
	6216 :	0111011011101011;
	6215 :	0111011011101001;
	6214 :	0111011011100110;
	6213 :	0111011011100100;
	6212 :	0111011011100010;
	6211 :	0111011011011111;
	6210 :	0111011011011101;
	6209 :	0111011011011011;
	6208 :	0111011011011000;
	6207 :	0111011011010110;
	6206 :	0111011011010100;
	6205 :	0111011011010001;
	6204 :	0111011011001111;
	6203 :	0111011011001101;
	6202 :	0111011011001010;
	6201 :	0111011011001000;
	6200 :	0111011011000110;
	6199 :	0111011011000011;
	6198 :	0111011011000001;
	6197 :	0111011010111111;
	6196 :	0111011010111100;
	6195 :	0111011010111010;
	6194 :	0111011010111000;
	6193 :	0111011010110101;
	6192 :	0111011010110011;
	6191 :	0111011010110001;
	6190 :	0111011010101110;
	6189 :	0111011010101100;
	6188 :	0111011010101001;
	6187 :	0111011010100111;
	6186 :	0111011010100101;
	6185 :	0111011010100010;
	6184 :	0111011010100000;
	6183 :	0111011010011110;
	6182 :	0111011010011011;
	6181 :	0111011010011001;
	6180 :	0111011010010111;
	6179 :	0111011010010100;
	6178 :	0111011010010010;
	6177 :	0111011010001111;
	6176 :	0111011010001101;
	6175 :	0111011010001011;
	6174 :	0111011010001000;
	6173 :	0111011010000110;
	6172 :	0111011010000100;
	6171 :	0111011010000001;
	6170 :	0111011001111111;
	6169 :	0111011001111101;
	6168 :	0111011001111010;
	6167 :	0111011001111000;
	6166 :	0111011001110101;
	6165 :	0111011001110011;
	6164 :	0111011001110001;
	6163 :	0111011001101110;
	6162 :	0111011001101100;
	6161 :	0111011001101001;
	6160 :	0111011001100111;
	6159 :	0111011001100101;
	6158 :	0111011001100010;
	6157 :	0111011001100000;
	6156 :	0111011001011110;
	6155 :	0111011001011011;
	6154 :	0111011001011001;
	6153 :	0111011001010110;
	6152 :	0111011001010100;
	6151 :	0111011001010010;
	6150 :	0111011001001111;
	6149 :	0111011001001101;
	6148 :	0111011001001010;
	6147 :	0111011001001000;
	6146 :	0111011001000110;
	6145 :	0111011001000011;
	6144 :	0111011001000001;
	6143 :	0111011000111110;
	6142 :	0111011000111100;
	6141 :	0111011000111010;
	6140 :	0111011000110111;
	6139 :	0111011000110101;
	6138 :	0111011000110010;
	6137 :	0111011000110000;
	6136 :	0111011000101101;
	6135 :	0111011000101011;
	6134 :	0111011000101001;
	6133 :	0111011000100110;
	6132 :	0111011000100100;
	6131 :	0111011000100001;
	6130 :	0111011000011111;
	6129 :	0111011000011101;
	6128 :	0111011000011010;
	6127 :	0111011000011000;
	6126 :	0111011000010101;
	6125 :	0111011000010011;
	6124 :	0111011000010000;
	6123 :	0111011000001110;
	6122 :	0111011000001100;
	6121 :	0111011000001001;
	6120 :	0111011000000111;
	6119 :	0111011000000100;
	6118 :	0111011000000010;
	6117 :	0111010111111111;
	6116 :	0111010111111101;
	6115 :	0111010111111011;
	6114 :	0111010111111000;
	6113 :	0111010111110110;
	6112 :	0111010111110011;
	6111 :	0111010111110001;
	6110 :	0111010111101110;
	6109 :	0111010111101100;
	6108 :	0111010111101001;
	6107 :	0111010111100111;
	6106 :	0111010111100101;
	6105 :	0111010111100010;
	6104 :	0111010111100000;
	6103 :	0111010111011101;
	6102 :	0111010111011011;
	6101 :	0111010111011000;
	6100 :	0111010111010110;
	6099 :	0111010111010011;
	6098 :	0111010111010001;
	6097 :	0111010111001111;
	6096 :	0111010111001100;
	6095 :	0111010111001010;
	6094 :	0111010111000111;
	6093 :	0111010111000101;
	6092 :	0111010111000010;
	6091 :	0111010111000000;
	6090 :	0111010110111101;
	6089 :	0111010110111011;
	6088 :	0111010110111000;
	6087 :	0111010110110110;
	6086 :	0111010110110011;
	6085 :	0111010110110001;
	6084 :	0111010110101110;
	6083 :	0111010110101100;
	6082 :	0111010110101010;
	6081 :	0111010110100111;
	6080 :	0111010110100101;
	6079 :	0111010110100010;
	6078 :	0111010110100000;
	6077 :	0111010110011101;
	6076 :	0111010110011011;
	6075 :	0111010110011000;
	6074 :	0111010110010110;
	6073 :	0111010110010011;
	6072 :	0111010110010001;
	6071 :	0111010110001110;
	6070 :	0111010110001100;
	6069 :	0111010110001001;
	6068 :	0111010110000111;
	6067 :	0111010110000100;
	6066 :	0111010110000010;
	6065 :	0111010101111111;
	6064 :	0111010101111101;
	6063 :	0111010101111010;
	6062 :	0111010101111000;
	6061 :	0111010101110101;
	6060 :	0111010101110011;
	6059 :	0111010101110000;
	6058 :	0111010101101110;
	6057 :	0111010101101011;
	6056 :	0111010101101001;
	6055 :	0111010101100110;
	6054 :	0111010101100100;
	6053 :	0111010101100001;
	6052 :	0111010101011111;
	6051 :	0111010101011100;
	6050 :	0111010101011010;
	6049 :	0111010101010111;
	6048 :	0111010101010101;
	6047 :	0111010101010010;
	6046 :	0111010101010000;
	6045 :	0111010101001101;
	6044 :	0111010101001011;
	6043 :	0111010101001000;
	6042 :	0111010101000110;
	6041 :	0111010101000011;
	6040 :	0111010101000001;
	6039 :	0111010100111110;
	6038 :	0111010100111100;
	6037 :	0111010100111001;
	6036 :	0111010100110111;
	6035 :	0111010100110100;
	6034 :	0111010100110010;
	6033 :	0111010100101111;
	6032 :	0111010100101101;
	6031 :	0111010100101010;
	6030 :	0111010100100111;
	6029 :	0111010100100101;
	6028 :	0111010100100010;
	6027 :	0111010100100000;
	6026 :	0111010100011101;
	6025 :	0111010100011011;
	6024 :	0111010100011000;
	6023 :	0111010100010110;
	6022 :	0111010100010011;
	6021 :	0111010100010001;
	6020 :	0111010100001110;
	6019 :	0111010100001100;
	6018 :	0111010100001001;
	6017 :	0111010100000110;
	6016 :	0111010100000100;
	6015 :	0111010100000001;
	6014 :	0111010011111111;
	6013 :	0111010011111100;
	6012 :	0111010011111010;
	6011 :	0111010011110111;
	6010 :	0111010011110101;
	6009 :	0111010011110010;
	6008 :	0111010011110000;
	6007 :	0111010011101101;
	6006 :	0111010011101010;
	6005 :	0111010011101000;
	6004 :	0111010011100101;
	6003 :	0111010011100011;
	6002 :	0111010011100000;
	6001 :	0111010011011110;
	6000 :	0111010011011011;
	5999 :	0111010011011000;
	5998 :	0111010011010110;
	5997 :	0111010011010011;
	5996 :	0111010011010001;
	5995 :	0111010011001110;
	5994 :	0111010011001100;
	5993 :	0111010011001001;
	5992 :	0111010011000110;
	5991 :	0111010011000100;
	5990 :	0111010011000001;
	5989 :	0111010010111111;
	5988 :	0111010010111100;
	5987 :	0111010010111010;
	5986 :	0111010010110111;
	5985 :	0111010010110100;
	5984 :	0111010010110010;
	5983 :	0111010010101111;
	5982 :	0111010010101101;
	5981 :	0111010010101010;
	5980 :	0111010010101000;
	5979 :	0111010010100101;
	5978 :	0111010010100010;
	5977 :	0111010010100000;
	5976 :	0111010010011101;
	5975 :	0111010010011011;
	5974 :	0111010010011000;
	5973 :	0111010010010101;
	5972 :	0111010010010011;
	5971 :	0111010010010000;
	5970 :	0111010010001110;
	5969 :	0111010010001011;
	5968 :	0111010010001000;
	5967 :	0111010010000110;
	5966 :	0111010010000011;
	5965 :	0111010010000001;
	5964 :	0111010001111110;
	5963 :	0111010001111011;
	5962 :	0111010001111001;
	5961 :	0111010001110110;
	5960 :	0111010001110100;
	5959 :	0111010001110001;
	5958 :	0111010001101110;
	5957 :	0111010001101100;
	5956 :	0111010001101001;
	5955 :	0111010001100111;
	5954 :	0111010001100100;
	5953 :	0111010001100001;
	5952 :	0111010001011111;
	5951 :	0111010001011100;
	5950 :	0111010001011001;
	5949 :	0111010001010111;
	5948 :	0111010001010100;
	5947 :	0111010001010010;
	5946 :	0111010001001111;
	5945 :	0111010001001100;
	5944 :	0111010001001010;
	5943 :	0111010001000111;
	5942 :	0111010001000100;
	5941 :	0111010001000010;
	5940 :	0111010000111111;
	5939 :	0111010000111101;
	5938 :	0111010000111010;
	5937 :	0111010000110111;
	5936 :	0111010000110101;
	5935 :	0111010000110010;
	5934 :	0111010000101111;
	5933 :	0111010000101101;
	5932 :	0111010000101010;
	5931 :	0111010000101000;
	5930 :	0111010000100101;
	5929 :	0111010000100010;
	5928 :	0111010000100000;
	5927 :	0111010000011101;
	5926 :	0111010000011010;
	5925 :	0111010000011000;
	5924 :	0111010000010101;
	5923 :	0111010000010010;
	5922 :	0111010000010000;
	5921 :	0111010000001101;
	5920 :	0111010000001010;
	5919 :	0111010000001000;
	5918 :	0111010000000101;
	5917 :	0111010000000010;
	5916 :	0111010000000000;
	5915 :	0111001111111101;
	5914 :	0111001111111010;
	5913 :	0111001111111000;
	5912 :	0111001111110101;
	5911 :	0111001111110011;
	5910 :	0111001111110000;
	5909 :	0111001111101101;
	5908 :	0111001111101011;
	5907 :	0111001111101000;
	5906 :	0111001111100101;
	5905 :	0111001111100011;
	5904 :	0111001111100000;
	5903 :	0111001111011101;
	5902 :	0111001111011011;
	5901 :	0111001111011000;
	5900 :	0111001111010101;
	5899 :	0111001111010011;
	5898 :	0111001111010000;
	5897 :	0111001111001101;
	5896 :	0111001111001010;
	5895 :	0111001111001000;
	5894 :	0111001111000101;
	5893 :	0111001111000010;
	5892 :	0111001111000000;
	5891 :	0111001110111101;
	5890 :	0111001110111010;
	5889 :	0111001110111000;
	5888 :	0111001110110101;
	5887 :	0111001110110010;
	5886 :	0111001110110000;
	5885 :	0111001110101101;
	5884 :	0111001110101010;
	5883 :	0111001110101000;
	5882 :	0111001110100101;
	5881 :	0111001110100010;
	5880 :	0111001110011111;
	5879 :	0111001110011101;
	5878 :	0111001110011010;
	5877 :	0111001110010111;
	5876 :	0111001110010101;
	5875 :	0111001110010010;
	5874 :	0111001110001111;
	5873 :	0111001110001101;
	5872 :	0111001110001010;
	5871 :	0111001110000111;
	5870 :	0111001110000100;
	5869 :	0111001110000010;
	5868 :	0111001101111111;
	5867 :	0111001101111100;
	5866 :	0111001101111010;
	5865 :	0111001101110111;
	5864 :	0111001101110100;
	5863 :	0111001101110010;
	5862 :	0111001101101111;
	5861 :	0111001101101100;
	5860 :	0111001101101001;
	5859 :	0111001101100111;
	5858 :	0111001101100100;
	5857 :	0111001101100001;
	5856 :	0111001101011110;
	5855 :	0111001101011100;
	5854 :	0111001101011001;
	5853 :	0111001101010110;
	5852 :	0111001101010100;
	5851 :	0111001101010001;
	5850 :	0111001101001110;
	5849 :	0111001101001011;
	5848 :	0111001101001001;
	5847 :	0111001101000110;
	5846 :	0111001101000011;
	5845 :	0111001101000000;
	5844 :	0111001100111110;
	5843 :	0111001100111011;
	5842 :	0111001100111000;
	5841 :	0111001100110110;
	5840 :	0111001100110011;
	5839 :	0111001100110000;
	5838 :	0111001100101101;
	5837 :	0111001100101011;
	5836 :	0111001100101000;
	5835 :	0111001100100101;
	5834 :	0111001100100010;
	5833 :	0111001100100000;
	5832 :	0111001100011101;
	5831 :	0111001100011010;
	5830 :	0111001100010111;
	5829 :	0111001100010101;
	5828 :	0111001100010010;
	5827 :	0111001100001111;
	5826 :	0111001100001100;
	5825 :	0111001100001010;
	5824 :	0111001100000111;
	5823 :	0111001100000100;
	5822 :	0111001100000001;
	5821 :	0111001011111111;
	5820 :	0111001011111100;
	5819 :	0111001011111001;
	5818 :	0111001011110110;
	5817 :	0111001011110100;
	5816 :	0111001011110001;
	5815 :	0111001011101110;
	5814 :	0111001011101011;
	5813 :	0111001011101000;
	5812 :	0111001011100110;
	5811 :	0111001011100011;
	5810 :	0111001011100000;
	5809 :	0111001011011101;
	5808 :	0111001011011011;
	5807 :	0111001011011000;
	5806 :	0111001011010101;
	5805 :	0111001011010010;
	5804 :	0111001011010000;
	5803 :	0111001011001101;
	5802 :	0111001011001010;
	5801 :	0111001011000111;
	5800 :	0111001011000100;
	5799 :	0111001011000010;
	5798 :	0111001010111111;
	5797 :	0111001010111100;
	5796 :	0111001010111001;
	5795 :	0111001010110110;
	5794 :	0111001010110100;
	5793 :	0111001010110001;
	5792 :	0111001010101110;
	5791 :	0111001010101011;
	5790 :	0111001010101001;
	5789 :	0111001010100110;
	5788 :	0111001010100011;
	5787 :	0111001010100000;
	5786 :	0111001010011101;
	5785 :	0111001010011011;
	5784 :	0111001010011000;
	5783 :	0111001010010101;
	5782 :	0111001010010010;
	5781 :	0111001010001111;
	5780 :	0111001010001101;
	5779 :	0111001010001010;
	5778 :	0111001010000111;
	5777 :	0111001010000100;
	5776 :	0111001010000001;
	5775 :	0111001001111111;
	5774 :	0111001001111100;
	5773 :	0111001001111001;
	5772 :	0111001001110110;
	5771 :	0111001001110011;
	5770 :	0111001001110000;
	5769 :	0111001001101110;
	5768 :	0111001001101011;
	5767 :	0111001001101000;
	5766 :	0111001001100101;
	5765 :	0111001001100010;
	5764 :	0111001001100000;
	5763 :	0111001001011101;
	5762 :	0111001001011010;
	5761 :	0111001001010111;
	5760 :	0111001001010100;
	5759 :	0111001001010001;
	5758 :	0111001001001111;
	5757 :	0111001001001100;
	5756 :	0111001001001001;
	5755 :	0111001001000110;
	5754 :	0111001001000011;
	5753 :	0111001001000000;
	5752 :	0111001000111110;
	5751 :	0111001000111011;
	5750 :	0111001000111000;
	5749 :	0111001000110101;
	5748 :	0111001000110010;
	5747 :	0111001000101111;
	5746 :	0111001000101101;
	5745 :	0111001000101010;
	5744 :	0111001000100111;
	5743 :	0111001000100100;
	5742 :	0111001000100001;
	5741 :	0111001000011110;
	5740 :	0111001000011100;
	5739 :	0111001000011001;
	5738 :	0111001000010110;
	5737 :	0111001000010011;
	5736 :	0111001000010000;
	5735 :	0111001000001101;
	5734 :	0111001000001010;
	5733 :	0111001000001000;
	5732 :	0111001000000101;
	5731 :	0111001000000010;
	5730 :	0111000111111111;
	5729 :	0111000111111100;
	5728 :	0111000111111001;
	5727 :	0111000111110110;
	5726 :	0111000111110100;
	5725 :	0111000111110001;
	5724 :	0111000111101110;
	5723 :	0111000111101011;
	5722 :	0111000111101000;
	5721 :	0111000111100101;
	5720 :	0111000111100010;
	5719 :	0111000111100000;
	5718 :	0111000111011101;
	5717 :	0111000111011010;
	5716 :	0111000111010111;
	5715 :	0111000111010100;
	5714 :	0111000111010001;
	5713 :	0111000111001110;
	5712 :	0111000111001011;
	5711 :	0111000111001001;
	5710 :	0111000111000110;
	5709 :	0111000111000011;
	5708 :	0111000111000000;
	5707 :	0111000110111101;
	5706 :	0111000110111010;
	5705 :	0111000110110111;
	5704 :	0111000110110100;
	5703 :	0111000110110010;
	5702 :	0111000110101111;
	5701 :	0111000110101100;
	5700 :	0111000110101001;
	5699 :	0111000110100110;
	5698 :	0111000110100011;
	5697 :	0111000110100000;
	5696 :	0111000110011101;
	5695 :	0111000110011010;
	5694 :	0111000110010111;
	5693 :	0111000110010101;
	5692 :	0111000110010010;
	5691 :	0111000110001111;
	5690 :	0111000110001100;
	5689 :	0111000110001001;
	5688 :	0111000110000110;
	5687 :	0111000110000011;
	5686 :	0111000110000000;
	5685 :	0111000101111101;
	5684 :	0111000101111010;
	5683 :	0111000101111000;
	5682 :	0111000101110101;
	5681 :	0111000101110010;
	5680 :	0111000101101111;
	5679 :	0111000101101100;
	5678 :	0111000101101001;
	5677 :	0111000101100110;
	5676 :	0111000101100011;
	5675 :	0111000101100000;
	5674 :	0111000101011101;
	5673 :	0111000101011010;
	5672 :	0111000101011000;
	5671 :	0111000101010101;
	5670 :	0111000101010010;
	5669 :	0111000101001111;
	5668 :	0111000101001100;
	5667 :	0111000101001001;
	5666 :	0111000101000110;
	5665 :	0111000101000011;
	5664 :	0111000101000000;
	5663 :	0111000100111101;
	5662 :	0111000100111010;
	5661 :	0111000100110111;
	5660 :	0111000100110100;
	5659 :	0111000100110001;
	5658 :	0111000100101111;
	5657 :	0111000100101100;
	5656 :	0111000100101001;
	5655 :	0111000100100110;
	5654 :	0111000100100011;
	5653 :	0111000100100000;
	5652 :	0111000100011101;
	5651 :	0111000100011010;
	5650 :	0111000100010111;
	5649 :	0111000100010100;
	5648 :	0111000100010001;
	5647 :	0111000100001110;
	5646 :	0111000100001011;
	5645 :	0111000100001000;
	5644 :	0111000100000101;
	5643 :	0111000100000010;
	5642 :	0111000011111111;
	5641 :	0111000011111101;
	5640 :	0111000011111010;
	5639 :	0111000011110111;
	5638 :	0111000011110100;
	5637 :	0111000011110001;
	5636 :	0111000011101110;
	5635 :	0111000011101011;
	5634 :	0111000011101000;
	5633 :	0111000011100101;
	5632 :	0111000011100010;
	5631 :	0111000011011111;
	5630 :	0111000011011100;
	5629 :	0111000011011001;
	5628 :	0111000011010110;
	5627 :	0111000011010011;
	5626 :	0111000011010000;
	5625 :	0111000011001101;
	5624 :	0111000011001010;
	5623 :	0111000011000111;
	5622 :	0111000011000100;
	5621 :	0111000011000001;
	5620 :	0111000010111110;
	5619 :	0111000010111011;
	5618 :	0111000010111000;
	5617 :	0111000010110101;
	5616 :	0111000010110010;
	5615 :	0111000010101111;
	5614 :	0111000010101100;
	5613 :	0111000010101001;
	5612 :	0111000010100110;
	5611 :	0111000010100011;
	5610 :	0111000010100000;
	5609 :	0111000010011110;
	5608 :	0111000010011011;
	5607 :	0111000010011000;
	5606 :	0111000010010101;
	5605 :	0111000010010010;
	5604 :	0111000010001111;
	5603 :	0111000010001100;
	5602 :	0111000010001001;
	5601 :	0111000010000110;
	5600 :	0111000010000011;
	5599 :	0111000010000000;
	5598 :	0111000001111101;
	5597 :	0111000001111010;
	5596 :	0111000001110111;
	5595 :	0111000001110100;
	5594 :	0111000001110001;
	5593 :	0111000001101110;
	5592 :	0111000001101011;
	5591 :	0111000001101000;
	5590 :	0111000001100101;
	5589 :	0111000001100010;
	5588 :	0111000001011111;
	5587 :	0111000001011100;
	5586 :	0111000001011001;
	5585 :	0111000001010110;
	5584 :	0111000001010011;
	5583 :	0111000001010000;
	5582 :	0111000001001100;
	5581 :	0111000001001001;
	5580 :	0111000001000110;
	5579 :	0111000001000011;
	5578 :	0111000001000000;
	5577 :	0111000000111101;
	5576 :	0111000000111010;
	5575 :	0111000000110111;
	5574 :	0111000000110100;
	5573 :	0111000000110001;
	5572 :	0111000000101110;
	5571 :	0111000000101011;
	5570 :	0111000000101000;
	5569 :	0111000000100101;
	5568 :	0111000000100010;
	5567 :	0111000000011111;
	5566 :	0111000000011100;
	5565 :	0111000000011001;
	5564 :	0111000000010110;
	5563 :	0111000000010011;
	5562 :	0111000000010000;
	5561 :	0111000000001101;
	5560 :	0111000000001010;
	5559 :	0111000000000111;
	5558 :	0111000000000100;
	5557 :	0111000000000001;
	5556 :	0110111111111110;
	5555 :	0110111111111011;
	5554 :	0110111111111000;
	5553 :	0110111111110101;
	5552 :	0110111111110010;
	5551 :	0110111111101111;
	5550 :	0110111111101011;
	5549 :	0110111111101000;
	5548 :	0110111111100101;
	5547 :	0110111111100010;
	5546 :	0110111111011111;
	5545 :	0110111111011100;
	5544 :	0110111111011001;
	5543 :	0110111111010110;
	5542 :	0110111111010011;
	5541 :	0110111111010000;
	5540 :	0110111111001101;
	5539 :	0110111111001010;
	5538 :	0110111111000111;
	5537 :	0110111111000100;
	5536 :	0110111111000001;
	5535 :	0110111110111110;
	5534 :	0110111110111011;
	5533 :	0110111110111000;
	5532 :	0110111110110100;
	5531 :	0110111110110001;
	5530 :	0110111110101110;
	5529 :	0110111110101011;
	5528 :	0110111110101000;
	5527 :	0110111110100101;
	5526 :	0110111110100010;
	5525 :	0110111110011111;
	5524 :	0110111110011100;
	5523 :	0110111110011001;
	5522 :	0110111110010110;
	5521 :	0110111110010011;
	5520 :	0110111110010000;
	5519 :	0110111110001100;
	5518 :	0110111110001001;
	5517 :	0110111110000110;
	5516 :	0110111110000011;
	5515 :	0110111110000000;
	5514 :	0110111101111101;
	5513 :	0110111101111010;
	5512 :	0110111101110111;
	5511 :	0110111101110100;
	5510 :	0110111101110001;
	5509 :	0110111101101110;
	5508 :	0110111101101011;
	5507 :	0110111101100111;
	5506 :	0110111101100100;
	5505 :	0110111101100001;
	5504 :	0110111101011110;
	5503 :	0110111101011011;
	5502 :	0110111101011000;
	5501 :	0110111101010101;
	5500 :	0110111101010010;
	5499 :	0110111101001111;
	5498 :	0110111101001100;
	5497 :	0110111101001000;
	5496 :	0110111101000101;
	5495 :	0110111101000010;
	5494 :	0110111100111111;
	5493 :	0110111100111100;
	5492 :	0110111100111001;
	5491 :	0110111100110110;
	5490 :	0110111100110011;
	5489 :	0110111100110000;
	5488 :	0110111100101100;
	5487 :	0110111100101001;
	5486 :	0110111100100110;
	5485 :	0110111100100011;
	5484 :	0110111100100000;
	5483 :	0110111100011101;
	5482 :	0110111100011010;
	5481 :	0110111100010111;
	5480 :	0110111100010100;
	5479 :	0110111100010000;
	5478 :	0110111100001101;
	5477 :	0110111100001010;
	5476 :	0110111100000111;
	5475 :	0110111100000100;
	5474 :	0110111100000001;
	5473 :	0110111011111110;
	5472 :	0110111011111011;
	5471 :	0110111011110111;
	5470 :	0110111011110100;
	5469 :	0110111011110001;
	5468 :	0110111011101110;
	5467 :	0110111011101011;
	5466 :	0110111011101000;
	5465 :	0110111011100101;
	5464 :	0110111011100001;
	5463 :	0110111011011110;
	5462 :	0110111011011011;
	5461 :	0110111011011000;
	5460 :	0110111011010101;
	5459 :	0110111011010010;
	5458 :	0110111011001111;
	5457 :	0110111011001011;
	5456 :	0110111011001000;
	5455 :	0110111011000101;
	5454 :	0110111011000010;
	5453 :	0110111010111111;
	5452 :	0110111010111100;
	5451 :	0110111010111001;
	5450 :	0110111010110101;
	5449 :	0110111010110010;
	5448 :	0110111010101111;
	5447 :	0110111010101100;
	5446 :	0110111010101001;
	5445 :	0110111010100110;
	5444 :	0110111010100010;
	5443 :	0110111010011111;
	5442 :	0110111010011100;
	5441 :	0110111010011001;
	5440 :	0110111010010110;
	5439 :	0110111010010011;
	5438 :	0110111010001111;
	5437 :	0110111010001100;
	5436 :	0110111010001001;
	5435 :	0110111010000110;
	5434 :	0110111010000011;
	5433 :	0110111010000000;
	5432 :	0110111001111100;
	5431 :	0110111001111001;
	5430 :	0110111001110110;
	5429 :	0110111001110011;
	5428 :	0110111001110000;
	5427 :	0110111001101101;
	5426 :	0110111001101001;
	5425 :	0110111001100110;
	5424 :	0110111001100011;
	5423 :	0110111001100000;
	5422 :	0110111001011101;
	5421 :	0110111001011001;
	5420 :	0110111001010110;
	5419 :	0110111001010011;
	5418 :	0110111001010000;
	5417 :	0110111001001101;
	5416 :	0110111001001010;
	5415 :	0110111001000110;
	5414 :	0110111001000011;
	5413 :	0110111001000000;
	5412 :	0110111000111101;
	5411 :	0110111000111010;
	5410 :	0110111000110110;
	5409 :	0110111000110011;
	5408 :	0110111000110000;
	5407 :	0110111000101101;
	5406 :	0110111000101010;
	5405 :	0110111000100110;
	5404 :	0110111000100011;
	5403 :	0110111000100000;
	5402 :	0110111000011101;
	5401 :	0110111000011010;
	5400 :	0110111000010110;
	5399 :	0110111000010011;
	5398 :	0110111000010000;
	5397 :	0110111000001101;
	5396 :	0110111000001010;
	5395 :	0110111000000110;
	5394 :	0110111000000011;
	5393 :	0110111000000000;
	5392 :	0110110111111101;
	5391 :	0110110111111010;
	5390 :	0110110111110110;
	5389 :	0110110111110011;
	5388 :	0110110111110000;
	5387 :	0110110111101101;
	5386 :	0110110111101001;
	5385 :	0110110111100110;
	5384 :	0110110111100011;
	5383 :	0110110111100000;
	5382 :	0110110111011101;
	5381 :	0110110111011001;
	5380 :	0110110111010110;
	5379 :	0110110111010011;
	5378 :	0110110111010000;
	5377 :	0110110111001100;
	5376 :	0110110111001001;
	5375 :	0110110111000110;
	5374 :	0110110111000011;
	5373 :	0110110110111111;
	5372 :	0110110110111100;
	5371 :	0110110110111001;
	5370 :	0110110110110110;
	5369 :	0110110110110011;
	5368 :	0110110110101111;
	5367 :	0110110110101100;
	5366 :	0110110110101001;
	5365 :	0110110110100110;
	5364 :	0110110110100010;
	5363 :	0110110110011111;
	5362 :	0110110110011100;
	5361 :	0110110110011001;
	5360 :	0110110110010101;
	5359 :	0110110110010010;
	5358 :	0110110110001111;
	5357 :	0110110110001100;
	5356 :	0110110110001000;
	5355 :	0110110110000101;
	5354 :	0110110110000010;
	5353 :	0110110101111111;
	5352 :	0110110101111011;
	5351 :	0110110101111000;
	5350 :	0110110101110101;
	5349 :	0110110101110010;
	5348 :	0110110101101110;
	5347 :	0110110101101011;
	5346 :	0110110101101000;
	5345 :	0110110101100101;
	5344 :	0110110101100001;
	5343 :	0110110101011110;
	5342 :	0110110101011011;
	5341 :	0110110101011000;
	5340 :	0110110101010100;
	5339 :	0110110101010001;
	5338 :	0110110101001110;
	5337 :	0110110101001010;
	5336 :	0110110101000111;
	5335 :	0110110101000100;
	5334 :	0110110101000001;
	5333 :	0110110100111101;
	5332 :	0110110100111010;
	5331 :	0110110100110111;
	5330 :	0110110100110100;
	5329 :	0110110100110000;
	5328 :	0110110100101101;
	5327 :	0110110100101010;
	5326 :	0110110100100110;
	5325 :	0110110100100011;
	5324 :	0110110100100000;
	5323 :	0110110100011101;
	5322 :	0110110100011001;
	5321 :	0110110100010110;
	5320 :	0110110100010011;
	5319 :	0110110100001111;
	5318 :	0110110100001100;
	5317 :	0110110100001001;
	5316 :	0110110100000110;
	5315 :	0110110100000010;
	5314 :	0110110011111111;
	5313 :	0110110011111100;
	5312 :	0110110011111000;
	5311 :	0110110011110101;
	5310 :	0110110011110010;
	5309 :	0110110011101110;
	5308 :	0110110011101011;
	5307 :	0110110011101000;
	5306 :	0110110011100101;
	5305 :	0110110011100001;
	5304 :	0110110011011110;
	5303 :	0110110011011011;
	5302 :	0110110011010111;
	5301 :	0110110011010100;
	5300 :	0110110011010001;
	5299 :	0110110011001101;
	5298 :	0110110011001010;
	5297 :	0110110011000111;
	5296 :	0110110011000011;
	5295 :	0110110011000000;
	5294 :	0110110010111101;
	5293 :	0110110010111010;
	5292 :	0110110010110110;
	5291 :	0110110010110011;
	5290 :	0110110010110000;
	5289 :	0110110010101100;
	5288 :	0110110010101001;
	5287 :	0110110010100110;
	5286 :	0110110010100010;
	5285 :	0110110010011111;
	5284 :	0110110010011100;
	5283 :	0110110010011000;
	5282 :	0110110010010101;
	5281 :	0110110010010010;
	5280 :	0110110010001110;
	5279 :	0110110010001011;
	5278 :	0110110010001000;
	5277 :	0110110010000100;
	5276 :	0110110010000001;
	5275 :	0110110001111110;
	5274 :	0110110001111010;
	5273 :	0110110001110111;
	5272 :	0110110001110100;
	5271 :	0110110001110000;
	5270 :	0110110001101101;
	5269 :	0110110001101010;
	5268 :	0110110001100110;
	5267 :	0110110001100011;
	5266 :	0110110001100000;
	5265 :	0110110001011100;
	5264 :	0110110001011001;
	5263 :	0110110001010110;
	5262 :	0110110001010010;
	5261 :	0110110001001111;
	5260 :	0110110001001100;
	5259 :	0110110001001000;
	5258 :	0110110001000101;
	5257 :	0110110001000010;
	5256 :	0110110000111110;
	5255 :	0110110000111011;
	5254 :	0110110000110111;
	5253 :	0110110000110100;
	5252 :	0110110000110001;
	5251 :	0110110000101101;
	5250 :	0110110000101010;
	5249 :	0110110000100111;
	5248 :	0110110000100011;
	5247 :	0110110000100000;
	5246 :	0110110000011101;
	5245 :	0110110000011001;
	5244 :	0110110000010110;
	5243 :	0110110000010010;
	5242 :	0110110000001111;
	5241 :	0110110000001100;
	5240 :	0110110000001000;
	5239 :	0110110000000101;
	5238 :	0110110000000010;
	5237 :	0110101111111110;
	5236 :	0110101111111011;
	5235 :	0110101111111000;
	5234 :	0110101111110100;
	5233 :	0110101111110001;
	5232 :	0110101111101101;
	5231 :	0110101111101010;
	5230 :	0110101111100111;
	5229 :	0110101111100011;
	5228 :	0110101111100000;
	5227 :	0110101111011101;
	5226 :	0110101111011001;
	5225 :	0110101111010110;
	5224 :	0110101111010010;
	5223 :	0110101111001111;
	5222 :	0110101111001100;
	5221 :	0110101111001000;
	5220 :	0110101111000101;
	5219 :	0110101111000001;
	5218 :	0110101110111110;
	5217 :	0110101110111011;
	5216 :	0110101110110111;
	5215 :	0110101110110100;
	5214 :	0110101110110000;
	5213 :	0110101110101101;
	5212 :	0110101110101010;
	5211 :	0110101110100110;
	5210 :	0110101110100011;
	5209 :	0110101110011111;
	5208 :	0110101110011100;
	5207 :	0110101110011001;
	5206 :	0110101110010101;
	5205 :	0110101110010010;
	5204 :	0110101110001110;
	5203 :	0110101110001011;
	5202 :	0110101110001000;
	5201 :	0110101110000100;
	5200 :	0110101110000001;
	5199 :	0110101101111101;
	5198 :	0110101101111010;
	5197 :	0110101101110111;
	5196 :	0110101101110011;
	5195 :	0110101101110000;
	5194 :	0110101101101100;
	5193 :	0110101101101001;
	5192 :	0110101101100101;
	5191 :	0110101101100010;
	5190 :	0110101101011111;
	5189 :	0110101101011011;
	5188 :	0110101101011000;
	5187 :	0110101101010100;
	5186 :	0110101101010001;
	5185 :	0110101101001110;
	5184 :	0110101101001010;
	5183 :	0110101101000111;
	5182 :	0110101101000011;
	5181 :	0110101101000000;
	5180 :	0110101100111100;
	5179 :	0110101100111001;
	5178 :	0110101100110110;
	5177 :	0110101100110010;
	5176 :	0110101100101111;
	5175 :	0110101100101011;
	5174 :	0110101100101000;
	5173 :	0110101100100100;
	5172 :	0110101100100001;
	5171 :	0110101100011101;
	5170 :	0110101100011010;
	5169 :	0110101100010111;
	5168 :	0110101100010011;
	5167 :	0110101100010000;
	5166 :	0110101100001100;
	5165 :	0110101100001001;
	5164 :	0110101100000101;
	5163 :	0110101100000010;
	5162 :	0110101011111110;
	5161 :	0110101011111011;
	5160 :	0110101011111000;
	5159 :	0110101011110100;
	5158 :	0110101011110001;
	5157 :	0110101011101101;
	5156 :	0110101011101010;
	5155 :	0110101011100110;
	5154 :	0110101011100011;
	5153 :	0110101011011111;
	5152 :	0110101011011100;
	5151 :	0110101011011000;
	5150 :	0110101011010101;
	5149 :	0110101011010010;
	5148 :	0110101011001110;
	5147 :	0110101011001011;
	5146 :	0110101011000111;
	5145 :	0110101011000100;
	5144 :	0110101011000000;
	5143 :	0110101010111101;
	5142 :	0110101010111001;
	5141 :	0110101010110110;
	5140 :	0110101010110010;
	5139 :	0110101010101111;
	5138 :	0110101010101011;
	5137 :	0110101010101000;
	5136 :	0110101010100100;
	5135 :	0110101010100001;
	5134 :	0110101010011110;
	5133 :	0110101010011010;
	5132 :	0110101010010111;
	5131 :	0110101010010011;
	5130 :	0110101010010000;
	5129 :	0110101010001100;
	5128 :	0110101010001001;
	5127 :	0110101010000101;
	5126 :	0110101010000010;
	5125 :	0110101001111110;
	5124 :	0110101001111011;
	5123 :	0110101001110111;
	5122 :	0110101001110100;
	5121 :	0110101001110000;
	5120 :	0110101001101101;
	5119 :	0110101001101001;
	5118 :	0110101001100110;
	5117 :	0110101001100010;
	5116 :	0110101001011111;
	5115 :	0110101001011011;
	5114 :	0110101001011000;
	5113 :	0110101001010100;
	5112 :	0110101001010001;
	5111 :	0110101001001101;
	5110 :	0110101001001010;
	5109 :	0110101001000110;
	5108 :	0110101001000011;
	5107 :	0110101000111111;
	5106 :	0110101000111100;
	5105 :	0110101000111000;
	5104 :	0110101000110101;
	5103 :	0110101000110001;
	5102 :	0110101000101110;
	5101 :	0110101000101010;
	5100 :	0110101000100111;
	5099 :	0110101000100011;
	5098 :	0110101000100000;
	5097 :	0110101000011100;
	5096 :	0110101000011001;
	5095 :	0110101000010101;
	5094 :	0110101000010010;
	5093 :	0110101000001110;
	5092 :	0110101000001011;
	5091 :	0110101000000111;
	5090 :	0110101000000100;
	5089 :	0110101000000000;
	5088 :	0110100111111101;
	5087 :	0110100111111001;
	5086 :	0110100111110110;
	5085 :	0110100111110010;
	5084 :	0110100111101110;
	5083 :	0110100111101011;
	5082 :	0110100111100111;
	5081 :	0110100111100100;
	5080 :	0110100111100000;
	5079 :	0110100111011101;
	5078 :	0110100111011001;
	5077 :	0110100111010110;
	5076 :	0110100111010010;
	5075 :	0110100111001111;
	5074 :	0110100111001011;
	5073 :	0110100111001000;
	5072 :	0110100111000100;
	5071 :	0110100111000001;
	5070 :	0110100110111101;
	5069 :	0110100110111001;
	5068 :	0110100110110110;
	5067 :	0110100110110010;
	5066 :	0110100110101111;
	5065 :	0110100110101011;
	5064 :	0110100110101000;
	5063 :	0110100110100100;
	5062 :	0110100110100001;
	5061 :	0110100110011101;
	5060 :	0110100110011010;
	5059 :	0110100110010110;
	5058 :	0110100110010010;
	5057 :	0110100110001111;
	5056 :	0110100110001011;
	5055 :	0110100110001000;
	5054 :	0110100110000100;
	5053 :	0110100110000001;
	5052 :	0110100101111101;
	5051 :	0110100101111010;
	5050 :	0110100101110110;
	5049 :	0110100101110010;
	5048 :	0110100101101111;
	5047 :	0110100101101011;
	5046 :	0110100101101000;
	5045 :	0110100101100100;
	5044 :	0110100101100001;
	5043 :	0110100101011101;
	5042 :	0110100101011001;
	5041 :	0110100101010110;
	5040 :	0110100101010010;
	5039 :	0110100101001111;
	5038 :	0110100101001011;
	5037 :	0110100101001000;
	5036 :	0110100101000100;
	5035 :	0110100101000000;
	5034 :	0110100100111101;
	5033 :	0110100100111001;
	5032 :	0110100100110110;
	5031 :	0110100100110010;
	5030 :	0110100100101111;
	5029 :	0110100100101011;
	5028 :	0110100100100111;
	5027 :	0110100100100100;
	5026 :	0110100100100000;
	5025 :	0110100100011101;
	5024 :	0110100100011001;
	5023 :	0110100100010101;
	5022 :	0110100100010010;
	5021 :	0110100100001110;
	5020 :	0110100100001011;
	5019 :	0110100100000111;
	5018 :	0110100100000100;
	5017 :	0110100100000000;
	5016 :	0110100011111100;
	5015 :	0110100011111001;
	5014 :	0110100011110101;
	5013 :	0110100011110010;
	5012 :	0110100011101110;
	5011 :	0110100011101010;
	5010 :	0110100011100111;
	5009 :	0110100011100011;
	5008 :	0110100011100000;
	5007 :	0110100011011100;
	5006 :	0110100011011000;
	5005 :	0110100011010101;
	5004 :	0110100011010001;
	5003 :	0110100011001110;
	5002 :	0110100011001010;
	5001 :	0110100011000110;
	5000 :	0110100011000011;
	4999 :	0110100010111111;
	4998 :	0110100010111011;
	4997 :	0110100010111000;
	4996 :	0110100010110100;
	4995 :	0110100010110001;
	4994 :	0110100010101101;
	4993 :	0110100010101001;
	4992 :	0110100010100110;
	4991 :	0110100010100010;
	4990 :	0110100010011111;
	4989 :	0110100010011011;
	4988 :	0110100010010111;
	4987 :	0110100010010100;
	4986 :	0110100010010000;
	4985 :	0110100010001100;
	4984 :	0110100010001001;
	4983 :	0110100010000101;
	4982 :	0110100010000010;
	4981 :	0110100001111110;
	4980 :	0110100001111010;
	4979 :	0110100001110111;
	4978 :	0110100001110011;
	4977 :	0110100001101111;
	4976 :	0110100001101100;
	4975 :	0110100001101000;
	4974 :	0110100001100101;
	4973 :	0110100001100001;
	4972 :	0110100001011101;
	4971 :	0110100001011010;
	4970 :	0110100001010110;
	4969 :	0110100001010010;
	4968 :	0110100001001111;
	4967 :	0110100001001011;
	4966 :	0110100001000111;
	4965 :	0110100001000100;
	4964 :	0110100001000000;
	4963 :	0110100000111100;
	4962 :	0110100000111001;
	4961 :	0110100000110101;
	4960 :	0110100000110010;
	4959 :	0110100000101110;
	4958 :	0110100000101010;
	4957 :	0110100000100111;
	4956 :	0110100000100011;
	4955 :	0110100000011111;
	4954 :	0110100000011100;
	4953 :	0110100000011000;
	4952 :	0110100000010100;
	4951 :	0110100000010001;
	4950 :	0110100000001101;
	4949 :	0110100000001001;
	4948 :	0110100000000110;
	4947 :	0110100000000010;
	4946 :	0110011111111110;
	4945 :	0110011111111011;
	4944 :	0110011111110111;
	4943 :	0110011111110011;
	4942 :	0110011111110000;
	4941 :	0110011111101100;
	4940 :	0110011111101000;
	4939 :	0110011111100101;
	4938 :	0110011111100001;
	4937 :	0110011111011101;
	4936 :	0110011111011010;
	4935 :	0110011111010110;
	4934 :	0110011111010010;
	4933 :	0110011111001111;
	4932 :	0110011111001011;
	4931 :	0110011111000111;
	4930 :	0110011111000100;
	4929 :	0110011111000000;
	4928 :	0110011110111100;
	4927 :	0110011110111001;
	4926 :	0110011110110101;
	4925 :	0110011110110001;
	4924 :	0110011110101110;
	4923 :	0110011110101010;
	4922 :	0110011110100110;
	4921 :	0110011110100010;
	4920 :	0110011110011111;
	4919 :	0110011110011011;
	4918 :	0110011110010111;
	4917 :	0110011110010100;
	4916 :	0110011110010000;
	4915 :	0110011110001100;
	4914 :	0110011110001001;
	4913 :	0110011110000101;
	4912 :	0110011110000001;
	4911 :	0110011101111110;
	4910 :	0110011101111010;
	4909 :	0110011101110110;
	4908 :	0110011101110010;
	4907 :	0110011101101111;
	4906 :	0110011101101011;
	4905 :	0110011101100111;
	4904 :	0110011101100100;
	4903 :	0110011101100000;
	4902 :	0110011101011100;
	4901 :	0110011101011001;
	4900 :	0110011101010101;
	4899 :	0110011101010001;
	4898 :	0110011101001101;
	4897 :	0110011101001010;
	4896 :	0110011101000110;
	4895 :	0110011101000010;
	4894 :	0110011100111111;
	4893 :	0110011100111011;
	4892 :	0110011100110111;
	4891 :	0110011100110011;
	4890 :	0110011100110000;
	4889 :	0110011100101100;
	4888 :	0110011100101000;
	4887 :	0110011100100101;
	4886 :	0110011100100001;
	4885 :	0110011100011101;
	4884 :	0110011100011001;
	4883 :	0110011100010110;
	4882 :	0110011100010010;
	4881 :	0110011100001110;
	4880 :	0110011100001010;
	4879 :	0110011100000111;
	4878 :	0110011100000011;
	4877 :	0110011011111111;
	4876 :	0110011011111100;
	4875 :	0110011011111000;
	4874 :	0110011011110100;
	4873 :	0110011011110000;
	4872 :	0110011011101101;
	4871 :	0110011011101001;
	4870 :	0110011011100101;
	4869 :	0110011011100001;
	4868 :	0110011011011110;
	4867 :	0110011011011010;
	4866 :	0110011011010110;
	4865 :	0110011011010010;
	4864 :	0110011011001111;
	4863 :	0110011011001011;
	4862 :	0110011011000111;
	4861 :	0110011011000011;
	4860 :	0110011011000000;
	4859 :	0110011010111100;
	4858 :	0110011010111000;
	4857 :	0110011010110100;
	4856 :	0110011010110001;
	4855 :	0110011010101101;
	4854 :	0110011010101001;
	4853 :	0110011010100101;
	4852 :	0110011010100010;
	4851 :	0110011010011110;
	4850 :	0110011010011010;
	4849 :	0110011010010110;
	4848 :	0110011010010011;
	4847 :	0110011010001111;
	4846 :	0110011010001011;
	4845 :	0110011010000111;
	4844 :	0110011010000100;
	4843 :	0110011010000000;
	4842 :	0110011001111100;
	4841 :	0110011001111000;
	4840 :	0110011001110101;
	4839 :	0110011001110001;
	4838 :	0110011001101101;
	4837 :	0110011001101001;
	4836 :	0110011001100110;
	4835 :	0110011001100010;
	4834 :	0110011001011110;
	4833 :	0110011001011010;
	4832 :	0110011001010110;
	4831 :	0110011001010011;
	4830 :	0110011001001111;
	4829 :	0110011001001011;
	4828 :	0110011001000111;
	4827 :	0110011001000100;
	4826 :	0110011001000000;
	4825 :	0110011000111100;
	4824 :	0110011000111000;
	4823 :	0110011000110100;
	4822 :	0110011000110001;
	4821 :	0110011000101101;
	4820 :	0110011000101001;
	4819 :	0110011000100101;
	4818 :	0110011000100010;
	4817 :	0110011000011110;
	4816 :	0110011000011010;
	4815 :	0110011000010110;
	4814 :	0110011000010010;
	4813 :	0110011000001111;
	4812 :	0110011000001011;
	4811 :	0110011000000111;
	4810 :	0110011000000011;
	4809 :	0110010111111111;
	4808 :	0110010111111100;
	4807 :	0110010111111000;
	4806 :	0110010111110100;
	4805 :	0110010111110000;
	4804 :	0110010111101100;
	4803 :	0110010111101001;
	4802 :	0110010111100101;
	4801 :	0110010111100001;
	4800 :	0110010111011101;
	4799 :	0110010111011001;
	4798 :	0110010111010110;
	4797 :	0110010111010010;
	4796 :	0110010111001110;
	4795 :	0110010111001010;
	4794 :	0110010111000110;
	4793 :	0110010111000011;
	4792 :	0110010110111111;
	4791 :	0110010110111011;
	4790 :	0110010110110111;
	4789 :	0110010110110011;
	4788 :	0110010110101111;
	4787 :	0110010110101100;
	4786 :	0110010110101000;
	4785 :	0110010110100100;
	4784 :	0110010110100000;
	4783 :	0110010110011100;
	4782 :	0110010110011001;
	4781 :	0110010110010101;
	4780 :	0110010110010001;
	4779 :	0110010110001101;
	4778 :	0110010110001001;
	4777 :	0110010110000101;
	4776 :	0110010110000010;
	4775 :	0110010101111110;
	4774 :	0110010101111010;
	4773 :	0110010101110110;
	4772 :	0110010101110010;
	4771 :	0110010101101110;
	4770 :	0110010101101011;
	4769 :	0110010101100111;
	4768 :	0110010101100011;
	4767 :	0110010101011111;
	4766 :	0110010101011011;
	4765 :	0110010101010111;
	4764 :	0110010101010100;
	4763 :	0110010101010000;
	4762 :	0110010101001100;
	4761 :	0110010101001000;
	4760 :	0110010101000100;
	4759 :	0110010101000000;
	4758 :	0110010100111101;
	4757 :	0110010100111001;
	4756 :	0110010100110101;
	4755 :	0110010100110001;
	4754 :	0110010100101101;
	4753 :	0110010100101001;
	4752 :	0110010100100101;
	4751 :	0110010100100010;
	4750 :	0110010100011110;
	4749 :	0110010100011010;
	4748 :	0110010100010110;
	4747 :	0110010100010010;
	4746 :	0110010100001110;
	4745 :	0110010100001010;
	4744 :	0110010100000111;
	4743 :	0110010100000011;
	4742 :	0110010011111111;
	4741 :	0110010011111011;
	4740 :	0110010011110111;
	4739 :	0110010011110011;
	4738 :	0110010011101111;
	4737 :	0110010011101100;
	4736 :	0110010011101000;
	4735 :	0110010011100100;
	4734 :	0110010011100000;
	4733 :	0110010011011100;
	4732 :	0110010011011000;
	4731 :	0110010011010100;
	4730 :	0110010011010001;
	4729 :	0110010011001101;
	4728 :	0110010011001001;
	4727 :	0110010011000101;
	4726 :	0110010011000001;
	4725 :	0110010010111101;
	4724 :	0110010010111001;
	4723 :	0110010010110101;
	4722 :	0110010010110010;
	4721 :	0110010010101110;
	4720 :	0110010010101010;
	4719 :	0110010010100110;
	4718 :	0110010010100010;
	4717 :	0110010010011110;
	4716 :	0110010010011010;
	4715 :	0110010010010110;
	4714 :	0110010010010010;
	4713 :	0110010010001111;
	4712 :	0110010010001011;
	4711 :	0110010010000111;
	4710 :	0110010010000011;
	4709 :	0110010001111111;
	4708 :	0110010001111011;
	4707 :	0110010001110111;
	4706 :	0110010001110011;
	4705 :	0110010001101111;
	4704 :	0110010001101100;
	4703 :	0110010001101000;
	4702 :	0110010001100100;
	4701 :	0110010001100000;
	4700 :	0110010001011100;
	4699 :	0110010001011000;
	4698 :	0110010001010100;
	4697 :	0110010001010000;
	4696 :	0110010001001100;
	4695 :	0110010001001000;
	4694 :	0110010001000101;
	4693 :	0110010001000001;
	4692 :	0110010000111101;
	4691 :	0110010000111001;
	4690 :	0110010000110101;
	4689 :	0110010000110001;
	4688 :	0110010000101101;
	4687 :	0110010000101001;
	4686 :	0110010000100101;
	4685 :	0110010000100001;
	4684 :	0110010000011101;
	4683 :	0110010000011010;
	4682 :	0110010000010110;
	4681 :	0110010000010010;
	4680 :	0110010000001110;
	4679 :	0110010000001010;
	4678 :	0110010000000110;
	4677 :	0110010000000010;
	4676 :	0110001111111110;
	4675 :	0110001111111010;
	4674 :	0110001111110110;
	4673 :	0110001111110010;
	4672 :	0110001111101110;
	4671 :	0110001111101010;
	4670 :	0110001111100111;
	4669 :	0110001111100011;
	4668 :	0110001111011111;
	4667 :	0110001111011011;
	4666 :	0110001111010111;
	4665 :	0110001111010011;
	4664 :	0110001111001111;
	4663 :	0110001111001011;
	4662 :	0110001111000111;
	4661 :	0110001111000011;
	4660 :	0110001110111111;
	4659 :	0110001110111011;
	4658 :	0110001110110111;
	4657 :	0110001110110011;
	4656 :	0110001110101111;
	4655 :	0110001110101100;
	4654 :	0110001110101000;
	4653 :	0110001110100100;
	4652 :	0110001110100000;
	4651 :	0110001110011100;
	4650 :	0110001110011000;
	4649 :	0110001110010100;
	4648 :	0110001110010000;
	4647 :	0110001110001100;
	4646 :	0110001110001000;
	4645 :	0110001110000100;
	4644 :	0110001110000000;
	4643 :	0110001101111100;
	4642 :	0110001101111000;
	4641 :	0110001101110100;
	4640 :	0110001101110000;
	4639 :	0110001101101100;
	4638 :	0110001101101000;
	4637 :	0110001101100100;
	4636 :	0110001101100000;
	4635 :	0110001101011101;
	4634 :	0110001101011001;
	4633 :	0110001101010101;
	4632 :	0110001101010001;
	4631 :	0110001101001101;
	4630 :	0110001101001001;
	4629 :	0110001101000101;
	4628 :	0110001101000001;
	4627 :	0110001100111101;
	4626 :	0110001100111001;
	4625 :	0110001100110101;
	4624 :	0110001100110001;
	4623 :	0110001100101101;
	4622 :	0110001100101001;
	4621 :	0110001100100101;
	4620 :	0110001100100001;
	4619 :	0110001100011101;
	4618 :	0110001100011001;
	4617 :	0110001100010101;
	4616 :	0110001100010001;
	4615 :	0110001100001101;
	4614 :	0110001100001001;
	4613 :	0110001100000101;
	4612 :	0110001100000001;
	4611 :	0110001011111101;
	4610 :	0110001011111001;
	4609 :	0110001011110101;
	4608 :	0110001011110001;
	4607 :	0110001011101101;
	4606 :	0110001011101001;
	4605 :	0110001011100101;
	4604 :	0110001011100001;
	4603 :	0110001011011101;
	4602 :	0110001011011001;
	4601 :	0110001011010101;
	4600 :	0110001011010001;
	4599 :	0110001011001101;
	4598 :	0110001011001001;
	4597 :	0110001011000101;
	4596 :	0110001011000001;
	4595 :	0110001010111101;
	4594 :	0110001010111001;
	4593 :	0110001010110101;
	4592 :	0110001010110001;
	4591 :	0110001010101101;
	4590 :	0110001010101001;
	4589 :	0110001010100101;
	4588 :	0110001010100001;
	4587 :	0110001010011101;
	4586 :	0110001010011001;
	4585 :	0110001010010101;
	4584 :	0110001010010001;
	4583 :	0110001010001101;
	4582 :	0110001010001001;
	4581 :	0110001010000101;
	4580 :	0110001010000001;
	4579 :	0110001001111101;
	4578 :	0110001001111001;
	4577 :	0110001001110101;
	4576 :	0110001001110001;
	4575 :	0110001001101101;
	4574 :	0110001001101001;
	4573 :	0110001001100101;
	4572 :	0110001001100001;
	4571 :	0110001001011101;
	4570 :	0110001001011001;
	4569 :	0110001001010101;
	4568 :	0110001001010001;
	4567 :	0110001001001101;
	4566 :	0110001001001001;
	4565 :	0110001001000101;
	4564 :	0110001001000001;
	4563 :	0110001000111101;
	4562 :	0110001000111001;
	4561 :	0110001000110101;
	4560 :	0110001000110001;
	4559 :	0110001000101101;
	4558 :	0110001000101001;
	4557 :	0110001000100101;
	4556 :	0110001000100001;
	4555 :	0110001000011101;
	4554 :	0110001000011001;
	4553 :	0110001000010101;
	4552 :	0110001000010001;
	4551 :	0110001000001101;
	4550 :	0110001000001000;
	4549 :	0110001000000100;
	4548 :	0110001000000000;
	4547 :	0110000111111100;
	4546 :	0110000111111000;
	4545 :	0110000111110100;
	4544 :	0110000111110000;
	4543 :	0110000111101100;
	4542 :	0110000111101000;
	4541 :	0110000111100100;
	4540 :	0110000111100000;
	4539 :	0110000111011100;
	4538 :	0110000111011000;
	4537 :	0110000111010100;
	4536 :	0110000111010000;
	4535 :	0110000111001100;
	4534 :	0110000111001000;
	4533 :	0110000111000100;
	4532 :	0110000111000000;
	4531 :	0110000110111100;
	4530 :	0110000110111000;
	4529 :	0110000110110011;
	4528 :	0110000110101111;
	4527 :	0110000110101011;
	4526 :	0110000110100111;
	4525 :	0110000110100011;
	4524 :	0110000110011111;
	4523 :	0110000110011011;
	4522 :	0110000110010111;
	4521 :	0110000110010011;
	4520 :	0110000110001111;
	4519 :	0110000110001011;
	4518 :	0110000110000111;
	4517 :	0110000110000011;
	4516 :	0110000101111111;
	4515 :	0110000101111011;
	4514 :	0110000101110110;
	4513 :	0110000101110010;
	4512 :	0110000101101110;
	4511 :	0110000101101010;
	4510 :	0110000101100110;
	4509 :	0110000101100010;
	4508 :	0110000101011110;
	4507 :	0110000101011010;
	4506 :	0110000101010110;
	4505 :	0110000101010010;
	4504 :	0110000101001110;
	4503 :	0110000101001010;
	4502 :	0110000101000110;
	4501 :	0110000101000001;
	4500 :	0110000100111101;
	4499 :	0110000100111001;
	4498 :	0110000100110101;
	4497 :	0110000100110001;
	4496 :	0110000100101101;
	4495 :	0110000100101001;
	4494 :	0110000100100101;
	4493 :	0110000100100001;
	4492 :	0110000100011101;
	4491 :	0110000100011001;
	4490 :	0110000100010100;
	4489 :	0110000100010000;
	4488 :	0110000100001100;
	4487 :	0110000100001000;
	4486 :	0110000100000100;
	4485 :	0110000100000000;
	4484 :	0110000011111100;
	4483 :	0110000011111000;
	4482 :	0110000011110100;
	4481 :	0110000011110000;
	4480 :	0110000011101011;
	4479 :	0110000011100111;
	4478 :	0110000011100011;
	4477 :	0110000011011111;
	4476 :	0110000011011011;
	4475 :	0110000011010111;
	4474 :	0110000011010011;
	4473 :	0110000011001111;
	4472 :	0110000011001011;
	4471 :	0110000011000110;
	4470 :	0110000011000010;
	4469 :	0110000010111110;
	4468 :	0110000010111010;
	4467 :	0110000010110110;
	4466 :	0110000010110010;
	4465 :	0110000010101110;
	4464 :	0110000010101010;
	4463 :	0110000010100110;
	4462 :	0110000010100001;
	4461 :	0110000010011101;
	4460 :	0110000010011001;
	4459 :	0110000010010101;
	4458 :	0110000010010001;
	4457 :	0110000010001101;
	4456 :	0110000010001001;
	4455 :	0110000010000101;
	4454 :	0110000010000000;
	4453 :	0110000001111100;
	4452 :	0110000001111000;
	4451 :	0110000001110100;
	4450 :	0110000001110000;
	4449 :	0110000001101100;
	4448 :	0110000001101000;
	4447 :	0110000001100100;
	4446 :	0110000001011111;
	4445 :	0110000001011011;
	4444 :	0110000001010111;
	4443 :	0110000001010011;
	4442 :	0110000001001111;
	4441 :	0110000001001011;
	4440 :	0110000001000111;
	4439 :	0110000001000010;
	4438 :	0110000000111110;
	4437 :	0110000000111010;
	4436 :	0110000000110110;
	4435 :	0110000000110010;
	4434 :	0110000000101110;
	4433 :	0110000000101010;
	4432 :	0110000000100101;
	4431 :	0110000000100001;
	4430 :	0110000000011101;
	4429 :	0110000000011001;
	4428 :	0110000000010101;
	4427 :	0110000000010001;
	4426 :	0110000000001101;
	4425 :	0110000000001000;
	4424 :	0110000000000100;
	4423 :	0110000000000000;
	4422 :	0101111111111100;
	4421 :	0101111111111000;
	4420 :	0101111111110100;
	4419 :	0101111111101111;
	4418 :	0101111111101011;
	4417 :	0101111111100111;
	4416 :	0101111111100011;
	4415 :	0101111111011111;
	4414 :	0101111111011011;
	4413 :	0101111111010110;
	4412 :	0101111111010010;
	4411 :	0101111111001110;
	4410 :	0101111111001010;
	4409 :	0101111111000110;
	4408 :	0101111111000010;
	4407 :	0101111110111101;
	4406 :	0101111110111001;
	4405 :	0101111110110101;
	4404 :	0101111110110001;
	4403 :	0101111110101101;
	4402 :	0101111110101001;
	4401 :	0101111110100100;
	4400 :	0101111110100000;
	4399 :	0101111110011100;
	4398 :	0101111110011000;
	4397 :	0101111110010100;
	4396 :	0101111110010000;
	4395 :	0101111110001011;
	4394 :	0101111110000111;
	4393 :	0101111110000011;
	4392 :	0101111101111111;
	4391 :	0101111101111011;
	4390 :	0101111101110110;
	4389 :	0101111101110010;
	4388 :	0101111101101110;
	4387 :	0101111101101010;
	4386 :	0101111101100110;
	4385 :	0101111101100001;
	4384 :	0101111101011101;
	4383 :	0101111101011001;
	4382 :	0101111101010101;
	4381 :	0101111101010001;
	4380 :	0101111101001101;
	4379 :	0101111101001000;
	4378 :	0101111101000100;
	4377 :	0101111101000000;
	4376 :	0101111100111100;
	4375 :	0101111100111000;
	4374 :	0101111100110011;
	4373 :	0101111100101111;
	4372 :	0101111100101011;
	4371 :	0101111100100111;
	4370 :	0101111100100011;
	4369 :	0101111100011110;
	4368 :	0101111100011010;
	4367 :	0101111100010110;
	4366 :	0101111100010010;
	4365 :	0101111100001110;
	4364 :	0101111100001001;
	4363 :	0101111100000101;
	4362 :	0101111100000001;
	4361 :	0101111011111101;
	4360 :	0101111011111000;
	4359 :	0101111011110100;
	4358 :	0101111011110000;
	4357 :	0101111011101100;
	4356 :	0101111011101000;
	4355 :	0101111011100011;
	4354 :	0101111011011111;
	4353 :	0101111011011011;
	4352 :	0101111011010111;
	4351 :	0101111011010011;
	4350 :	0101111011001110;
	4349 :	0101111011001010;
	4348 :	0101111011000110;
	4347 :	0101111011000010;
	4346 :	0101111010111101;
	4345 :	0101111010111001;
	4344 :	0101111010110101;
	4343 :	0101111010110001;
	4342 :	0101111010101101;
	4341 :	0101111010101000;
	4340 :	0101111010100100;
	4339 :	0101111010100000;
	4338 :	0101111010011100;
	4337 :	0101111010010111;
	4336 :	0101111010010011;
	4335 :	0101111010001111;
	4334 :	0101111010001011;
	4333 :	0101111010000110;
	4332 :	0101111010000010;
	4331 :	0101111001111110;
	4330 :	0101111001111010;
	4329 :	0101111001110101;
	4328 :	0101111001110001;
	4327 :	0101111001101101;
	4326 :	0101111001101001;
	4325 :	0101111001100100;
	4324 :	0101111001100000;
	4323 :	0101111001011100;
	4322 :	0101111001011000;
	4321 :	0101111001010100;
	4320 :	0101111001001111;
	4319 :	0101111001001011;
	4318 :	0101111001000111;
	4317 :	0101111001000011;
	4316 :	0101111000111110;
	4315 :	0101111000111010;
	4314 :	0101111000110110;
	4313 :	0101111000110010;
	4312 :	0101111000101101;
	4311 :	0101111000101001;
	4310 :	0101111000100101;
	4309 :	0101111000100000;
	4308 :	0101111000011100;
	4307 :	0101111000011000;
	4306 :	0101111000010100;
	4305 :	0101111000001111;
	4304 :	0101111000001011;
	4303 :	0101111000000111;
	4302 :	0101111000000011;
	4301 :	0101110111111110;
	4300 :	0101110111111010;
	4299 :	0101110111110110;
	4298 :	0101110111110010;
	4297 :	0101110111101101;
	4296 :	0101110111101001;
	4295 :	0101110111100101;
	4294 :	0101110111100001;
	4293 :	0101110111011100;
	4292 :	0101110111011000;
	4291 :	0101110111010100;
	4290 :	0101110111001111;
	4289 :	0101110111001011;
	4288 :	0101110111000111;
	4287 :	0101110111000011;
	4286 :	0101110110111110;
	4285 :	0101110110111010;
	4284 :	0101110110110110;
	4283 :	0101110110110001;
	4282 :	0101110110101101;
	4281 :	0101110110101001;
	4280 :	0101110110100101;
	4279 :	0101110110100000;
	4278 :	0101110110011100;
	4277 :	0101110110011000;
	4276 :	0101110110010100;
	4275 :	0101110110001111;
	4274 :	0101110110001011;
	4273 :	0101110110000111;
	4272 :	0101110110000010;
	4271 :	0101110101111110;
	4270 :	0101110101111010;
	4269 :	0101110101110101;
	4268 :	0101110101110001;
	4267 :	0101110101101101;
	4266 :	0101110101101001;
	4265 :	0101110101100100;
	4264 :	0101110101100000;
	4263 :	0101110101011100;
	4262 :	0101110101010111;
	4261 :	0101110101010011;
	4260 :	0101110101001111;
	4259 :	0101110101001011;
	4258 :	0101110101000110;
	4257 :	0101110101000010;
	4256 :	0101110100111110;
	4255 :	0101110100111001;
	4254 :	0101110100110101;
	4253 :	0101110100110001;
	4252 :	0101110100101100;
	4251 :	0101110100101000;
	4250 :	0101110100100100;
	4249 :	0101110100011111;
	4248 :	0101110100011011;
	4247 :	0101110100010111;
	4246 :	0101110100010011;
	4245 :	0101110100001110;
	4244 :	0101110100001010;
	4243 :	0101110100000110;
	4242 :	0101110100000001;
	4241 :	0101110011111101;
	4240 :	0101110011111001;
	4239 :	0101110011110100;
	4238 :	0101110011110000;
	4237 :	0101110011101100;
	4236 :	0101110011100111;
	4235 :	0101110011100011;
	4234 :	0101110011011111;
	4233 :	0101110011011010;
	4232 :	0101110011010110;
	4231 :	0101110011010010;
	4230 :	0101110011001101;
	4229 :	0101110011001001;
	4228 :	0101110011000101;
	4227 :	0101110011000000;
	4226 :	0101110010111100;
	4225 :	0101110010111000;
	4224 :	0101110010110011;
	4223 :	0101110010101111;
	4222 :	0101110010101011;
	4221 :	0101110010100110;
	4220 :	0101110010100010;
	4219 :	0101110010011110;
	4218 :	0101110010011001;
	4217 :	0101110010010101;
	4216 :	0101110010010001;
	4215 :	0101110010001100;
	4214 :	0101110010001000;
	4213 :	0101110010000100;
	4212 :	0101110001111111;
	4211 :	0101110001111011;
	4210 :	0101110001110111;
	4209 :	0101110001110010;
	4208 :	0101110001101110;
	4207 :	0101110001101010;
	4206 :	0101110001100101;
	4205 :	0101110001100001;
	4204 :	0101110001011101;
	4203 :	0101110001011000;
	4202 :	0101110001010100;
	4201 :	0101110001010000;
	4200 :	0101110001001011;
	4199 :	0101110001000111;
	4198 :	0101110001000010;
	4197 :	0101110000111110;
	4196 :	0101110000111010;
	4195 :	0101110000110101;
	4194 :	0101110000110001;
	4193 :	0101110000101101;
	4192 :	0101110000101000;
	4191 :	0101110000100100;
	4190 :	0101110000100000;
	4189 :	0101110000011011;
	4188 :	0101110000010111;
	4187 :	0101110000010011;
	4186 :	0101110000001110;
	4185 :	0101110000001010;
	4184 :	0101110000000101;
	4183 :	0101110000000001;
	4182 :	0101101111111101;
	4181 :	0101101111111000;
	4180 :	0101101111110100;
	4179 :	0101101111110000;
	4178 :	0101101111101011;
	4177 :	0101101111100111;
	4176 :	0101101111100010;
	4175 :	0101101111011110;
	4174 :	0101101111011010;
	4173 :	0101101111010101;
	4172 :	0101101111010001;
	4171 :	0101101111001101;
	4170 :	0101101111001000;
	4169 :	0101101111000100;
	4168 :	0101101110111111;
	4167 :	0101101110111011;
	4166 :	0101101110110111;
	4165 :	0101101110110010;
	4164 :	0101101110101110;
	4163 :	0101101110101010;
	4162 :	0101101110100101;
	4161 :	0101101110100001;
	4160 :	0101101110011100;
	4159 :	0101101110011000;
	4158 :	0101101110010100;
	4157 :	0101101110001111;
	4156 :	0101101110001011;
	4155 :	0101101110000110;
	4154 :	0101101110000010;
	4153 :	0101101101111110;
	4152 :	0101101101111001;
	4151 :	0101101101110101;
	4150 :	0101101101110000;
	4149 :	0101101101101100;
	4148 :	0101101101101000;
	4147 :	0101101101100011;
	4146 :	0101101101011111;
	4145 :	0101101101011010;
	4144 :	0101101101010110;
	4143 :	0101101101010010;
	4142 :	0101101101001101;
	4141 :	0101101101001001;
	4140 :	0101101101000100;
	4139 :	0101101101000000;
	4138 :	0101101100111100;
	4137 :	0101101100110111;
	4136 :	0101101100110011;
	4135 :	0101101100101110;
	4134 :	0101101100101010;
	4133 :	0101101100100110;
	4132 :	0101101100100001;
	4131 :	0101101100011101;
	4130 :	0101101100011000;
	4129 :	0101101100010100;
	4128 :	0101101100001111;
	4127 :	0101101100001011;
	4126 :	0101101100000111;
	4125 :	0101101100000010;
	4124 :	0101101011111110;
	4123 :	0101101011111001;
	4122 :	0101101011110101;
	4121 :	0101101011110001;
	4120 :	0101101011101100;
	4119 :	0101101011101000;
	4118 :	0101101011100011;
	4117 :	0101101011011111;
	4116 :	0101101011011010;
	4115 :	0101101011010110;
	4114 :	0101101011010010;
	4113 :	0101101011001101;
	4112 :	0101101011001001;
	4111 :	0101101011000100;
	4110 :	0101101011000000;
	4109 :	0101101010111011;
	4108 :	0101101010110111;
	4107 :	0101101010110011;
	4106 :	0101101010101110;
	4105 :	0101101010101010;
	4104 :	0101101010100101;
	4103 :	0101101010100001;
	4102 :	0101101010011100;
	4101 :	0101101010011000;
	4100 :	0101101010010100;
	4099 :	0101101010001111;
	4098 :	0101101010001011;
	4097 :	0101101010000110;
	4096 :	0101101010000010;
	4095 :	0101101001111101;
	4094 :	0101101001111001;
	4093 :	0101101001110100;
	4092 :	0101101001110000;
	4091 :	0101101001101100;
	4090 :	0101101001100111;
	4089 :	0101101001100011;
	4088 :	0101101001011110;
	4087 :	0101101001011010;
	4086 :	0101101001010101;
	4085 :	0101101001010001;
	4084 :	0101101001001100;
	4083 :	0101101001001000;
	4082 :	0101101001000011;
	4081 :	0101101000111111;
	4080 :	0101101000111011;
	4079 :	0101101000110110;
	4078 :	0101101000110010;
	4077 :	0101101000101101;
	4076 :	0101101000101001;
	4075 :	0101101000100100;
	4074 :	0101101000100000;
	4073 :	0101101000011011;
	4072 :	0101101000010111;
	4071 :	0101101000010010;
	4070 :	0101101000001110;
	4069 :	0101101000001010;
	4068 :	0101101000000101;
	4067 :	0101101000000001;
	4066 :	0101100111111100;
	4065 :	0101100111111000;
	4064 :	0101100111110011;
	4063 :	0101100111101111;
	4062 :	0101100111101010;
	4061 :	0101100111100110;
	4060 :	0101100111100001;
	4059 :	0101100111011101;
	4058 :	0101100111011000;
	4057 :	0101100111010100;
	4056 :	0101100111001111;
	4055 :	0101100111001011;
	4054 :	0101100111000110;
	4053 :	0101100111000010;
	4052 :	0101100110111101;
	4051 :	0101100110111001;
	4050 :	0101100110110101;
	4049 :	0101100110110000;
	4048 :	0101100110101100;
	4047 :	0101100110100111;
	4046 :	0101100110100011;
	4045 :	0101100110011110;
	4044 :	0101100110011010;
	4043 :	0101100110010101;
	4042 :	0101100110010001;
	4041 :	0101100110001100;
	4040 :	0101100110001000;
	4039 :	0101100110000011;
	4038 :	0101100101111111;
	4037 :	0101100101111010;
	4036 :	0101100101110110;
	4035 :	0101100101110001;
	4034 :	0101100101101101;
	4033 :	0101100101101000;
	4032 :	0101100101100100;
	4031 :	0101100101011111;
	4030 :	0101100101011011;
	4029 :	0101100101010110;
	4028 :	0101100101010010;
	4027 :	0101100101001101;
	4026 :	0101100101001001;
	4025 :	0101100101000100;
	4024 :	0101100101000000;
	4023 :	0101100100111011;
	4022 :	0101100100110111;
	4021 :	0101100100110010;
	4020 :	0101100100101110;
	4019 :	0101100100101001;
	4018 :	0101100100100101;
	4017 :	0101100100100000;
	4016 :	0101100100011100;
	4015 :	0101100100010111;
	4014 :	0101100100010011;
	4013 :	0101100100001110;
	4012 :	0101100100001010;
	4011 :	0101100100000101;
	4010 :	0101100100000001;
	4009 :	0101100011111100;
	4008 :	0101100011111000;
	4007 :	0101100011110011;
	4006 :	0101100011101110;
	4005 :	0101100011101010;
	4004 :	0101100011100101;
	4003 :	0101100011100001;
	4002 :	0101100011011100;
	4001 :	0101100011011000;
	4000 :	0101100011010011;
	3999 :	0101100011001111;
	3998 :	0101100011001010;
	3997 :	0101100011000110;
	3996 :	0101100011000001;
	3995 :	0101100010111101;
	3994 :	0101100010111000;
	3993 :	0101100010110100;
	3992 :	0101100010101111;
	3991 :	0101100010101011;
	3990 :	0101100010100110;
	3989 :	0101100010100010;
	3988 :	0101100010011101;
	3987 :	0101100010011000;
	3986 :	0101100010010100;
	3985 :	0101100010001111;
	3984 :	0101100010001011;
	3983 :	0101100010000110;
	3982 :	0101100010000010;
	3981 :	0101100001111101;
	3980 :	0101100001111001;
	3979 :	0101100001110100;
	3978 :	0101100001110000;
	3977 :	0101100001101011;
	3976 :	0101100001100111;
	3975 :	0101100001100010;
	3974 :	0101100001011101;
	3973 :	0101100001011001;
	3972 :	0101100001010100;
	3971 :	0101100001010000;
	3970 :	0101100001001011;
	3969 :	0101100001000111;
	3968 :	0101100001000010;
	3967 :	0101100000111110;
	3966 :	0101100000111001;
	3965 :	0101100000110101;
	3964 :	0101100000110000;
	3963 :	0101100000101011;
	3962 :	0101100000100111;
	3961 :	0101100000100010;
	3960 :	0101100000011110;
	3959 :	0101100000011001;
	3958 :	0101100000010101;
	3957 :	0101100000010000;
	3956 :	0101100000001100;
	3955 :	0101100000000111;
	3954 :	0101100000000010;
	3953 :	0101011111111110;
	3952 :	0101011111111001;
	3951 :	0101011111110101;
	3950 :	0101011111110000;
	3949 :	0101011111101100;
	3948 :	0101011111100111;
	3947 :	0101011111100010;
	3946 :	0101011111011110;
	3945 :	0101011111011001;
	3944 :	0101011111010101;
	3943 :	0101011111010000;
	3942 :	0101011111001100;
	3941 :	0101011111000111;
	3940 :	0101011111000010;
	3939 :	0101011110111110;
	3938 :	0101011110111001;
	3937 :	0101011110110101;
	3936 :	0101011110110000;
	3935 :	0101011110101100;
	3934 :	0101011110100111;
	3933 :	0101011110100010;
	3932 :	0101011110011110;
	3931 :	0101011110011001;
	3930 :	0101011110010101;
	3929 :	0101011110010000;
	3928 :	0101011110001011;
	3927 :	0101011110000111;
	3926 :	0101011110000010;
	3925 :	0101011101111110;
	3924 :	0101011101111001;
	3923 :	0101011101110101;
	3922 :	0101011101110000;
	3921 :	0101011101101011;
	3920 :	0101011101100111;
	3919 :	0101011101100010;
	3918 :	0101011101011110;
	3917 :	0101011101011001;
	3916 :	0101011101010100;
	3915 :	0101011101010000;
	3914 :	0101011101001011;
	3913 :	0101011101000111;
	3912 :	0101011101000010;
	3911 :	0101011100111101;
	3910 :	0101011100111001;
	3909 :	0101011100110100;
	3908 :	0101011100110000;
	3907 :	0101011100101011;
	3906 :	0101011100100110;
	3905 :	0101011100100010;
	3904 :	0101011100011101;
	3903 :	0101011100011001;
	3902 :	0101011100010100;
	3901 :	0101011100001111;
	3900 :	0101011100001011;
	3899 :	0101011100000110;
	3898 :	0101011100000010;
	3897 :	0101011011111101;
	3896 :	0101011011111000;
	3895 :	0101011011110100;
	3894 :	0101011011101111;
	3893 :	0101011011101011;
	3892 :	0101011011100110;
	3891 :	0101011011100001;
	3890 :	0101011011011101;
	3889 :	0101011011011000;
	3888 :	0101011011010011;
	3887 :	0101011011001111;
	3886 :	0101011011001010;
	3885 :	0101011011000110;
	3884 :	0101011011000001;
	3883 :	0101011010111100;
	3882 :	0101011010111000;
	3881 :	0101011010110011;
	3880 :	0101011010101111;
	3879 :	0101011010101010;
	3878 :	0101011010100101;
	3877 :	0101011010100001;
	3876 :	0101011010011100;
	3875 :	0101011010010111;
	3874 :	0101011010010011;
	3873 :	0101011010001110;
	3872 :	0101011010001010;
	3871 :	0101011010000101;
	3870 :	0101011010000000;
	3869 :	0101011001111100;
	3868 :	0101011001110111;
	3867 :	0101011001110010;
	3866 :	0101011001101110;
	3865 :	0101011001101001;
	3864 :	0101011001100100;
	3863 :	0101011001100000;
	3862 :	0101011001011011;
	3861 :	0101011001010111;
	3860 :	0101011001010010;
	3859 :	0101011001001101;
	3858 :	0101011001001001;
	3857 :	0101011001000100;
	3856 :	0101011000111111;
	3855 :	0101011000111011;
	3854 :	0101011000110110;
	3853 :	0101011000110001;
	3852 :	0101011000101101;
	3851 :	0101011000101000;
	3850 :	0101011000100011;
	3849 :	0101011000011111;
	3848 :	0101011000011010;
	3847 :	0101011000010110;
	3846 :	0101011000010001;
	3845 :	0101011000001100;
	3844 :	0101011000001000;
	3843 :	0101011000000011;
	3842 :	0101010111111110;
	3841 :	0101010111111010;
	3840 :	0101010111110101;
	3839 :	0101010111110000;
	3838 :	0101010111101100;
	3837 :	0101010111100111;
	3836 :	0101010111100010;
	3835 :	0101010111011110;
	3834 :	0101010111011001;
	3833 :	0101010111010100;
	3832 :	0101010111010000;
	3831 :	0101010111001011;
	3830 :	0101010111000110;
	3829 :	0101010111000010;
	3828 :	0101010110111101;
	3827 :	0101010110111000;
	3826 :	0101010110110100;
	3825 :	0101010110101111;
	3824 :	0101010110101010;
	3823 :	0101010110100110;
	3822 :	0101010110100001;
	3821 :	0101010110011100;
	3820 :	0101010110011000;
	3819 :	0101010110010011;
	3818 :	0101010110001110;
	3817 :	0101010110001010;
	3816 :	0101010110000101;
	3815 :	0101010110000000;
	3814 :	0101010101111100;
	3813 :	0101010101110111;
	3812 :	0101010101110010;
	3811 :	0101010101101110;
	3810 :	0101010101101001;
	3809 :	0101010101100100;
	3808 :	0101010101100000;
	3807 :	0101010101011011;
	3806 :	0101010101010110;
	3805 :	0101010101010010;
	3804 :	0101010101001101;
	3803 :	0101010101001000;
	3802 :	0101010101000011;
	3801 :	0101010100111111;
	3800 :	0101010100111010;
	3799 :	0101010100110101;
	3798 :	0101010100110001;
	3797 :	0101010100101100;
	3796 :	0101010100100111;
	3795 :	0101010100100011;
	3794 :	0101010100011110;
	3793 :	0101010100011001;
	3792 :	0101010100010101;
	3791 :	0101010100010000;
	3790 :	0101010100001011;
	3789 :	0101010100000110;
	3788 :	0101010100000010;
	3787 :	0101010011111101;
	3786 :	0101010011111000;
	3785 :	0101010011110100;
	3784 :	0101010011101111;
	3783 :	0101010011101010;
	3782 :	0101010011100110;
	3781 :	0101010011100001;
	3780 :	0101010011011100;
	3779 :	0101010011010111;
	3778 :	0101010011010011;
	3777 :	0101010011001110;
	3776 :	0101010011001001;
	3775 :	0101010011000101;
	3774 :	0101010011000000;
	3773 :	0101010010111011;
	3772 :	0101010010110111;
	3771 :	0101010010110010;
	3770 :	0101010010101101;
	3769 :	0101010010101000;
	3768 :	0101010010100100;
	3767 :	0101010010011111;
	3766 :	0101010010011010;
	3765 :	0101010010010110;
	3764 :	0101010010010001;
	3763 :	0101010010001100;
	3762 :	0101010010000111;
	3761 :	0101010010000011;
	3760 :	0101010001111110;
	3759 :	0101010001111001;
	3758 :	0101010001110101;
	3757 :	0101010001110000;
	3756 :	0101010001101011;
	3755 :	0101010001100110;
	3754 :	0101010001100010;
	3753 :	0101010001011101;
	3752 :	0101010001011000;
	3751 :	0101010001010011;
	3750 :	0101010001001111;
	3749 :	0101010001001010;
	3748 :	0101010001000101;
	3747 :	0101010001000001;
	3746 :	0101010000111100;
	3745 :	0101010000110111;
	3744 :	0101010000110010;
	3743 :	0101010000101110;
	3742 :	0101010000101001;
	3741 :	0101010000100100;
	3740 :	0101010000011111;
	3739 :	0101010000011011;
	3738 :	0101010000010110;
	3737 :	0101010000010001;
	3736 :	0101010000001100;
	3735 :	0101010000001000;
	3734 :	0101010000000011;
	3733 :	0101001111111110;
	3732 :	0101001111111010;
	3731 :	0101001111110101;
	3730 :	0101001111110000;
	3729 :	0101001111101011;
	3728 :	0101001111100111;
	3727 :	0101001111100010;
	3726 :	0101001111011101;
	3725 :	0101001111011000;
	3724 :	0101001111010100;
	3723 :	0101001111001111;
	3722 :	0101001111001010;
	3721 :	0101001111000101;
	3720 :	0101001111000001;
	3719 :	0101001110111100;
	3718 :	0101001110110111;
	3717 :	0101001110110010;
	3716 :	0101001110101110;
	3715 :	0101001110101001;
	3714 :	0101001110100100;
	3713 :	0101001110011111;
	3712 :	0101001110011011;
	3711 :	0101001110010110;
	3710 :	0101001110010001;
	3709 :	0101001110001100;
	3708 :	0101001110000111;
	3707 :	0101001110000011;
	3706 :	0101001101111110;
	3705 :	0101001101111001;
	3704 :	0101001101110100;
	3703 :	0101001101110000;
	3702 :	0101001101101011;
	3701 :	0101001101100110;
	3700 :	0101001101100001;
	3699 :	0101001101011101;
	3698 :	0101001101011000;
	3697 :	0101001101010011;
	3696 :	0101001101001110;
	3695 :	0101001101001010;
	3694 :	0101001101000101;
	3693 :	0101001101000000;
	3692 :	0101001100111011;
	3691 :	0101001100110110;
	3690 :	0101001100110010;
	3689 :	0101001100101101;
	3688 :	0101001100101000;
	3687 :	0101001100100011;
	3686 :	0101001100011111;
	3685 :	0101001100011010;
	3684 :	0101001100010101;
	3683 :	0101001100010000;
	3682 :	0101001100001011;
	3681 :	0101001100000111;
	3680 :	0101001100000010;
	3679 :	0101001011111101;
	3678 :	0101001011111000;
	3677 :	0101001011110100;
	3676 :	0101001011101111;
	3675 :	0101001011101010;
	3674 :	0101001011100101;
	3673 :	0101001011100000;
	3672 :	0101001011011100;
	3671 :	0101001011010111;
	3670 :	0101001011010010;
	3669 :	0101001011001101;
	3668 :	0101001011001000;
	3667 :	0101001011000100;
	3666 :	0101001010111111;
	3665 :	0101001010111010;
	3664 :	0101001010110101;
	3663 :	0101001010110000;
	3662 :	0101001010101100;
	3661 :	0101001010100111;
	3660 :	0101001010100010;
	3659 :	0101001010011101;
	3658 :	0101001010011000;
	3657 :	0101001010010100;
	3656 :	0101001010001111;
	3655 :	0101001010001010;
	3654 :	0101001010000101;
	3653 :	0101001010000000;
	3652 :	0101001001111100;
	3651 :	0101001001110111;
	3650 :	0101001001110010;
	3649 :	0101001001101101;
	3648 :	0101001001101000;
	3647 :	0101001001100100;
	3646 :	0101001001011111;
	3645 :	0101001001011010;
	3644 :	0101001001010101;
	3643 :	0101001001010000;
	3642 :	0101001001001100;
	3641 :	0101001001000111;
	3640 :	0101001001000010;
	3639 :	0101001000111101;
	3638 :	0101001000111000;
	3637 :	0101001000110011;
	3636 :	0101001000101111;
	3635 :	0101001000101010;
	3634 :	0101001000100101;
	3633 :	0101001000100000;
	3632 :	0101001000011011;
	3631 :	0101001000010111;
	3630 :	0101001000010010;
	3629 :	0101001000001101;
	3628 :	0101001000001000;
	3627 :	0101001000000011;
	3626 :	0101000111111110;
	3625 :	0101000111111010;
	3624 :	0101000111110101;
	3623 :	0101000111110000;
	3622 :	0101000111101011;
	3621 :	0101000111100110;
	3620 :	0101000111100010;
	3619 :	0101000111011101;
	3618 :	0101000111011000;
	3617 :	0101000111010011;
	3616 :	0101000111001110;
	3615 :	0101000111001001;
	3614 :	0101000111000101;
	3613 :	0101000111000000;
	3612 :	0101000110111011;
	3611 :	0101000110110110;
	3610 :	0101000110110001;
	3609 :	0101000110101100;
	3608 :	0101000110101000;
	3607 :	0101000110100011;
	3606 :	0101000110011110;
	3605 :	0101000110011001;
	3604 :	0101000110010100;
	3603 :	0101000110001111;
	3602 :	0101000110001010;
	3601 :	0101000110000110;
	3600 :	0101000110000001;
	3599 :	0101000101111100;
	3598 :	0101000101110111;
	3597 :	0101000101110010;
	3596 :	0101000101101101;
	3595 :	0101000101101001;
	3594 :	0101000101100100;
	3593 :	0101000101011111;
	3592 :	0101000101011010;
	3591 :	0101000101010101;
	3590 :	0101000101010000;
	3589 :	0101000101001011;
	3588 :	0101000101000111;
	3587 :	0101000101000010;
	3586 :	0101000100111101;
	3585 :	0101000100111000;
	3584 :	0101000100110011;
	3583 :	0101000100101110;
	3582 :	0101000100101001;
	3581 :	0101000100100101;
	3580 :	0101000100100000;
	3579 :	0101000100011011;
	3578 :	0101000100010110;
	3577 :	0101000100010001;
	3576 :	0101000100001100;
	3575 :	0101000100000111;
	3574 :	0101000100000011;
	3573 :	0101000011111110;
	3572 :	0101000011111001;
	3571 :	0101000011110100;
	3570 :	0101000011101111;
	3569 :	0101000011101010;
	3568 :	0101000011100101;
	3567 :	0101000011100000;
	3566 :	0101000011011100;
	3565 :	0101000011010111;
	3564 :	0101000011010010;
	3563 :	0101000011001101;
	3562 :	0101000011001000;
	3561 :	0101000011000011;
	3560 :	0101000010111110;
	3559 :	0101000010111010;
	3558 :	0101000010110101;
	3557 :	0101000010110000;
	3556 :	0101000010101011;
	3555 :	0101000010100110;
	3554 :	0101000010100001;
	3553 :	0101000010011100;
	3552 :	0101000010010111;
	3551 :	0101000010010010;
	3550 :	0101000010001110;
	3549 :	0101000010001001;
	3548 :	0101000010000100;
	3547 :	0101000001111111;
	3546 :	0101000001111010;
	3545 :	0101000001110101;
	3544 :	0101000001110000;
	3543 :	0101000001101011;
	3542 :	0101000001100111;
	3541 :	0101000001100010;
	3540 :	0101000001011101;
	3539 :	0101000001011000;
	3538 :	0101000001010011;
	3537 :	0101000001001110;
	3536 :	0101000001001001;
	3535 :	0101000001000100;
	3534 :	0101000000111111;
	3533 :	0101000000111010;
	3532 :	0101000000110110;
	3531 :	0101000000110001;
	3530 :	0101000000101100;
	3529 :	0101000000100111;
	3528 :	0101000000100010;
	3527 :	0101000000011101;
	3526 :	0101000000011000;
	3525 :	0101000000010011;
	3524 :	0101000000001110;
	3523 :	0101000000001001;
	3522 :	0101000000000101;
	3521 :	0101000000000000;
	3520 :	0100111111111011;
	3519 :	0100111111110110;
	3518 :	0100111111110001;
	3517 :	0100111111101100;
	3516 :	0100111111100111;
	3515 :	0100111111100010;
	3514 :	0100111111011101;
	3513 :	0100111111011000;
	3512 :	0100111111010100;
	3511 :	0100111111001111;
	3510 :	0100111111001010;
	3509 :	0100111111000101;
	3508 :	0100111111000000;
	3507 :	0100111110111011;
	3506 :	0100111110110110;
	3505 :	0100111110110001;
	3504 :	0100111110101100;
	3503 :	0100111110100111;
	3502 :	0100111110100010;
	3501 :	0100111110011101;
	3500 :	0100111110011001;
	3499 :	0100111110010100;
	3498 :	0100111110001111;
	3497 :	0100111110001010;
	3496 :	0100111110000101;
	3495 :	0100111110000000;
	3494 :	0100111101111011;
	3493 :	0100111101110110;
	3492 :	0100111101110001;
	3491 :	0100111101101100;
	3490 :	0100111101100111;
	3489 :	0100111101100010;
	3488 :	0100111101011101;
	3487 :	0100111101011000;
	3486 :	0100111101010100;
	3485 :	0100111101001111;
	3484 :	0100111101001010;
	3483 :	0100111101000101;
	3482 :	0100111101000000;
	3481 :	0100111100111011;
	3480 :	0100111100110110;
	3479 :	0100111100110001;
	3478 :	0100111100101100;
	3477 :	0100111100100111;
	3476 :	0100111100100010;
	3475 :	0100111100011101;
	3474 :	0100111100011000;
	3473 :	0100111100010011;
	3472 :	0100111100001110;
	3471 :	0100111100001010;
	3470 :	0100111100000101;
	3469 :	0100111100000000;
	3468 :	0100111011111011;
	3467 :	0100111011110110;
	3466 :	0100111011110001;
	3465 :	0100111011101100;
	3464 :	0100111011100111;
	3463 :	0100111011100010;
	3462 :	0100111011011101;
	3461 :	0100111011011000;
	3460 :	0100111011010011;
	3459 :	0100111011001110;
	3458 :	0100111011001001;
	3457 :	0100111011000100;
	3456 :	0100111010111111;
	3455 :	0100111010111010;
	3454 :	0100111010110101;
	3453 :	0100111010110000;
	3452 :	0100111010101011;
	3451 :	0100111010100111;
	3450 :	0100111010100010;
	3449 :	0100111010011101;
	3448 :	0100111010011000;
	3447 :	0100111010010011;
	3446 :	0100111010001110;
	3445 :	0100111010001001;
	3444 :	0100111010000100;
	3443 :	0100111001111111;
	3442 :	0100111001111010;
	3441 :	0100111001110101;
	3440 :	0100111001110000;
	3439 :	0100111001101011;
	3438 :	0100111001100110;
	3437 :	0100111001100001;
	3436 :	0100111001011100;
	3435 :	0100111001010111;
	3434 :	0100111001010010;
	3433 :	0100111001001101;
	3432 :	0100111001001000;
	3431 :	0100111001000011;
	3430 :	0100111000111110;
	3429 :	0100111000111001;
	3428 :	0100111000110100;
	3427 :	0100111000101111;
	3426 :	0100111000101010;
	3425 :	0100111000100101;
	3424 :	0100111000100000;
	3423 :	0100111000011011;
	3422 :	0100111000010110;
	3421 :	0100111000010001;
	3420 :	0100111000001101;
	3419 :	0100111000001000;
	3418 :	0100111000000011;
	3417 :	0100110111111110;
	3416 :	0100110111111001;
	3415 :	0100110111110100;
	3414 :	0100110111101111;
	3413 :	0100110111101010;
	3412 :	0100110111100101;
	3411 :	0100110111100000;
	3410 :	0100110111011011;
	3409 :	0100110111010110;
	3408 :	0100110111010001;
	3407 :	0100110111001100;
	3406 :	0100110111000111;
	3405 :	0100110111000010;
	3404 :	0100110110111101;
	3403 :	0100110110111000;
	3402 :	0100110110110011;
	3401 :	0100110110101110;
	3400 :	0100110110101001;
	3399 :	0100110110100100;
	3398 :	0100110110011111;
	3397 :	0100110110011010;
	3396 :	0100110110010101;
	3395 :	0100110110010000;
	3394 :	0100110110001011;
	3393 :	0100110110000110;
	3392 :	0100110110000001;
	3391 :	0100110101111100;
	3390 :	0100110101110111;
	3389 :	0100110101110010;
	3388 :	0100110101101101;
	3387 :	0100110101101000;
	3386 :	0100110101100011;
	3385 :	0100110101011110;
	3384 :	0100110101011001;
	3383 :	0100110101010100;
	3382 :	0100110101001111;
	3381 :	0100110101001010;
	3380 :	0100110101000101;
	3379 :	0100110101000000;
	3378 :	0100110100111011;
	3377 :	0100110100110110;
	3376 :	0100110100110001;
	3375 :	0100110100101100;
	3374 :	0100110100100111;
	3373 :	0100110100100010;
	3372 :	0100110100011101;
	3371 :	0100110100011000;
	3370 :	0100110100010011;
	3369 :	0100110100001110;
	3368 :	0100110100001001;
	3367 :	0100110100000100;
	3366 :	0100110011111111;
	3365 :	0100110011111010;
	3364 :	0100110011110100;
	3363 :	0100110011101111;
	3362 :	0100110011101010;
	3361 :	0100110011100101;
	3360 :	0100110011100000;
	3359 :	0100110011011011;
	3358 :	0100110011010110;
	3357 :	0100110011010001;
	3356 :	0100110011001100;
	3355 :	0100110011000111;
	3354 :	0100110011000010;
	3353 :	0100110010111101;
	3352 :	0100110010111000;
	3351 :	0100110010110011;
	3350 :	0100110010101110;
	3349 :	0100110010101001;
	3348 :	0100110010100100;
	3347 :	0100110010011111;
	3346 :	0100110010011010;
	3345 :	0100110010010101;
	3344 :	0100110010010000;
	3343 :	0100110010001011;
	3342 :	0100110010000110;
	3341 :	0100110010000001;
	3340 :	0100110001111100;
	3339 :	0100110001110111;
	3338 :	0100110001110010;
	3337 :	0100110001101101;
	3336 :	0100110001101000;
	3335 :	0100110001100011;
	3334 :	0100110001011110;
	3333 :	0100110001011001;
	3332 :	0100110001010011;
	3331 :	0100110001001110;
	3330 :	0100110001001001;
	3329 :	0100110001000100;
	3328 :	0100110000111111;
	3327 :	0100110000111010;
	3326 :	0100110000110101;
	3325 :	0100110000110000;
	3324 :	0100110000101011;
	3323 :	0100110000100110;
	3322 :	0100110000100001;
	3321 :	0100110000011100;
	3320 :	0100110000010111;
	3319 :	0100110000010010;
	3318 :	0100110000001101;
	3317 :	0100110000001000;
	3316 :	0100110000000011;
	3315 :	0100101111111110;
	3314 :	0100101111111001;
	3313 :	0100101111110100;
	3312 :	0100101111101110;
	3311 :	0100101111101001;
	3310 :	0100101111100100;
	3309 :	0100101111011111;
	3308 :	0100101111011010;
	3307 :	0100101111010101;
	3306 :	0100101111010000;
	3305 :	0100101111001011;
	3304 :	0100101111000110;
	3303 :	0100101111000001;
	3302 :	0100101110111100;
	3301 :	0100101110110111;
	3300 :	0100101110110010;
	3299 :	0100101110101101;
	3298 :	0100101110101000;
	3297 :	0100101110100010;
	3296 :	0100101110011101;
	3295 :	0100101110011000;
	3294 :	0100101110010011;
	3293 :	0100101110001110;
	3292 :	0100101110001001;
	3291 :	0100101110000100;
	3290 :	0100101101111111;
	3289 :	0100101101111010;
	3288 :	0100101101110101;
	3287 :	0100101101110000;
	3286 :	0100101101101011;
	3285 :	0100101101100110;
	3284 :	0100101101100001;
	3283 :	0100101101011011;
	3282 :	0100101101010110;
	3281 :	0100101101010001;
	3280 :	0100101101001100;
	3279 :	0100101101000111;
	3278 :	0100101101000010;
	3277 :	0100101100111101;
	3276 :	0100101100111000;
	3275 :	0100101100110011;
	3274 :	0100101100101110;
	3273 :	0100101100101001;
	3272 :	0100101100100100;
	3271 :	0100101100011110;
	3270 :	0100101100011001;
	3269 :	0100101100010100;
	3268 :	0100101100001111;
	3267 :	0100101100001010;
	3266 :	0100101100000101;
	3265 :	0100101100000000;
	3264 :	0100101011111011;
	3263 :	0100101011110110;
	3262 :	0100101011110001;
	3261 :	0100101011101100;
	3260 :	0100101011100110;
	3259 :	0100101011100001;
	3258 :	0100101011011100;
	3257 :	0100101011010111;
	3256 :	0100101011010010;
	3255 :	0100101011001101;
	3254 :	0100101011001000;
	3253 :	0100101011000011;
	3252 :	0100101010111110;
	3251 :	0100101010111001;
	3250 :	0100101010110011;
	3249 :	0100101010101110;
	3248 :	0100101010101001;
	3247 :	0100101010100100;
	3246 :	0100101010011111;
	3245 :	0100101010011010;
	3244 :	0100101010010101;
	3243 :	0100101010010000;
	3242 :	0100101010001011;
	3241 :	0100101010000110;
	3240 :	0100101010000000;
	3239 :	0100101001111011;
	3238 :	0100101001110110;
	3237 :	0100101001110001;
	3236 :	0100101001101100;
	3235 :	0100101001100111;
	3234 :	0100101001100010;
	3233 :	0100101001011101;
	3232 :	0100101001011000;
	3231 :	0100101001010010;
	3230 :	0100101001001101;
	3229 :	0100101001001000;
	3228 :	0100101001000011;
	3227 :	0100101000111110;
	3226 :	0100101000111001;
	3225 :	0100101000110100;
	3224 :	0100101000101111;
	3223 :	0100101000101001;
	3222 :	0100101000100100;
	3221 :	0100101000011111;
	3220 :	0100101000011010;
	3219 :	0100101000010101;
	3218 :	0100101000010000;
	3217 :	0100101000001011;
	3216 :	0100101000000110;
	3215 :	0100101000000000;
	3214 :	0100100111111011;
	3213 :	0100100111110110;
	3212 :	0100100111110001;
	3211 :	0100100111101100;
	3210 :	0100100111100111;
	3209 :	0100100111100010;
	3208 :	0100100111011101;
	3207 :	0100100111010111;
	3206 :	0100100111010010;
	3205 :	0100100111001101;
	3204 :	0100100111001000;
	3203 :	0100100111000011;
	3202 :	0100100110111110;
	3201 :	0100100110111001;
	3200 :	0100100110110100;
	3199 :	0100100110101110;
	3198 :	0100100110101001;
	3197 :	0100100110100100;
	3196 :	0100100110011111;
	3195 :	0100100110011010;
	3194 :	0100100110010101;
	3193 :	0100100110010000;
	3192 :	0100100110001010;
	3191 :	0100100110000101;
	3190 :	0100100110000000;
	3189 :	0100100101111011;
	3188 :	0100100101110110;
	3187 :	0100100101110001;
	3186 :	0100100101101100;
	3185 :	0100100101100110;
	3184 :	0100100101100001;
	3183 :	0100100101011100;
	3182 :	0100100101010111;
	3181 :	0100100101010010;
	3180 :	0100100101001101;
	3179 :	0100100101000111;
	3178 :	0100100101000010;
	3177 :	0100100100111101;
	3176 :	0100100100111000;
	3175 :	0100100100110011;
	3174 :	0100100100101110;
	3173 :	0100100100101001;
	3172 :	0100100100100011;
	3171 :	0100100100011110;
	3170 :	0100100100011001;
	3169 :	0100100100010100;
	3168 :	0100100100001111;
	3167 :	0100100100001010;
	3166 :	0100100100000100;
	3165 :	0100100011111111;
	3164 :	0100100011111010;
	3163 :	0100100011110101;
	3162 :	0100100011110000;
	3161 :	0100100011101011;
	3160 :	0100100011100101;
	3159 :	0100100011100000;
	3158 :	0100100011011011;
	3157 :	0100100011010110;
	3156 :	0100100011010001;
	3155 :	0100100011001100;
	3154 :	0100100011000110;
	3153 :	0100100011000001;
	3152 :	0100100010111100;
	3151 :	0100100010110111;
	3150 :	0100100010110010;
	3149 :	0100100010101101;
	3148 :	0100100010100111;
	3147 :	0100100010100010;
	3146 :	0100100010011101;
	3145 :	0100100010011000;
	3144 :	0100100010010011;
	3143 :	0100100010001110;
	3142 :	0100100010001000;
	3141 :	0100100010000011;
	3140 :	0100100001111110;
	3139 :	0100100001111001;
	3138 :	0100100001110100;
	3137 :	0100100001101111;
	3136 :	0100100001101001;
	3135 :	0100100001100100;
	3134 :	0100100001011111;
	3133 :	0100100001011010;
	3132 :	0100100001010101;
	3131 :	0100100001001111;
	3130 :	0100100001001010;
	3129 :	0100100001000101;
	3128 :	0100100001000000;
	3127 :	0100100000111011;
	3126 :	0100100000110101;
	3125 :	0100100000110000;
	3124 :	0100100000101011;
	3123 :	0100100000100110;
	3122 :	0100100000100001;
	3121 :	0100100000011100;
	3120 :	0100100000010110;
	3119 :	0100100000010001;
	3118 :	0100100000001100;
	3117 :	0100100000000111;
	3116 :	0100100000000010;
	3115 :	0100011111111100;
	3114 :	0100011111110111;
	3113 :	0100011111110010;
	3112 :	0100011111101101;
	3111 :	0100011111101000;
	3110 :	0100011111100010;
	3109 :	0100011111011101;
	3108 :	0100011111011000;
	3107 :	0100011111010011;
	3106 :	0100011111001110;
	3105 :	0100011111001000;
	3104 :	0100011111000011;
	3103 :	0100011110111110;
	3102 :	0100011110111001;
	3101 :	0100011110110100;
	3100 :	0100011110101110;
	3099 :	0100011110101001;
	3098 :	0100011110100100;
	3097 :	0100011110011111;
	3096 :	0100011110011010;
	3095 :	0100011110010100;
	3094 :	0100011110001111;
	3093 :	0100011110001010;
	3092 :	0100011110000101;
	3091 :	0100011110000000;
	3090 :	0100011101111010;
	3089 :	0100011101110101;
	3088 :	0100011101110000;
	3087 :	0100011101101011;
	3086 :	0100011101100101;
	3085 :	0100011101100000;
	3084 :	0100011101011011;
	3083 :	0100011101010110;
	3082 :	0100011101010001;
	3081 :	0100011101001011;
	3080 :	0100011101000110;
	3079 :	0100011101000001;
	3078 :	0100011100111100;
	3077 :	0100011100110110;
	3076 :	0100011100110001;
	3075 :	0100011100101100;
	3074 :	0100011100100111;
	3073 :	0100011100100010;
	3072 :	0100011100011100;
	3071 :	0100011100010111;
	3070 :	0100011100010010;
	3069 :	0100011100001101;
	3068 :	0100011100000111;
	3067 :	0100011100000010;
	3066 :	0100011011111101;
	3065 :	0100011011111000;
	3064 :	0100011011110011;
	3063 :	0100011011101101;
	3062 :	0100011011101000;
	3061 :	0100011011100011;
	3060 :	0100011011011110;
	3059 :	0100011011011000;
	3058 :	0100011011010011;
	3057 :	0100011011001110;
	3056 :	0100011011001001;
	3055 :	0100011011000011;
	3054 :	0100011010111110;
	3053 :	0100011010111001;
	3052 :	0100011010110100;
	3051 :	0100011010101111;
	3050 :	0100011010101001;
	3049 :	0100011010100100;
	3048 :	0100011010011111;
	3047 :	0100011010011010;
	3046 :	0100011010010100;
	3045 :	0100011010001111;
	3044 :	0100011010001010;
	3043 :	0100011010000101;
	3042 :	0100011001111111;
	3041 :	0100011001111010;
	3040 :	0100011001110101;
	3039 :	0100011001110000;
	3038 :	0100011001101010;
	3037 :	0100011001100101;
	3036 :	0100011001100000;
	3035 :	0100011001011011;
	3034 :	0100011001010101;
	3033 :	0100011001010000;
	3032 :	0100011001001011;
	3031 :	0100011001000110;
	3030 :	0100011001000000;
	3029 :	0100011000111011;
	3028 :	0100011000110110;
	3027 :	0100011000110001;
	3026 :	0100011000101011;
	3025 :	0100011000100110;
	3024 :	0100011000100001;
	3023 :	0100011000011100;
	3022 :	0100011000010110;
	3021 :	0100011000010001;
	3020 :	0100011000001100;
	3019 :	0100011000000111;
	3018 :	0100011000000001;
	3017 :	0100010111111100;
	3016 :	0100010111110111;
	3015 :	0100010111110010;
	3014 :	0100010111101100;
	3013 :	0100010111100111;
	3012 :	0100010111100010;
	3011 :	0100010111011100;
	3010 :	0100010111010111;
	3009 :	0100010111010010;
	3008 :	0100010111001101;
	3007 :	0100010111000111;
	3006 :	0100010111000010;
	3005 :	0100010110111101;
	3004 :	0100010110111000;
	3003 :	0100010110110010;
	3002 :	0100010110101101;
	3001 :	0100010110101000;
	3000 :	0100010110100011;
	2999 :	0100010110011101;
	2998 :	0100010110011000;
	2997 :	0100010110010011;
	2996 :	0100010110001101;
	2995 :	0100010110001000;
	2994 :	0100010110000011;
	2993 :	0100010101111110;
	2992 :	0100010101111000;
	2991 :	0100010101110011;
	2990 :	0100010101101110;
	2989 :	0100010101101000;
	2988 :	0100010101100011;
	2987 :	0100010101011110;
	2986 :	0100010101011001;
	2985 :	0100010101010011;
	2984 :	0100010101001110;
	2983 :	0100010101001001;
	2982 :	0100010101000100;
	2981 :	0100010100111110;
	2980 :	0100010100111001;
	2979 :	0100010100110100;
	2978 :	0100010100101110;
	2977 :	0100010100101001;
	2976 :	0100010100100100;
	2975 :	0100010100011111;
	2974 :	0100010100011001;
	2973 :	0100010100010100;
	2972 :	0100010100001111;
	2971 :	0100010100001001;
	2970 :	0100010100000100;
	2969 :	0100010011111111;
	2968 :	0100010011111001;
	2967 :	0100010011110100;
	2966 :	0100010011101111;
	2965 :	0100010011101010;
	2964 :	0100010011100100;
	2963 :	0100010011011111;
	2962 :	0100010011011010;
	2961 :	0100010011010100;
	2960 :	0100010011001111;
	2959 :	0100010011001010;
	2958 :	0100010011000101;
	2957 :	0100010010111111;
	2956 :	0100010010111010;
	2955 :	0100010010110101;
	2954 :	0100010010101111;
	2953 :	0100010010101010;
	2952 :	0100010010100101;
	2951 :	0100010010011111;
	2950 :	0100010010011010;
	2949 :	0100010010010101;
	2948 :	0100010010001111;
	2947 :	0100010010001010;
	2946 :	0100010010000101;
	2945 :	0100010010000000;
	2944 :	0100010001111010;
	2943 :	0100010001110101;
	2942 :	0100010001110000;
	2941 :	0100010001101010;
	2940 :	0100010001100101;
	2939 :	0100010001100000;
	2938 :	0100010001011010;
	2937 :	0100010001010101;
	2936 :	0100010001010000;
	2935 :	0100010001001010;
	2934 :	0100010001000101;
	2933 :	0100010001000000;
	2932 :	0100010000111011;
	2931 :	0100010000110101;
	2930 :	0100010000110000;
	2929 :	0100010000101011;
	2928 :	0100010000100101;
	2927 :	0100010000100000;
	2926 :	0100010000011011;
	2925 :	0100010000010101;
	2924 :	0100010000010000;
	2923 :	0100010000001011;
	2922 :	0100010000000101;
	2921 :	0100010000000000;
	2920 :	0100001111111011;
	2919 :	0100001111110101;
	2918 :	0100001111110000;
	2917 :	0100001111101011;
	2916 :	0100001111100101;
	2915 :	0100001111100000;
	2914 :	0100001111011011;
	2913 :	0100001111010101;
	2912 :	0100001111010000;
	2911 :	0100001111001011;
	2910 :	0100001111000101;
	2909 :	0100001111000000;
	2908 :	0100001110111011;
	2907 :	0100001110110101;
	2906 :	0100001110110000;
	2905 :	0100001110101011;
	2904 :	0100001110100101;
	2903 :	0100001110100000;
	2902 :	0100001110011011;
	2901 :	0100001110010101;
	2900 :	0100001110010000;
	2899 :	0100001110001011;
	2898 :	0100001110000101;
	2897 :	0100001110000000;
	2896 :	0100001101111011;
	2895 :	0100001101110101;
	2894 :	0100001101110000;
	2893 :	0100001101101011;
	2892 :	0100001101100101;
	2891 :	0100001101100000;
	2890 :	0100001101011011;
	2889 :	0100001101010101;
	2888 :	0100001101010000;
	2887 :	0100001101001011;
	2886 :	0100001101000101;
	2885 :	0100001101000000;
	2884 :	0100001100111011;
	2883 :	0100001100110101;
	2882 :	0100001100110000;
	2881 :	0100001100101011;
	2880 :	0100001100100101;
	2879 :	0100001100100000;
	2878 :	0100001100011011;
	2877 :	0100001100010101;
	2876 :	0100001100010000;
	2875 :	0100001100001010;
	2874 :	0100001100000101;
	2873 :	0100001100000000;
	2872 :	0100001011111010;
	2871 :	0100001011110101;
	2870 :	0100001011110000;
	2869 :	0100001011101010;
	2868 :	0100001011100101;
	2867 :	0100001011100000;
	2866 :	0100001011011010;
	2865 :	0100001011010101;
	2864 :	0100001011010000;
	2863 :	0100001011001010;
	2862 :	0100001011000101;
	2861 :	0100001010111111;
	2860 :	0100001010111010;
	2859 :	0100001010110101;
	2858 :	0100001010101111;
	2857 :	0100001010101010;
	2856 :	0100001010100101;
	2855 :	0100001010011111;
	2854 :	0100001010011010;
	2853 :	0100001010010101;
	2852 :	0100001010001111;
	2851 :	0100001010001010;
	2850 :	0100001010000100;
	2849 :	0100001001111111;
	2848 :	0100001001111010;
	2847 :	0100001001110100;
	2846 :	0100001001101111;
	2845 :	0100001001101010;
	2844 :	0100001001100100;
	2843 :	0100001001011111;
	2842 :	0100001001011010;
	2841 :	0100001001010100;
	2840 :	0100001001001111;
	2839 :	0100001001001001;
	2838 :	0100001001000100;
	2837 :	0100001000111111;
	2836 :	0100001000111001;
	2835 :	0100001000110100;
	2834 :	0100001000101111;
	2833 :	0100001000101001;
	2832 :	0100001000100100;
	2831 :	0100001000011110;
	2830 :	0100001000011001;
	2829 :	0100001000010100;
	2828 :	0100001000001110;
	2827 :	0100001000001001;
	2826 :	0100001000000011;
	2825 :	0100000111111110;
	2824 :	0100000111111001;
	2823 :	0100000111110011;
	2822 :	0100000111101110;
	2821 :	0100000111101001;
	2820 :	0100000111100011;
	2819 :	0100000111011110;
	2818 :	0100000111011000;
	2817 :	0100000111010011;
	2816 :	0100000111001110;
	2815 :	0100000111001000;
	2814 :	0100000111000011;
	2813 :	0100000110111101;
	2812 :	0100000110111000;
	2811 :	0100000110110011;
	2810 :	0100000110101101;
	2809 :	0100000110101000;
	2808 :	0100000110100010;
	2807 :	0100000110011101;
	2806 :	0100000110011000;
	2805 :	0100000110010010;
	2804 :	0100000110001101;
	2803 :	0100000110000111;
	2802 :	0100000110000010;
	2801 :	0100000101111101;
	2800 :	0100000101110111;
	2799 :	0100000101110010;
	2798 :	0100000101101101;
	2797 :	0100000101100111;
	2796 :	0100000101100010;
	2795 :	0100000101011100;
	2794 :	0100000101010111;
	2793 :	0100000101010001;
	2792 :	0100000101001100;
	2791 :	0100000101000111;
	2790 :	0100000101000001;
	2789 :	0100000100111100;
	2788 :	0100000100110110;
	2787 :	0100000100110001;
	2786 :	0100000100101100;
	2785 :	0100000100100110;
	2784 :	0100000100100001;
	2783 :	0100000100011011;
	2782 :	0100000100010110;
	2781 :	0100000100010001;
	2780 :	0100000100001011;
	2779 :	0100000100000110;
	2778 :	0100000100000000;
	2777 :	0100000011111011;
	2776 :	0100000011110110;
	2775 :	0100000011110000;
	2774 :	0100000011101011;
	2773 :	0100000011100101;
	2772 :	0100000011100000;
	2771 :	0100000011011010;
	2770 :	0100000011010101;
	2769 :	0100000011010000;
	2768 :	0100000011001010;
	2767 :	0100000011000101;
	2766 :	0100000010111111;
	2765 :	0100000010111010;
	2764 :	0100000010110101;
	2763 :	0100000010101111;
	2762 :	0100000010101010;
	2761 :	0100000010100100;
	2760 :	0100000010011111;
	2759 :	0100000010011001;
	2758 :	0100000010010100;
	2757 :	0100000010001111;
	2756 :	0100000010001001;
	2755 :	0100000010000100;
	2754 :	0100000001111110;
	2753 :	0100000001111001;
	2752 :	0100000001110011;
	2751 :	0100000001101110;
	2750 :	0100000001101001;
	2749 :	0100000001100011;
	2748 :	0100000001011110;
	2747 :	0100000001011000;
	2746 :	0100000001010011;
	2745 :	0100000001001101;
	2744 :	0100000001001000;
	2743 :	0100000001000011;
	2742 :	0100000000111101;
	2741 :	0100000000111000;
	2740 :	0100000000110010;
	2739 :	0100000000101101;
	2738 :	0100000000100111;
	2737 :	0100000000100010;
	2736 :	0100000000011101;
	2735 :	0100000000010111;
	2734 :	0100000000010010;
	2733 :	0100000000001100;
	2732 :	0100000000000111;
	2731 :	0100000000000001;
	2730 :	0011111111111100;
	2729 :	0011111111110110;
	2728 :	0011111111110001;
	2727 :	0011111111101100;
	2726 :	0011111111100110;
	2725 :	0011111111100001;
	2724 :	0011111111011011;
	2723 :	0011111111010110;
	2722 :	0011111111010000;
	2721 :	0011111111001011;
	2720 :	0011111111000101;
	2719 :	0011111111000000;
	2718 :	0011111110111011;
	2717 :	0011111110110101;
	2716 :	0011111110110000;
	2715 :	0011111110101010;
	2714 :	0011111110100101;
	2713 :	0011111110011111;
	2712 :	0011111110011010;
	2711 :	0011111110010100;
	2710 :	0011111110001111;
	2709 :	0011111110001001;
	2708 :	0011111110000100;
	2707 :	0011111101111111;
	2706 :	0011111101111001;
	2705 :	0011111101110100;
	2704 :	0011111101101110;
	2703 :	0011111101101001;
	2702 :	0011111101100011;
	2701 :	0011111101011110;
	2700 :	0011111101011000;
	2699 :	0011111101010011;
	2698 :	0011111101001101;
	2697 :	0011111101001000;
	2696 :	0011111101000011;
	2695 :	0011111100111101;
	2694 :	0011111100111000;
	2693 :	0011111100110010;
	2692 :	0011111100101101;
	2691 :	0011111100100111;
	2690 :	0011111100100010;
	2689 :	0011111100011100;
	2688 :	0011111100010111;
	2687 :	0011111100010001;
	2686 :	0011111100001100;
	2685 :	0011111100000110;
	2684 :	0011111100000001;
	2683 :	0011111011111011;
	2682 :	0011111011110110;
	2681 :	0011111011110001;
	2680 :	0011111011101011;
	2679 :	0011111011100110;
	2678 :	0011111011100000;
	2677 :	0011111011011011;
	2676 :	0011111011010101;
	2675 :	0011111011010000;
	2674 :	0011111011001010;
	2673 :	0011111011000101;
	2672 :	0011111010111111;
	2671 :	0011111010111010;
	2670 :	0011111010110100;
	2669 :	0011111010101111;
	2668 :	0011111010101001;
	2667 :	0011111010100100;
	2666 :	0011111010011110;
	2665 :	0011111010011001;
	2664 :	0011111010010011;
	2663 :	0011111010001110;
	2662 :	0011111010001000;
	2661 :	0011111010000011;
	2660 :	0011111001111101;
	2659 :	0011111001111000;
	2658 :	0011111001110011;
	2657 :	0011111001101101;
	2656 :	0011111001101000;
	2655 :	0011111001100010;
	2654 :	0011111001011101;
	2653 :	0011111001010111;
	2652 :	0011111001010010;
	2651 :	0011111001001100;
	2650 :	0011111001000111;
	2649 :	0011111001000001;
	2648 :	0011111000111100;
	2647 :	0011111000110110;
	2646 :	0011111000110001;
	2645 :	0011111000101011;
	2644 :	0011111000100110;
	2643 :	0011111000100000;
	2642 :	0011111000011011;
	2641 :	0011111000010101;
	2640 :	0011111000010000;
	2639 :	0011111000001010;
	2638 :	0011111000000101;
	2637 :	0011110111111111;
	2636 :	0011110111111010;
	2635 :	0011110111110100;
	2634 :	0011110111101111;
	2633 :	0011110111101001;
	2632 :	0011110111100100;
	2631 :	0011110111011110;
	2630 :	0011110111011001;
	2629 :	0011110111010011;
	2628 :	0011110111001110;
	2627 :	0011110111001000;
	2626 :	0011110111000011;
	2625 :	0011110110111101;
	2624 :	0011110110111000;
	2623 :	0011110110110010;
	2622 :	0011110110101101;
	2621 :	0011110110100111;
	2620 :	0011110110100010;
	2619 :	0011110110011100;
	2618 :	0011110110010111;
	2617 :	0011110110010001;
	2616 :	0011110110001100;
	2615 :	0011110110000110;
	2614 :	0011110110000001;
	2613 :	0011110101111011;
	2612 :	0011110101110110;
	2611 :	0011110101110000;
	2610 :	0011110101101011;
	2609 :	0011110101100101;
	2608 :	0011110101100000;
	2607 :	0011110101011010;
	2606 :	0011110101010101;
	2605 :	0011110101001111;
	2604 :	0011110101001010;
	2603 :	0011110101000100;
	2602 :	0011110100111110;
	2601 :	0011110100111001;
	2600 :	0011110100110011;
	2599 :	0011110100101110;
	2598 :	0011110100101000;
	2597 :	0011110100100011;
	2596 :	0011110100011101;
	2595 :	0011110100011000;
	2594 :	0011110100010010;
	2593 :	0011110100001101;
	2592 :	0011110100000111;
	2591 :	0011110100000010;
	2590 :	0011110011111100;
	2589 :	0011110011110111;
	2588 :	0011110011110001;
	2587 :	0011110011101100;
	2586 :	0011110011100110;
	2585 :	0011110011100001;
	2584 :	0011110011011011;
	2583 :	0011110011010110;
	2582 :	0011110011010000;
	2581 :	0011110011001010;
	2580 :	0011110011000101;
	2579 :	0011110010111111;
	2578 :	0011110010111010;
	2577 :	0011110010110100;
	2576 :	0011110010101111;
	2575 :	0011110010101001;
	2574 :	0011110010100100;
	2573 :	0011110010011110;
	2572 :	0011110010011001;
	2571 :	0011110010010011;
	2570 :	0011110010001110;
	2569 :	0011110010001000;
	2568 :	0011110010000011;
	2567 :	0011110001111101;
	2566 :	0011110001110111;
	2565 :	0011110001110010;
	2564 :	0011110001101100;
	2563 :	0011110001100111;
	2562 :	0011110001100001;
	2561 :	0011110001011100;
	2560 :	0011110001010110;
	2559 :	0011110001010001;
	2558 :	0011110001001011;
	2557 :	0011110001000110;
	2556 :	0011110001000000;
	2555 :	0011110000111011;
	2554 :	0011110000110101;
	2553 :	0011110000101111;
	2552 :	0011110000101010;
	2551 :	0011110000100100;
	2550 :	0011110000011111;
	2549 :	0011110000011001;
	2548 :	0011110000010100;
	2547 :	0011110000001110;
	2546 :	0011110000001001;
	2545 :	0011110000000011;
	2544 :	0011101111111110;
	2543 :	0011101111111000;
	2542 :	0011101111110010;
	2541 :	0011101111101101;
	2540 :	0011101111100111;
	2539 :	0011101111100010;
	2538 :	0011101111011100;
	2537 :	0011101111010111;
	2536 :	0011101111010001;
	2535 :	0011101111001100;
	2534 :	0011101111000110;
	2533 :	0011101111000000;
	2532 :	0011101110111011;
	2531 :	0011101110110101;
	2530 :	0011101110110000;
	2529 :	0011101110101010;
	2528 :	0011101110100101;
	2527 :	0011101110011111;
	2526 :	0011101110011010;
	2525 :	0011101110010100;
	2524 :	0011101110001110;
	2523 :	0011101110001001;
	2522 :	0011101110000011;
	2521 :	0011101101111110;
	2520 :	0011101101111000;
	2519 :	0011101101110011;
	2518 :	0011101101101101;
	2517 :	0011101101100111;
	2516 :	0011101101100010;
	2515 :	0011101101011100;
	2514 :	0011101101010111;
	2513 :	0011101101010001;
	2512 :	0011101101001100;
	2511 :	0011101101000110;
	2510 :	0011101101000000;
	2509 :	0011101100111011;
	2508 :	0011101100110101;
	2507 :	0011101100110000;
	2506 :	0011101100101010;
	2505 :	0011101100100101;
	2504 :	0011101100011111;
	2503 :	0011101100011001;
	2502 :	0011101100010100;
	2501 :	0011101100001110;
	2500 :	0011101100001001;
	2499 :	0011101100000011;
	2498 :	0011101011111110;
	2497 :	0011101011111000;
	2496 :	0011101011110010;
	2495 :	0011101011101101;
	2494 :	0011101011100111;
	2493 :	0011101011100010;
	2492 :	0011101011011100;
	2491 :	0011101011010111;
	2490 :	0011101011010001;
	2489 :	0011101011001011;
	2488 :	0011101011000110;
	2487 :	0011101011000000;
	2486 :	0011101010111011;
	2485 :	0011101010110101;
	2484 :	0011101010110000;
	2483 :	0011101010101010;
	2482 :	0011101010100100;
	2481 :	0011101010011111;
	2480 :	0011101010011001;
	2479 :	0011101010010100;
	2478 :	0011101010001110;
	2477 :	0011101010001000;
	2476 :	0011101010000011;
	2475 :	0011101001111101;
	2474 :	0011101001111000;
	2473 :	0011101001110010;
	2472 :	0011101001101100;
	2471 :	0011101001100111;
	2470 :	0011101001100001;
	2469 :	0011101001011100;
	2468 :	0011101001010110;
	2467 :	0011101001010001;
	2466 :	0011101001001011;
	2465 :	0011101001000101;
	2464 :	0011101001000000;
	2463 :	0011101000111010;
	2462 :	0011101000110101;
	2461 :	0011101000101111;
	2460 :	0011101000101001;
	2459 :	0011101000100100;
	2458 :	0011101000011110;
	2457 :	0011101000011001;
	2456 :	0011101000010011;
	2455 :	0011101000001101;
	2454 :	0011101000001000;
	2453 :	0011101000000010;
	2452 :	0011100111111101;
	2451 :	0011100111110111;
	2450 :	0011100111110001;
	2449 :	0011100111101100;
	2448 :	0011100111100110;
	2447 :	0011100111100001;
	2446 :	0011100111011011;
	2445 :	0011100111010101;
	2444 :	0011100111010000;
	2443 :	0011100111001010;
	2442 :	0011100111000101;
	2441 :	0011100110111111;
	2440 :	0011100110111001;
	2439 :	0011100110110100;
	2438 :	0011100110101110;
	2437 :	0011100110101000;
	2436 :	0011100110100011;
	2435 :	0011100110011101;
	2434 :	0011100110011000;
	2433 :	0011100110010010;
	2432 :	0011100110001100;
	2431 :	0011100110000111;
	2430 :	0011100110000001;
	2429 :	0011100101111100;
	2428 :	0011100101110110;
	2427 :	0011100101110000;
	2426 :	0011100101101011;
	2425 :	0011100101100101;
	2424 :	0011100101100000;
	2423 :	0011100101011010;
	2422 :	0011100101010100;
	2421 :	0011100101001111;
	2420 :	0011100101001001;
	2419 :	0011100101000011;
	2418 :	0011100100111110;
	2417 :	0011100100111000;
	2416 :	0011100100110011;
	2415 :	0011100100101101;
	2414 :	0011100100100111;
	2413 :	0011100100100010;
	2412 :	0011100100011100;
	2411 :	0011100100010110;
	2410 :	0011100100010001;
	2409 :	0011100100001011;
	2408 :	0011100100000110;
	2407 :	0011100100000000;
	2406 :	0011100011111010;
	2405 :	0011100011110101;
	2404 :	0011100011101111;
	2403 :	0011100011101001;
	2402 :	0011100011100100;
	2401 :	0011100011011110;
	2400 :	0011100011011001;
	2399 :	0011100011010011;
	2398 :	0011100011001101;
	2397 :	0011100011001000;
	2396 :	0011100011000010;
	2395 :	0011100010111100;
	2394 :	0011100010110111;
	2393 :	0011100010110001;
	2392 :	0011100010101011;
	2391 :	0011100010100110;
	2390 :	0011100010100000;
	2389 :	0011100010011011;
	2388 :	0011100010010101;
	2387 :	0011100010001111;
	2386 :	0011100010001010;
	2385 :	0011100010000100;
	2384 :	0011100001111110;
	2383 :	0011100001111001;
	2382 :	0011100001110011;
	2381 :	0011100001101101;
	2380 :	0011100001101000;
	2379 :	0011100001100010;
	2378 :	0011100001011101;
	2377 :	0011100001010111;
	2376 :	0011100001010001;
	2375 :	0011100001001100;
	2374 :	0011100001000110;
	2373 :	0011100001000000;
	2372 :	0011100000111011;
	2371 :	0011100000110101;
	2370 :	0011100000101111;
	2369 :	0011100000101010;
	2368 :	0011100000100100;
	2367 :	0011100000011110;
	2366 :	0011100000011001;
	2365 :	0011100000010011;
	2364 :	0011100000001110;
	2363 :	0011100000001000;
	2362 :	0011100000000010;
	2361 :	0011011111111101;
	2360 :	0011011111110111;
	2359 :	0011011111110001;
	2358 :	0011011111101100;
	2357 :	0011011111100110;
	2356 :	0011011111100000;
	2355 :	0011011111011011;
	2354 :	0011011111010101;
	2353 :	0011011111001111;
	2352 :	0011011111001010;
	2351 :	0011011111000100;
	2350 :	0011011110111110;
	2349 :	0011011110111001;
	2348 :	0011011110110011;
	2347 :	0011011110101101;
	2346 :	0011011110101000;
	2345 :	0011011110100010;
	2344 :	0011011110011100;
	2343 :	0011011110010111;
	2342 :	0011011110010001;
	2341 :	0011011110001011;
	2340 :	0011011110000110;
	2339 :	0011011110000000;
	2338 :	0011011101111011;
	2337 :	0011011101110101;
	2336 :	0011011101101111;
	2335 :	0011011101101010;
	2334 :	0011011101100100;
	2333 :	0011011101011110;
	2332 :	0011011101011001;
	2331 :	0011011101010011;
	2330 :	0011011101001101;
	2329 :	0011011101001000;
	2328 :	0011011101000010;
	2327 :	0011011100111100;
	2326 :	0011011100110111;
	2325 :	0011011100110001;
	2324 :	0011011100101011;
	2323 :	0011011100100110;
	2322 :	0011011100100000;
	2321 :	0011011100011010;
	2320 :	0011011100010101;
	2319 :	0011011100001111;
	2318 :	0011011100001001;
	2317 :	0011011100000011;
	2316 :	0011011011111110;
	2315 :	0011011011111000;
	2314 :	0011011011110010;
	2313 :	0011011011101101;
	2312 :	0011011011100111;
	2311 :	0011011011100001;
	2310 :	0011011011011100;
	2309 :	0011011011010110;
	2308 :	0011011011010000;
	2307 :	0011011011001011;
	2306 :	0011011011000101;
	2305 :	0011011010111111;
	2304 :	0011011010111010;
	2303 :	0011011010110100;
	2302 :	0011011010101110;
	2301 :	0011011010101001;
	2300 :	0011011010100011;
	2299 :	0011011010011101;
	2298 :	0011011010011000;
	2297 :	0011011010010010;
	2296 :	0011011010001100;
	2295 :	0011011010000111;
	2294 :	0011011010000001;
	2293 :	0011011001111011;
	2292 :	0011011001110110;
	2291 :	0011011001110000;
	2290 :	0011011001101010;
	2289 :	0011011001100100;
	2288 :	0011011001011111;
	2287 :	0011011001011001;
	2286 :	0011011001010011;
	2285 :	0011011001001110;
	2284 :	0011011001001000;
	2283 :	0011011001000010;
	2282 :	0011011000111101;
	2281 :	0011011000110111;
	2280 :	0011011000110001;
	2279 :	0011011000101100;
	2278 :	0011011000100110;
	2277 :	0011011000100000;
	2276 :	0011011000011010;
	2275 :	0011011000010101;
	2274 :	0011011000001111;
	2273 :	0011011000001001;
	2272 :	0011011000000100;
	2271 :	0011010111111110;
	2270 :	0011010111111000;
	2269 :	0011010111110011;
	2268 :	0011010111101101;
	2267 :	0011010111100111;
	2266 :	0011010111100001;
	2265 :	0011010111011100;
	2264 :	0011010111010110;
	2263 :	0011010111010000;
	2262 :	0011010111001011;
	2261 :	0011010111000101;
	2260 :	0011010110111111;
	2259 :	0011010110111010;
	2258 :	0011010110110100;
	2257 :	0011010110101110;
	2256 :	0011010110101000;
	2255 :	0011010110100011;
	2254 :	0011010110011101;
	2253 :	0011010110010111;
	2252 :	0011010110010010;
	2251 :	0011010110001100;
	2250 :	0011010110000110;
	2249 :	0011010110000001;
	2248 :	0011010101111011;
	2247 :	0011010101110101;
	2246 :	0011010101101111;
	2245 :	0011010101101010;
	2244 :	0011010101100100;
	2243 :	0011010101011110;
	2242 :	0011010101011001;
	2241 :	0011010101010011;
	2240 :	0011010101001101;
	2239 :	0011010101000111;
	2238 :	0011010101000010;
	2237 :	0011010100111100;
	2236 :	0011010100110110;
	2235 :	0011010100110001;
	2234 :	0011010100101011;
	2233 :	0011010100100101;
	2232 :	0011010100011111;
	2231 :	0011010100011010;
	2230 :	0011010100010100;
	2229 :	0011010100001110;
	2228 :	0011010100001001;
	2227 :	0011010100000011;
	2226 :	0011010011111101;
	2225 :	0011010011110111;
	2224 :	0011010011110010;
	2223 :	0011010011101100;
	2222 :	0011010011100110;
	2221 :	0011010011100001;
	2220 :	0011010011011011;
	2219 :	0011010011010101;
	2218 :	0011010011001111;
	2217 :	0011010011001010;
	2216 :	0011010011000100;
	2215 :	0011010010111110;
	2214 :	0011010010111000;
	2213 :	0011010010110011;
	2212 :	0011010010101101;
	2211 :	0011010010100111;
	2210 :	0011010010100010;
	2209 :	0011010010011100;
	2208 :	0011010010010110;
	2207 :	0011010010010000;
	2206 :	0011010010001011;
	2205 :	0011010010000101;
	2204 :	0011010001111111;
	2203 :	0011010001111001;
	2202 :	0011010001110100;
	2201 :	0011010001101110;
	2200 :	0011010001101000;
	2199 :	0011010001100011;
	2198 :	0011010001011101;
	2197 :	0011010001010111;
	2196 :	0011010001010001;
	2195 :	0011010001001100;
	2194 :	0011010001000110;
	2193 :	0011010001000000;
	2192 :	0011010000111010;
	2191 :	0011010000110101;
	2190 :	0011010000101111;
	2189 :	0011010000101001;
	2188 :	0011010000100011;
	2187 :	0011010000011110;
	2186 :	0011010000011000;
	2185 :	0011010000010010;
	2184 :	0011010000001100;
	2183 :	0011010000000111;
	2182 :	0011010000000001;
	2181 :	0011001111111011;
	2180 :	0011001111110110;
	2179 :	0011001111110000;
	2178 :	0011001111101010;
	2177 :	0011001111100100;
	2176 :	0011001111011111;
	2175 :	0011001111011001;
	2174 :	0011001111010011;
	2173 :	0011001111001101;
	2172 :	0011001111001000;
	2171 :	0011001111000010;
	2170 :	0011001110111100;
	2169 :	0011001110110110;
	2168 :	0011001110110001;
	2167 :	0011001110101011;
	2166 :	0011001110100101;
	2165 :	0011001110011111;
	2164 :	0011001110011010;
	2163 :	0011001110010100;
	2162 :	0011001110001110;
	2161 :	0011001110001000;
	2160 :	0011001110000011;
	2159 :	0011001101111101;
	2158 :	0011001101110111;
	2157 :	0011001101110001;
	2156 :	0011001101101100;
	2155 :	0011001101100110;
	2154 :	0011001101100000;
	2153 :	0011001101011010;
	2152 :	0011001101010101;
	2151 :	0011001101001111;
	2150 :	0011001101001001;
	2149 :	0011001101000011;
	2148 :	0011001100111110;
	2147 :	0011001100111000;
	2146 :	0011001100110010;
	2145 :	0011001100101100;
	2144 :	0011001100100110;
	2143 :	0011001100100001;
	2142 :	0011001100011011;
	2141 :	0011001100010101;
	2140 :	0011001100001111;
	2139 :	0011001100001010;
	2138 :	0011001100000100;
	2137 :	0011001011111110;
	2136 :	0011001011111000;
	2135 :	0011001011110011;
	2134 :	0011001011101101;
	2133 :	0011001011100111;
	2132 :	0011001011100001;
	2131 :	0011001011011100;
	2130 :	0011001011010110;
	2129 :	0011001011010000;
	2128 :	0011001011001010;
	2127 :	0011001011000101;
	2126 :	0011001010111111;
	2125 :	0011001010111001;
	2124 :	0011001010110011;
	2123 :	0011001010101101;
	2122 :	0011001010101000;
	2121 :	0011001010100010;
	2120 :	0011001010011100;
	2119 :	0011001010010110;
	2118 :	0011001010010001;
	2117 :	0011001010001011;
	2116 :	0011001010000101;
	2115 :	0011001001111111;
	2114 :	0011001001111001;
	2113 :	0011001001110100;
	2112 :	0011001001101110;
	2111 :	0011001001101000;
	2110 :	0011001001100010;
	2109 :	0011001001011101;
	2108 :	0011001001010111;
	2107 :	0011001001010001;
	2106 :	0011001001001011;
	2105 :	0011001001000110;
	2104 :	0011001001000000;
	2103 :	0011001000111010;
	2102 :	0011001000110100;
	2101 :	0011001000101110;
	2100 :	0011001000101001;
	2099 :	0011001000100011;
	2098 :	0011001000011101;
	2097 :	0011001000010111;
	2096 :	0011001000010001;
	2095 :	0011001000001100;
	2094 :	0011001000000110;
	2093 :	0011001000000000;
	2092 :	0011000111111010;
	2091 :	0011000111110101;
	2090 :	0011000111101111;
	2089 :	0011000111101001;
	2088 :	0011000111100011;
	2087 :	0011000111011101;
	2086 :	0011000111011000;
	2085 :	0011000111010010;
	2084 :	0011000111001100;
	2083 :	0011000111000110;
	2082 :	0011000111000000;
	2081 :	0011000110111011;
	2080 :	0011000110110101;
	2079 :	0011000110101111;
	2078 :	0011000110101001;
	2077 :	0011000110100100;
	2076 :	0011000110011110;
	2075 :	0011000110011000;
	2074 :	0011000110010010;
	2073 :	0011000110001100;
	2072 :	0011000110000111;
	2071 :	0011000110000001;
	2070 :	0011000101111011;
	2069 :	0011000101110101;
	2068 :	0011000101101111;
	2067 :	0011000101101010;
	2066 :	0011000101100100;
	2065 :	0011000101011110;
	2064 :	0011000101011000;
	2063 :	0011000101010010;
	2062 :	0011000101001101;
	2061 :	0011000101000111;
	2060 :	0011000101000001;
	2059 :	0011000100111011;
	2058 :	0011000100110101;
	2057 :	0011000100110000;
	2056 :	0011000100101010;
	2055 :	0011000100100100;
	2054 :	0011000100011110;
	2053 :	0011000100011000;
	2052 :	0011000100010011;
	2051 :	0011000100001101;
	2050 :	0011000100000111;
	2049 :	0011000100000001;
	2048 :	0011000011111011;
	2047 :	0011000011110110;
	2046 :	0011000011110000;
	2045 :	0011000011101010;
	2044 :	0011000011100100;
	2043 :	0011000011011110;
	2042 :	0011000011011001;
	2041 :	0011000011010011;
	2040 :	0011000011001101;
	2039 :	0011000011000111;
	2038 :	0011000011000001;
	2037 :	0011000010111100;
	2036 :	0011000010110110;
	2035 :	0011000010110000;
	2034 :	0011000010101010;
	2033 :	0011000010100100;
	2032 :	0011000010011110;
	2031 :	0011000010011001;
	2030 :	0011000010010011;
	2029 :	0011000010001101;
	2028 :	0011000010000111;
	2027 :	0011000010000001;
	2026 :	0011000001111100;
	2025 :	0011000001110110;
	2024 :	0011000001110000;
	2023 :	0011000001101010;
	2022 :	0011000001100100;
	2021 :	0011000001011110;
	2020 :	0011000001011001;
	2019 :	0011000001010011;
	2018 :	0011000001001101;
	2017 :	0011000001000111;
	2016 :	0011000001000001;
	2015 :	0011000000111100;
	2014 :	0011000000110110;
	2013 :	0011000000110000;
	2012 :	0011000000101010;
	2011 :	0011000000100100;
	2010 :	0011000000011110;
	2009 :	0011000000011001;
	2008 :	0011000000010011;
	2007 :	0011000000001101;
	2006 :	0011000000000111;
	2005 :	0011000000000001;
	2004 :	0010111111111100;
	2003 :	0010111111110110;
	2002 :	0010111111110000;
	2001 :	0010111111101010;
	2000 :	0010111111100100;
	1999 :	0010111111011110;
	1998 :	0010111111011001;
	1997 :	0010111111010011;
	1996 :	0010111111001101;
	1995 :	0010111111000111;
	1994 :	0010111111000001;
	1993 :	0010111110111011;
	1992 :	0010111110110110;
	1991 :	0010111110110000;
	1990 :	0010111110101010;
	1989 :	0010111110100100;
	1988 :	0010111110011110;
	1987 :	0010111110011000;
	1986 :	0010111110010011;
	1985 :	0010111110001101;
	1984 :	0010111110000111;
	1983 :	0010111110000001;
	1982 :	0010111101111011;
	1981 :	0010111101110101;
	1980 :	0010111101110000;
	1979 :	0010111101101010;
	1978 :	0010111101100100;
	1977 :	0010111101011110;
	1976 :	0010111101011000;
	1975 :	0010111101010010;
	1974 :	0010111101001101;
	1973 :	0010111101000111;
	1972 :	0010111101000001;
	1971 :	0010111100111011;
	1970 :	0010111100110101;
	1969 :	0010111100101111;
	1968 :	0010111100101010;
	1967 :	0010111100100100;
	1966 :	0010111100011110;
	1965 :	0010111100011000;
	1964 :	0010111100010010;
	1963 :	0010111100001100;
	1962 :	0010111100000110;
	1961 :	0010111100000001;
	1960 :	0010111011111011;
	1959 :	0010111011110101;
	1958 :	0010111011101111;
	1957 :	0010111011101001;
	1956 :	0010111011100011;
	1955 :	0010111011011110;
	1954 :	0010111011011000;
	1953 :	0010111011010010;
	1952 :	0010111011001100;
	1951 :	0010111011000110;
	1950 :	0010111011000000;
	1949 :	0010111010111010;
	1948 :	0010111010110101;
	1947 :	0010111010101111;
	1946 :	0010111010101001;
	1945 :	0010111010100011;
	1944 :	0010111010011101;
	1943 :	0010111010010111;
	1942 :	0010111010010010;
	1941 :	0010111010001100;
	1940 :	0010111010000110;
	1939 :	0010111010000000;
	1938 :	0010111001111010;
	1937 :	0010111001110100;
	1936 :	0010111001101110;
	1935 :	0010111001101001;
	1934 :	0010111001100011;
	1933 :	0010111001011101;
	1932 :	0010111001010111;
	1931 :	0010111001010001;
	1930 :	0010111001001011;
	1929 :	0010111001000101;
	1928 :	0010111001000000;
	1927 :	0010111000111010;
	1926 :	0010111000110100;
	1925 :	0010111000101110;
	1924 :	0010111000101000;
	1923 :	0010111000100010;
	1922 :	0010111000011100;
	1921 :	0010111000010111;
	1920 :	0010111000010001;
	1919 :	0010111000001011;
	1918 :	0010111000000101;
	1917 :	0010110111111111;
	1916 :	0010110111111001;
	1915 :	0010110111110011;
	1914 :	0010110111101110;
	1913 :	0010110111101000;
	1912 :	0010110111100010;
	1911 :	0010110111011100;
	1910 :	0010110111010110;
	1909 :	0010110111010000;
	1908 :	0010110111001010;
	1907 :	0010110111000100;
	1906 :	0010110110111111;
	1905 :	0010110110111001;
	1904 :	0010110110110011;
	1903 :	0010110110101101;
	1902 :	0010110110100111;
	1901 :	0010110110100001;
	1900 :	0010110110011011;
	1899 :	0010110110010101;
	1898 :	0010110110010000;
	1897 :	0010110110001010;
	1896 :	0010110110000100;
	1895 :	0010110101111110;
	1894 :	0010110101111000;
	1893 :	0010110101110010;
	1892 :	0010110101101100;
	1891 :	0010110101100111;
	1890 :	0010110101100001;
	1889 :	0010110101011011;
	1888 :	0010110101010101;
	1887 :	0010110101001111;
	1886 :	0010110101001001;
	1885 :	0010110101000011;
	1884 :	0010110100111101;
	1883 :	0010110100110111;
	1882 :	0010110100110010;
	1881 :	0010110100101100;
	1880 :	0010110100100110;
	1879 :	0010110100100000;
	1878 :	0010110100011010;
	1877 :	0010110100010100;
	1876 :	0010110100001110;
	1875 :	0010110100001000;
	1874 :	0010110100000011;
	1873 :	0010110011111101;
	1872 :	0010110011110111;
	1871 :	0010110011110001;
	1870 :	0010110011101011;
	1869 :	0010110011100101;
	1868 :	0010110011011111;
	1867 :	0010110011011001;
	1866 :	0010110011010100;
	1865 :	0010110011001110;
	1864 :	0010110011001000;
	1863 :	0010110011000010;
	1862 :	0010110010111100;
	1861 :	0010110010110110;
	1860 :	0010110010110000;
	1859 :	0010110010101010;
	1858 :	0010110010100100;
	1857 :	0010110010011111;
	1856 :	0010110010011001;
	1855 :	0010110010010011;
	1854 :	0010110010001101;
	1853 :	0010110010000111;
	1852 :	0010110010000001;
	1851 :	0010110001111011;
	1850 :	0010110001110101;
	1849 :	0010110001101111;
	1848 :	0010110001101010;
	1847 :	0010110001100100;
	1846 :	0010110001011110;
	1845 :	0010110001011000;
	1844 :	0010110001010010;
	1843 :	0010110001001100;
	1842 :	0010110001000110;
	1841 :	0010110001000000;
	1840 :	0010110000111010;
	1839 :	0010110000110100;
	1838 :	0010110000101111;
	1837 :	0010110000101001;
	1836 :	0010110000100011;
	1835 :	0010110000011101;
	1834 :	0010110000010111;
	1833 :	0010110000010001;
	1832 :	0010110000001011;
	1831 :	0010110000000101;
	1830 :	0010101111111111;
	1829 :	0010101111111001;
	1828 :	0010101111110100;
	1827 :	0010101111101110;
	1826 :	0010101111101000;
	1825 :	0010101111100010;
	1824 :	0010101111011100;
	1823 :	0010101111010110;
	1822 :	0010101111010000;
	1821 :	0010101111001010;
	1820 :	0010101111000100;
	1819 :	0010101110111110;
	1818 :	0010101110111001;
	1817 :	0010101110110011;
	1816 :	0010101110101101;
	1815 :	0010101110100111;
	1814 :	0010101110100001;
	1813 :	0010101110011011;
	1812 :	0010101110010101;
	1811 :	0010101110001111;
	1810 :	0010101110001001;
	1809 :	0010101110000011;
	1808 :	0010101101111101;
	1807 :	0010101101111000;
	1806 :	0010101101110010;
	1805 :	0010101101101100;
	1804 :	0010101101100110;
	1803 :	0010101101100000;
	1802 :	0010101101011010;
	1801 :	0010101101010100;
	1800 :	0010101101001110;
	1799 :	0010101101001000;
	1798 :	0010101101000010;
	1797 :	0010101100111100;
	1796 :	0010101100110111;
	1795 :	0010101100110001;
	1794 :	0010101100101011;
	1793 :	0010101100100101;
	1792 :	0010101100011111;
	1791 :	0010101100011001;
	1790 :	0010101100010011;
	1789 :	0010101100001101;
	1788 :	0010101100000111;
	1787 :	0010101100000001;
	1786 :	0010101011111011;
	1785 :	0010101011110101;
	1784 :	0010101011110000;
	1783 :	0010101011101010;
	1782 :	0010101011100100;
	1781 :	0010101011011110;
	1780 :	0010101011011000;
	1779 :	0010101011010010;
	1778 :	0010101011001100;
	1777 :	0010101011000110;
	1776 :	0010101011000000;
	1775 :	0010101010111010;
	1774 :	0010101010110100;
	1773 :	0010101010101110;
	1772 :	0010101010101000;
	1771 :	0010101010100011;
	1770 :	0010101010011101;
	1769 :	0010101010010111;
	1768 :	0010101010010001;
	1767 :	0010101010001011;
	1766 :	0010101010000101;
	1765 :	0010101001111111;
	1764 :	0010101001111001;
	1763 :	0010101001110011;
	1762 :	0010101001101101;
	1761 :	0010101001100111;
	1760 :	0010101001100001;
	1759 :	0010101001011011;
	1758 :	0010101001010110;
	1757 :	0010101001010000;
	1756 :	0010101001001010;
	1755 :	0010101001000100;
	1754 :	0010101000111110;
	1753 :	0010101000111000;
	1752 :	0010101000110010;
	1751 :	0010101000101100;
	1750 :	0010101000100110;
	1749 :	0010101000100000;
	1748 :	0010101000011010;
	1747 :	0010101000010100;
	1746 :	0010101000001110;
	1745 :	0010101000001000;
	1744 :	0010101000000010;
	1743 :	0010100111111101;
	1742 :	0010100111110111;
	1741 :	0010100111110001;
	1740 :	0010100111101011;
	1739 :	0010100111100101;
	1738 :	0010100111011111;
	1737 :	0010100111011001;
	1736 :	0010100111010011;
	1735 :	0010100111001101;
	1734 :	0010100111000111;
	1733 :	0010100111000001;
	1732 :	0010100110111011;
	1731 :	0010100110110101;
	1730 :	0010100110101111;
	1729 :	0010100110101001;
	1728 :	0010100110100011;
	1727 :	0010100110011110;
	1726 :	0010100110011000;
	1725 :	0010100110010010;
	1724 :	0010100110001100;
	1723 :	0010100110000110;
	1722 :	0010100110000000;
	1721 :	0010100101111010;
	1720 :	0010100101110100;
	1719 :	0010100101101110;
	1718 :	0010100101101000;
	1717 :	0010100101100010;
	1716 :	0010100101011100;
	1715 :	0010100101010110;
	1714 :	0010100101010000;
	1713 :	0010100101001010;
	1712 :	0010100101000100;
	1711 :	0010100100111110;
	1710 :	0010100100111000;
	1709 :	0010100100110010;
	1708 :	0010100100101101;
	1707 :	0010100100100111;
	1706 :	0010100100100001;
	1705 :	0010100100011011;
	1704 :	0010100100010101;
	1703 :	0010100100001111;
	1702 :	0010100100001001;
	1701 :	0010100100000011;
	1700 :	0010100011111101;
	1699 :	0010100011110111;
	1698 :	0010100011110001;
	1697 :	0010100011101011;
	1696 :	0010100011100101;
	1695 :	0010100011011111;
	1694 :	0010100011011001;
	1693 :	0010100011010011;
	1692 :	0010100011001101;
	1691 :	0010100011000111;
	1690 :	0010100011000001;
	1689 :	0010100010111011;
	1688 :	0010100010110101;
	1687 :	0010100010110000;
	1686 :	0010100010101010;
	1685 :	0010100010100100;
	1684 :	0010100010011110;
	1683 :	0010100010011000;
	1682 :	0010100010010010;
	1681 :	0010100010001100;
	1680 :	0010100010000110;
	1679 :	0010100010000000;
	1678 :	0010100001111010;
	1677 :	0010100001110100;
	1676 :	0010100001101110;
	1675 :	0010100001101000;
	1674 :	0010100001100010;
	1673 :	0010100001011100;
	1672 :	0010100001010110;
	1671 :	0010100001010000;
	1670 :	0010100001001010;
	1669 :	0010100001000100;
	1668 :	0010100000111110;
	1667 :	0010100000111000;
	1666 :	0010100000110010;
	1665 :	0010100000101100;
	1664 :	0010100000100110;
	1663 :	0010100000100000;
	1662 :	0010100000011010;
	1661 :	0010100000010101;
	1660 :	0010100000001111;
	1659 :	0010100000001001;
	1658 :	0010100000000011;
	1657 :	0010011111111101;
	1656 :	0010011111110111;
	1655 :	0010011111110001;
	1654 :	0010011111101011;
	1653 :	0010011111100101;
	1652 :	0010011111011111;
	1651 :	0010011111011001;
	1650 :	0010011111010011;
	1649 :	0010011111001101;
	1648 :	0010011111000111;
	1647 :	0010011111000001;
	1646 :	0010011110111011;
	1645 :	0010011110110101;
	1644 :	0010011110101111;
	1643 :	0010011110101001;
	1642 :	0010011110100011;
	1641 :	0010011110011101;
	1640 :	0010011110010111;
	1639 :	0010011110010001;
	1638 :	0010011110001011;
	1637 :	0010011110000101;
	1636 :	0010011101111111;
	1635 :	0010011101111001;
	1634 :	0010011101110011;
	1633 :	0010011101101101;
	1632 :	0010011101100111;
	1631 :	0010011101100001;
	1630 :	0010011101011011;
	1629 :	0010011101010101;
	1628 :	0010011101001111;
	1627 :	0010011101001001;
	1626 :	0010011101000011;
	1625 :	0010011100111101;
	1624 :	0010011100110111;
	1623 :	0010011100110001;
	1622 :	0010011100101100;
	1621 :	0010011100100110;
	1620 :	0010011100100000;
	1619 :	0010011100011010;
	1618 :	0010011100010100;
	1617 :	0010011100001110;
	1616 :	0010011100001000;
	1615 :	0010011100000010;
	1614 :	0010011011111100;
	1613 :	0010011011110110;
	1612 :	0010011011110000;
	1611 :	0010011011101010;
	1610 :	0010011011100100;
	1609 :	0010011011011110;
	1608 :	0010011011011000;
	1607 :	0010011011010010;
	1606 :	0010011011001100;
	1605 :	0010011011000110;
	1604 :	0010011011000000;
	1603 :	0010011010111010;
	1602 :	0010011010110100;
	1601 :	0010011010101110;
	1600 :	0010011010101000;
	1599 :	0010011010100010;
	1598 :	0010011010011100;
	1597 :	0010011010010110;
	1596 :	0010011010010000;
	1595 :	0010011010001010;
	1594 :	0010011010000100;
	1593 :	0010011001111110;
	1592 :	0010011001111000;
	1591 :	0010011001110010;
	1590 :	0010011001101100;
	1589 :	0010011001100110;
	1588 :	0010011001100000;
	1587 :	0010011001011010;
	1586 :	0010011001010100;
	1585 :	0010011001001110;
	1584 :	0010011001001000;
	1583 :	0010011001000010;
	1582 :	0010011000111100;
	1581 :	0010011000110110;
	1580 :	0010011000110000;
	1579 :	0010011000101010;
	1578 :	0010011000100100;
	1577 :	0010011000011110;
	1576 :	0010011000011000;
	1575 :	0010011000010010;
	1574 :	0010011000001100;
	1573 :	0010011000000110;
	1572 :	0010011000000000;
	1571 :	0010010111111010;
	1570 :	0010010111110100;
	1569 :	0010010111101110;
	1568 :	0010010111101000;
	1567 :	0010010111100010;
	1566 :	0010010111011100;
	1565 :	0010010111010110;
	1564 :	0010010111010000;
	1563 :	0010010111001010;
	1562 :	0010010111000100;
	1561 :	0010010110111110;
	1560 :	0010010110111000;
	1559 :	0010010110110010;
	1558 :	0010010110101100;
	1557 :	0010010110100110;
	1556 :	0010010110100000;
	1555 :	0010010110011010;
	1554 :	0010010110010100;
	1553 :	0010010110001110;
	1552 :	0010010110001000;
	1551 :	0010010110000010;
	1550 :	0010010101111100;
	1549 :	0010010101110110;
	1548 :	0010010101110000;
	1547 :	0010010101101010;
	1546 :	0010010101100100;
	1545 :	0010010101011110;
	1544 :	0010010101011000;
	1543 :	0010010101010010;
	1542 :	0010010101001100;
	1541 :	0010010101000110;
	1540 :	0010010101000000;
	1539 :	0010010100111010;
	1538 :	0010010100110100;
	1537 :	0010010100101110;
	1536 :	0010010100101000;
	1535 :	0010010100100010;
	1534 :	0010010100011100;
	1533 :	0010010100010110;
	1532 :	0010010100010000;
	1531 :	0010010100001010;
	1530 :	0010010100000100;
	1529 :	0010010011111110;
	1528 :	0010010011111000;
	1527 :	0010010011110010;
	1526 :	0010010011101100;
	1525 :	0010010011100110;
	1524 :	0010010011100000;
	1523 :	0010010011011010;
	1522 :	0010010011010100;
	1521 :	0010010011001110;
	1520 :	0010010011001000;
	1519 :	0010010011000001;
	1518 :	0010010010111011;
	1517 :	0010010010110101;
	1516 :	0010010010101111;
	1515 :	0010010010101001;
	1514 :	0010010010100011;
	1513 :	0010010010011101;
	1512 :	0010010010010111;
	1511 :	0010010010010001;
	1510 :	0010010010001011;
	1509 :	0010010010000101;
	1508 :	0010010001111111;
	1507 :	0010010001111001;
	1506 :	0010010001110011;
	1505 :	0010010001101101;
	1504 :	0010010001100111;
	1503 :	0010010001100001;
	1502 :	0010010001011011;
	1501 :	0010010001010101;
	1500 :	0010010001001111;
	1499 :	0010010001001001;
	1498 :	0010010001000011;
	1497 :	0010010000111101;
	1496 :	0010010000110111;
	1495 :	0010010000110001;
	1494 :	0010010000101011;
	1493 :	0010010000100101;
	1492 :	0010010000011111;
	1491 :	0010010000011001;
	1490 :	0010010000010011;
	1489 :	0010010000001101;
	1488 :	0010010000000111;
	1487 :	0010010000000001;
	1486 :	0010001111111011;
	1485 :	0010001111110101;
	1484 :	0010001111101111;
	1483 :	0010001111101001;
	1482 :	0010001111100011;
	1481 :	0010001111011101;
	1480 :	0010001111010111;
	1479 :	0010001111010000;
	1478 :	0010001111001010;
	1477 :	0010001111000100;
	1476 :	0010001110111110;
	1475 :	0010001110111000;
	1474 :	0010001110110010;
	1473 :	0010001110101100;
	1472 :	0010001110100110;
	1471 :	0010001110100000;
	1470 :	0010001110011010;
	1469 :	0010001110010100;
	1468 :	0010001110001110;
	1467 :	0010001110001000;
	1466 :	0010001110000010;
	1465 :	0010001101111100;
	1464 :	0010001101110110;
	1463 :	0010001101110000;
	1462 :	0010001101101010;
	1461 :	0010001101100100;
	1460 :	0010001101011110;
	1459 :	0010001101011000;
	1458 :	0010001101010010;
	1457 :	0010001101001100;
	1456 :	0010001101000110;
	1455 :	0010001101000000;
	1454 :	0010001100111010;
	1453 :	0010001100110100;
	1452 :	0010001100101110;
	1451 :	0010001100100111;
	1450 :	0010001100100001;
	1449 :	0010001100011011;
	1448 :	0010001100010101;
	1447 :	0010001100001111;
	1446 :	0010001100001001;
	1445 :	0010001100000011;
	1444 :	0010001011111101;
	1443 :	0010001011110111;
	1442 :	0010001011110001;
	1441 :	0010001011101011;
	1440 :	0010001011100101;
	1439 :	0010001011011111;
	1438 :	0010001011011001;
	1437 :	0010001011010011;
	1436 :	0010001011001101;
	1435 :	0010001011000111;
	1434 :	0010001011000001;
	1433 :	0010001010111011;
	1432 :	0010001010110101;
	1431 :	0010001010101111;
	1430 :	0010001010101001;
	1429 :	0010001010100010;
	1428 :	0010001010011100;
	1427 :	0010001010010110;
	1426 :	0010001010010000;
	1425 :	0010001010001010;
	1424 :	0010001010000100;
	1423 :	0010001001111110;
	1422 :	0010001001111000;
	1421 :	0010001001110010;
	1420 :	0010001001101100;
	1419 :	0010001001100110;
	1418 :	0010001001100000;
	1417 :	0010001001011010;
	1416 :	0010001001010100;
	1415 :	0010001001001110;
	1414 :	0010001001001000;
	1413 :	0010001001000010;
	1412 :	0010001000111100;
	1411 :	0010001000110110;
	1410 :	0010001000101111;
	1409 :	0010001000101001;
	1408 :	0010001000100011;
	1407 :	0010001000011101;
	1406 :	0010001000010111;
	1405 :	0010001000010001;
	1404 :	0010001000001011;
	1403 :	0010001000000101;
	1402 :	0010000111111111;
	1401 :	0010000111111001;
	1400 :	0010000111110011;
	1399 :	0010000111101101;
	1398 :	0010000111100111;
	1397 :	0010000111100001;
	1396 :	0010000111011011;
	1395 :	0010000111010101;
	1394 :	0010000111001111;
	1393 :	0010000111001001;
	1392 :	0010000111000010;
	1391 :	0010000110111100;
	1390 :	0010000110110110;
	1389 :	0010000110110000;
	1388 :	0010000110101010;
	1387 :	0010000110100100;
	1386 :	0010000110011110;
	1385 :	0010000110011000;
	1384 :	0010000110010010;
	1383 :	0010000110001100;
	1382 :	0010000110000110;
	1381 :	0010000110000000;
	1380 :	0010000101111010;
	1379 :	0010000101110100;
	1378 :	0010000101101110;
	1377 :	0010000101101000;
	1376 :	0010000101100001;
	1375 :	0010000101011011;
	1374 :	0010000101010101;
	1373 :	0010000101001111;
	1372 :	0010000101001001;
	1371 :	0010000101000011;
	1370 :	0010000100111101;
	1369 :	0010000100110111;
	1368 :	0010000100110001;
	1367 :	0010000100101011;
	1366 :	0010000100100101;
	1365 :	0010000100011111;
	1364 :	0010000100011001;
	1363 :	0010000100010011;
	1362 :	0010000100001100;
	1361 :	0010000100000110;
	1360 :	0010000100000000;
	1359 :	0010000011111010;
	1358 :	0010000011110100;
	1357 :	0010000011101110;
	1356 :	0010000011101000;
	1355 :	0010000011100010;
	1354 :	0010000011011100;
	1353 :	0010000011010110;
	1352 :	0010000011010000;
	1351 :	0010000011001010;
	1350 :	0010000011000100;
	1349 :	0010000010111110;
	1348 :	0010000010110111;
	1347 :	0010000010110001;
	1346 :	0010000010101011;
	1345 :	0010000010100101;
	1344 :	0010000010011111;
	1343 :	0010000010011001;
	1342 :	0010000010010011;
	1341 :	0010000010001101;
	1340 :	0010000010000111;
	1339 :	0010000010000001;
	1338 :	0010000001111011;
	1337 :	0010000001110101;
	1336 :	0010000001101111;
	1335 :	0010000001101000;
	1334 :	0010000001100010;
	1333 :	0010000001011100;
	1332 :	0010000001010110;
	1331 :	0010000001010000;
	1330 :	0010000001001010;
	1329 :	0010000001000100;
	1328 :	0010000000111110;
	1327 :	0010000000111000;
	1326 :	0010000000110010;
	1325 :	0010000000101100;
	1324 :	0010000000100110;
	1323 :	0010000000100000;
	1322 :	0010000000011001;
	1321 :	0010000000010011;
	1320 :	0010000000001101;
	1319 :	0010000000000111;
	1318 :	0010000000000001;
	1317 :	0001111111111011;
	1316 :	0001111111110101;
	1315 :	0001111111101111;
	1314 :	0001111111101001;
	1313 :	0001111111100011;
	1312 :	0001111111011101;
	1311 :	0001111111010111;
	1310 :	0001111111010000;
	1309 :	0001111111001010;
	1308 :	0001111111000100;
	1307 :	0001111110111110;
	1306 :	0001111110111000;
	1305 :	0001111110110010;
	1304 :	0001111110101100;
	1303 :	0001111110100110;
	1302 :	0001111110100000;
	1301 :	0001111110011010;
	1300 :	0001111110010100;
	1299 :	0001111110001101;
	1298 :	0001111110000111;
	1297 :	0001111110000001;
	1296 :	0001111101111011;
	1295 :	0001111101110101;
	1294 :	0001111101101111;
	1293 :	0001111101101001;
	1292 :	0001111101100011;
	1291 :	0001111101011101;
	1290 :	0001111101010111;
	1289 :	0001111101010001;
	1288 :	0001111101001010;
	1287 :	0001111101000100;
	1286 :	0001111100111110;
	1285 :	0001111100111000;
	1284 :	0001111100110010;
	1283 :	0001111100101100;
	1282 :	0001111100100110;
	1281 :	0001111100100000;
	1280 :	0001111100011010;
	1279 :	0001111100010100;
	1278 :	0001111100001110;
	1277 :	0001111100000111;
	1276 :	0001111100000001;
	1275 :	0001111011111011;
	1274 :	0001111011110101;
	1273 :	0001111011101111;
	1272 :	0001111011101001;
	1271 :	0001111011100011;
	1270 :	0001111011011101;
	1269 :	0001111011010111;
	1268 :	0001111011010001;
	1267 :	0001111011001010;
	1266 :	0001111011000100;
	1265 :	0001111010111110;
	1264 :	0001111010111000;
	1263 :	0001111010110010;
	1262 :	0001111010101100;
	1261 :	0001111010100110;
	1260 :	0001111010100000;
	1259 :	0001111010011010;
	1258 :	0001111010010100;
	1257 :	0001111010001101;
	1256 :	0001111010000111;
	1255 :	0001111010000001;
	1254 :	0001111001111011;
	1253 :	0001111001110101;
	1252 :	0001111001101111;
	1251 :	0001111001101001;
	1250 :	0001111001100011;
	1249 :	0001111001011101;
	1248 :	0001111001010111;
	1247 :	0001111001010000;
	1246 :	0001111001001010;
	1245 :	0001111001000100;
	1244 :	0001111000111110;
	1243 :	0001111000111000;
	1242 :	0001111000110010;
	1241 :	0001111000101100;
	1240 :	0001111000100110;
	1239 :	0001111000100000;
	1238 :	0001111000011001;
	1237 :	0001111000010011;
	1236 :	0001111000001101;
	1235 :	0001111000000111;
	1234 :	0001111000000001;
	1233 :	0001110111111011;
	1232 :	0001110111110101;
	1231 :	0001110111101111;
	1230 :	0001110111101001;
	1229 :	0001110111100011;
	1228 :	0001110111011100;
	1227 :	0001110111010110;
	1226 :	0001110111010000;
	1225 :	0001110111001010;
	1224 :	0001110111000100;
	1223 :	0001110110111110;
	1222 :	0001110110111000;
	1221 :	0001110110110010;
	1220 :	0001110110101100;
	1219 :	0001110110100101;
	1218 :	0001110110011111;
	1217 :	0001110110011001;
	1216 :	0001110110010011;
	1215 :	0001110110001101;
	1214 :	0001110110000111;
	1213 :	0001110110000001;
	1212 :	0001110101111011;
	1211 :	0001110101110101;
	1210 :	0001110101101110;
	1209 :	0001110101101000;
	1208 :	0001110101100010;
	1207 :	0001110101011100;
	1206 :	0001110101010110;
	1205 :	0001110101010000;
	1204 :	0001110101001010;
	1203 :	0001110101000100;
	1202 :	0001110100111101;
	1201 :	0001110100110111;
	1200 :	0001110100110001;
	1199 :	0001110100101011;
	1198 :	0001110100100101;
	1197 :	0001110100011111;
	1196 :	0001110100011001;
	1195 :	0001110100010011;
	1194 :	0001110100001101;
	1193 :	0001110100000110;
	1192 :	0001110100000000;
	1191 :	0001110011111010;
	1190 :	0001110011110100;
	1189 :	0001110011101110;
	1188 :	0001110011101000;
	1187 :	0001110011100010;
	1186 :	0001110011011100;
	1185 :	0001110011010101;
	1184 :	0001110011001111;
	1183 :	0001110011001001;
	1182 :	0001110011000011;
	1181 :	0001110010111101;
	1180 :	0001110010110111;
	1179 :	0001110010110001;
	1178 :	0001110010101011;
	1177 :	0001110010100100;
	1176 :	0001110010011110;
	1175 :	0001110010011000;
	1174 :	0001110010010010;
	1173 :	0001110010001100;
	1172 :	0001110010000110;
	1171 :	0001110010000000;
	1170 :	0001110001111010;
	1169 :	0001110001110011;
	1168 :	0001110001101101;
	1167 :	0001110001100111;
	1166 :	0001110001100001;
	1165 :	0001110001011011;
	1164 :	0001110001010101;
	1163 :	0001110001001111;
	1162 :	0001110001001001;
	1161 :	0001110001000010;
	1160 :	0001110000111100;
	1159 :	0001110000110110;
	1158 :	0001110000110000;
	1157 :	0001110000101010;
	1156 :	0001110000100100;
	1155 :	0001110000011110;
	1154 :	0001110000011000;
	1153 :	0001110000010001;
	1152 :	0001110000001011;
	1151 :	0001110000000101;
	1150 :	0001101111111111;
	1149 :	0001101111111001;
	1148 :	0001101111110011;
	1147 :	0001101111101101;
	1146 :	0001101111100111;
	1145 :	0001101111100000;
	1144 :	0001101111011010;
	1143 :	0001101111010100;
	1142 :	0001101111001110;
	1141 :	0001101111001000;
	1140 :	0001101111000010;
	1139 :	0001101110111100;
	1138 :	0001101110110101;
	1137 :	0001101110101111;
	1136 :	0001101110101001;
	1135 :	0001101110100011;
	1134 :	0001101110011101;
	1133 :	0001101110010111;
	1132 :	0001101110010001;
	1131 :	0001101110001010;
	1130 :	0001101110000100;
	1129 :	0001101101111110;
	1128 :	0001101101111000;
	1127 :	0001101101110010;
	1126 :	0001101101101100;
	1125 :	0001101101100110;
	1124 :	0001101101100000;
	1123 :	0001101101011001;
	1122 :	0001101101010011;
	1121 :	0001101101001101;
	1120 :	0001101101000111;
	1119 :	0001101101000001;
	1118 :	0001101100111011;
	1117 :	0001101100110101;
	1116 :	0001101100101110;
	1115 :	0001101100101000;
	1114 :	0001101100100010;
	1113 :	0001101100011100;
	1112 :	0001101100010110;
	1111 :	0001101100010000;
	1110 :	0001101100001010;
	1109 :	0001101100000011;
	1108 :	0001101011111101;
	1107 :	0001101011110111;
	1106 :	0001101011110001;
	1105 :	0001101011101011;
	1104 :	0001101011100101;
	1103 :	0001101011011111;
	1102 :	0001101011011000;
	1101 :	0001101011010010;
	1100 :	0001101011001100;
	1099 :	0001101011000110;
	1098 :	0001101011000000;
	1097 :	0001101010111010;
	1096 :	0001101010110100;
	1095 :	0001101010101101;
	1094 :	0001101010100111;
	1093 :	0001101010100001;
	1092 :	0001101010011011;
	1091 :	0001101010010101;
	1090 :	0001101010001111;
	1089 :	0001101010001001;
	1088 :	0001101010000010;
	1087 :	0001101001111100;
	1086 :	0001101001110110;
	1085 :	0001101001110000;
	1084 :	0001101001101010;
	1083 :	0001101001100100;
	1082 :	0001101001011110;
	1081 :	0001101001010111;
	1080 :	0001101001010001;
	1079 :	0001101001001011;
	1078 :	0001101001000101;
	1077 :	0001101000111111;
	1076 :	0001101000111001;
	1075 :	0001101000110010;
	1074 :	0001101000101100;
	1073 :	0001101000100110;
	1072 :	0001101000100000;
	1071 :	0001101000011010;
	1070 :	0001101000010100;
	1069 :	0001101000001110;
	1068 :	0001101000000111;
	1067 :	0001101000000001;
	1066 :	0001100111111011;
	1065 :	0001100111110101;
	1064 :	0001100111101111;
	1063 :	0001100111101001;
	1062 :	0001100111100011;
	1061 :	0001100111011100;
	1060 :	0001100111010110;
	1059 :	0001100111010000;
	1058 :	0001100111001010;
	1057 :	0001100111000100;
	1056 :	0001100110111110;
	1055 :	0001100110110111;
	1054 :	0001100110110001;
	1053 :	0001100110101011;
	1052 :	0001100110100101;
	1051 :	0001100110011111;
	1050 :	0001100110011001;
	1049 :	0001100110010011;
	1048 :	0001100110001100;
	1047 :	0001100110000110;
	1046 :	0001100110000000;
	1045 :	0001100101111010;
	1044 :	0001100101110100;
	1043 :	0001100101101110;
	1042 :	0001100101100111;
	1041 :	0001100101100001;
	1040 :	0001100101011011;
	1039 :	0001100101010101;
	1038 :	0001100101001111;
	1037 :	0001100101001001;
	1036 :	0001100101000010;
	1035 :	0001100100111100;
	1034 :	0001100100110110;
	1033 :	0001100100110000;
	1032 :	0001100100101010;
	1031 :	0001100100100100;
	1030 :	0001100100011101;
	1029 :	0001100100010111;
	1028 :	0001100100010001;
	1027 :	0001100100001011;
	1026 :	0001100100000101;
	1025 :	0001100011111111;
	1024 :	0001100011111001;
	1023 :	0001100011110010;
	1022 :	0001100011101100;
	1021 :	0001100011100110;
	1020 :	0001100011100000;
	1019 :	0001100011011010;
	1018 :	0001100011010100;
	1017 :	0001100011001101;
	1016 :	0001100011000111;
	1015 :	0001100011000001;
	1014 :	0001100010111011;
	1013 :	0001100010110101;
	1012 :	0001100010101111;
	1011 :	0001100010101000;
	1010 :	0001100010100010;
	1009 :	0001100010011100;
	1008 :	0001100010010110;
	1007 :	0001100010010000;
	1006 :	0001100010001010;
	1005 :	0001100010000011;
	1004 :	0001100001111101;
	1003 :	0001100001110111;
	1002 :	0001100001110001;
	1001 :	0001100001101011;
	1000 :	0001100001100101;
	999 :	0001100001011110;
	998 :	0001100001011000;
	997 :	0001100001010010;
	996 :	0001100001001100;
	995 :	0001100001000110;
	994 :	0001100001000000;
	993 :	0001100000111001;
	992 :	0001100000110011;
	991 :	0001100000101101;
	990 :	0001100000100111;
	989 :	0001100000100001;
	988 :	0001100000011011;
	987 :	0001100000010100;
	986 :	0001100000001110;
	985 :	0001100000001000;
	984 :	0001100000000010;
	983 :	0001011111111100;
	982 :	0001011111110110;
	981 :	0001011111101111;
	980 :	0001011111101001;
	979 :	0001011111100011;
	978 :	0001011111011101;
	977 :	0001011111010111;
	976 :	0001011111010000;
	975 :	0001011111001010;
	974 :	0001011111000100;
	973 :	0001011110111110;
	972 :	0001011110111000;
	971 :	0001011110110010;
	970 :	0001011110101011;
	969 :	0001011110100101;
	968 :	0001011110011111;
	967 :	0001011110011001;
	966 :	0001011110010011;
	965 :	0001011110001101;
	964 :	0001011110000110;
	963 :	0001011110000000;
	962 :	0001011101111010;
	961 :	0001011101110100;
	960 :	0001011101101110;
	959 :	0001011101100111;
	958 :	0001011101100001;
	957 :	0001011101011011;
	956 :	0001011101010101;
	955 :	0001011101001111;
	954 :	0001011101001001;
	953 :	0001011101000010;
	952 :	0001011100111100;
	951 :	0001011100110110;
	950 :	0001011100110000;
	949 :	0001011100101010;
	948 :	0001011100100100;
	947 :	0001011100011101;
	946 :	0001011100010111;
	945 :	0001011100010001;
	944 :	0001011100001011;
	943 :	0001011100000101;
	942 :	0001011011111110;
	941 :	0001011011111000;
	940 :	0001011011110010;
	939 :	0001011011101100;
	938 :	0001011011100110;
	937 :	0001011011100000;
	936 :	0001011011011001;
	935 :	0001011011010011;
	934 :	0001011011001101;
	933 :	0001011011000111;
	932 :	0001011011000001;
	931 :	0001011010111010;
	930 :	0001011010110100;
	929 :	0001011010101110;
	928 :	0001011010101000;
	927 :	0001011010100010;
	926 :	0001011010011100;
	925 :	0001011010010101;
	924 :	0001011010001111;
	923 :	0001011010001001;
	922 :	0001011010000011;
	921 :	0001011001111101;
	920 :	0001011001110110;
	919 :	0001011001110000;
	918 :	0001011001101010;
	917 :	0001011001100100;
	916 :	0001011001011110;
	915 :	0001011001010111;
	914 :	0001011001010001;
	913 :	0001011001001011;
	912 :	0001011001000101;
	911 :	0001011000111111;
	910 :	0001011000111001;
	909 :	0001011000110010;
	908 :	0001011000101100;
	907 :	0001011000100110;
	906 :	0001011000100000;
	905 :	0001011000011010;
	904 :	0001011000010011;
	903 :	0001011000001101;
	902 :	0001011000000111;
	901 :	0001011000000001;
	900 :	0001010111111011;
	899 :	0001010111110100;
	898 :	0001010111101110;
	897 :	0001010111101000;
	896 :	0001010111100010;
	895 :	0001010111011100;
	894 :	0001010111010110;
	893 :	0001010111001111;
	892 :	0001010111001001;
	891 :	0001010111000011;
	890 :	0001010110111101;
	889 :	0001010110110111;
	888 :	0001010110110000;
	887 :	0001010110101010;
	886 :	0001010110100100;
	885 :	0001010110011110;
	884 :	0001010110011000;
	883 :	0001010110010001;
	882 :	0001010110001011;
	881 :	0001010110000101;
	880 :	0001010101111111;
	879 :	0001010101111001;
	878 :	0001010101110010;
	877 :	0001010101101100;
	876 :	0001010101100110;
	875 :	0001010101100000;
	874 :	0001010101011010;
	873 :	0001010101010011;
	872 :	0001010101001101;
	871 :	0001010101000111;
	870 :	0001010101000001;
	869 :	0001010100111011;
	868 :	0001010100110100;
	867 :	0001010100101110;
	866 :	0001010100101000;
	865 :	0001010100100010;
	864 :	0001010100011100;
	863 :	0001010100010110;
	862 :	0001010100001111;
	861 :	0001010100001001;
	860 :	0001010100000011;
	859 :	0001010011111101;
	858 :	0001010011110111;
	857 :	0001010011110000;
	856 :	0001010011101010;
	855 :	0001010011100100;
	854 :	0001010011011110;
	853 :	0001010011011000;
	852 :	0001010011010001;
	851 :	0001010011001011;
	850 :	0001010011000101;
	849 :	0001010010111111;
	848 :	0001010010111001;
	847 :	0001010010110010;
	846 :	0001010010101100;
	845 :	0001010010100110;
	844 :	0001010010100000;
	843 :	0001010010011010;
	842 :	0001010010010011;
	841 :	0001010010001101;
	840 :	0001010010000111;
	839 :	0001010010000001;
	838 :	0001010001111011;
	837 :	0001010001110100;
	836 :	0001010001101110;
	835 :	0001010001101000;
	834 :	0001010001100010;
	833 :	0001010001011100;
	832 :	0001010001010101;
	831 :	0001010001001111;
	830 :	0001010001001001;
	829 :	0001010001000011;
	828 :	0001010000111100;
	827 :	0001010000110110;
	826 :	0001010000110000;
	825 :	0001010000101010;
	824 :	0001010000100100;
	823 :	0001010000011101;
	822 :	0001010000010111;
	821 :	0001010000010001;
	820 :	0001010000001011;
	819 :	0001010000000101;
	818 :	0001001111111110;
	817 :	0001001111111000;
	816 :	0001001111110010;
	815 :	0001001111101100;
	814 :	0001001111100110;
	813 :	0001001111011111;
	812 :	0001001111011001;
	811 :	0001001111010011;
	810 :	0001001111001101;
	809 :	0001001111000111;
	808 :	0001001111000000;
	807 :	0001001110111010;
	806 :	0001001110110100;
	805 :	0001001110101110;
	804 :	0001001110101000;
	803 :	0001001110100001;
	802 :	0001001110011011;
	801 :	0001001110010101;
	800 :	0001001110001111;
	799 :	0001001110001000;
	798 :	0001001110000010;
	797 :	0001001101111100;
	796 :	0001001101110110;
	795 :	0001001101110000;
	794 :	0001001101101001;
	793 :	0001001101100011;
	792 :	0001001101011101;
	791 :	0001001101010111;
	790 :	0001001101010001;
	789 :	0001001101001010;
	788 :	0001001101000100;
	787 :	0001001100111110;
	786 :	0001001100111000;
	785 :	0001001100110010;
	784 :	0001001100101011;
	783 :	0001001100100101;
	782 :	0001001100011111;
	781 :	0001001100011001;
	780 :	0001001100010010;
	779 :	0001001100001100;
	778 :	0001001100000110;
	777 :	0001001100000000;
	776 :	0001001011111010;
	775 :	0001001011110011;
	774 :	0001001011101101;
	773 :	0001001011100111;
	772 :	0001001011100001;
	771 :	0001001011011011;
	770 :	0001001011010100;
	769 :	0001001011001110;
	768 :	0001001011001000;
	767 :	0001001011000010;
	766 :	0001001010111011;
	765 :	0001001010110101;
	764 :	0001001010101111;
	763 :	0001001010101001;
	762 :	0001001010100011;
	761 :	0001001010011100;
	760 :	0001001010010110;
	759 :	0001001010010000;
	758 :	0001001010001010;
	757 :	0001001010000100;
	756 :	0001001001111101;
	755 :	0001001001110111;
	754 :	0001001001110001;
	753 :	0001001001101011;
	752 :	0001001001100100;
	751 :	0001001001011110;
	750 :	0001001001011000;
	749 :	0001001001010010;
	748 :	0001001001001100;
	747 :	0001001001000101;
	746 :	0001001000111111;
	745 :	0001001000111001;
	744 :	0001001000110011;
	743 :	0001001000101100;
	742 :	0001001000100110;
	741 :	0001001000100000;
	740 :	0001001000011010;
	739 :	0001001000010100;
	738 :	0001001000001101;
	737 :	0001001000000111;
	736 :	0001001000000001;
	735 :	0001000111111011;
	734 :	0001000111110101;
	733 :	0001000111101110;
	732 :	0001000111101000;
	731 :	0001000111100010;
	730 :	0001000111011100;
	729 :	0001000111010101;
	728 :	0001000111001111;
	727 :	0001000111001001;
	726 :	0001000111000011;
	725 :	0001000110111101;
	724 :	0001000110110110;
	723 :	0001000110110000;
	722 :	0001000110101010;
	721 :	0001000110100100;
	720 :	0001000110011101;
	719 :	0001000110010111;
	718 :	0001000110010001;
	717 :	0001000110001011;
	716 :	0001000110000101;
	715 :	0001000101111110;
	714 :	0001000101111000;
	713 :	0001000101110010;
	712 :	0001000101101100;
	711 :	0001000101100101;
	710 :	0001000101011111;
	709 :	0001000101011001;
	708 :	0001000101010011;
	707 :	0001000101001100;
	706 :	0001000101000110;
	705 :	0001000101000000;
	704 :	0001000100111010;
	703 :	0001000100110100;
	702 :	0001000100101101;
	701 :	0001000100100111;
	700 :	0001000100100001;
	699 :	0001000100011011;
	698 :	0001000100010100;
	697 :	0001000100001110;
	696 :	0001000100001000;
	695 :	0001000100000010;
	694 :	0001000011111100;
	693 :	0001000011110101;
	692 :	0001000011101111;
	691 :	0001000011101001;
	690 :	0001000011100011;
	689 :	0001000011011100;
	688 :	0001000011010110;
	687 :	0001000011010000;
	686 :	0001000011001010;
	685 :	0001000011000011;
	684 :	0001000010111101;
	683 :	0001000010110111;
	682 :	0001000010110001;
	681 :	0001000010101011;
	680 :	0001000010100100;
	679 :	0001000010011110;
	678 :	0001000010011000;
	677 :	0001000010010010;
	676 :	0001000010001011;
	675 :	0001000010000101;
	674 :	0001000001111111;
	673 :	0001000001111001;
	672 :	0001000001110010;
	671 :	0001000001101100;
	670 :	0001000001100110;
	669 :	0001000001100000;
	668 :	0001000001011010;
	667 :	0001000001010011;
	666 :	0001000001001101;
	665 :	0001000001000111;
	664 :	0001000001000001;
	663 :	0001000000111010;
	662 :	0001000000110100;
	661 :	0001000000101110;
	660 :	0001000000101000;
	659 :	0001000000100001;
	658 :	0001000000011011;
	657 :	0001000000010101;
	656 :	0001000000001111;
	655 :	0001000000001001;
	654 :	0001000000000010;
	653 :	0000111111111100;
	652 :	0000111111110110;
	651 :	0000111111110000;
	650 :	0000111111101001;
	649 :	0000111111100011;
	648 :	0000111111011101;
	647 :	0000111111010111;
	646 :	0000111111010000;
	645 :	0000111111001010;
	644 :	0000111111000100;
	643 :	0000111110111110;
	642 :	0000111110111000;
	641 :	0000111110110001;
	640 :	0000111110101011;
	639 :	0000111110100101;
	638 :	0000111110011111;
	637 :	0000111110011000;
	636 :	0000111110010010;
	635 :	0000111110001100;
	634 :	0000111110000110;
	633 :	0000111101111111;
	632 :	0000111101111001;
	631 :	0000111101110011;
	630 :	0000111101101101;
	629 :	0000111101100110;
	628 :	0000111101100000;
	627 :	0000111101011010;
	626 :	0000111101010100;
	625 :	0000111101001101;
	624 :	0000111101000111;
	623 :	0000111101000001;
	622 :	0000111100111011;
	621 :	0000111100110101;
	620 :	0000111100101110;
	619 :	0000111100101000;
	618 :	0000111100100010;
	617 :	0000111100011100;
	616 :	0000111100010101;
	615 :	0000111100001111;
	614 :	0000111100001001;
	613 :	0000111100000011;
	612 :	0000111011111100;
	611 :	0000111011110110;
	610 :	0000111011110000;
	609 :	0000111011101010;
	608 :	0000111011100011;
	607 :	0000111011011101;
	606 :	0000111011010111;
	605 :	0000111011010001;
	604 :	0000111011001010;
	603 :	0000111011000100;
	602 :	0000111010111110;
	601 :	0000111010111000;
	600 :	0000111010110001;
	599 :	0000111010101011;
	598 :	0000111010100101;
	597 :	0000111010011111;
	596 :	0000111010011001;
	595 :	0000111010010010;
	594 :	0000111010001100;
	593 :	0000111010000110;
	592 :	0000111010000000;
	591 :	0000111001111001;
	590 :	0000111001110011;
	589 :	0000111001101101;
	588 :	0000111001100111;
	587 :	0000111001100000;
	586 :	0000111001011010;
	585 :	0000111001010100;
	584 :	0000111001001110;
	583 :	0000111001000111;
	582 :	0000111001000001;
	581 :	0000111000111011;
	580 :	0000111000110101;
	579 :	0000111000101110;
	578 :	0000111000101000;
	577 :	0000111000100010;
	576 :	0000111000011100;
	575 :	0000111000010101;
	574 :	0000111000001111;
	573 :	0000111000001001;
	572 :	0000111000000011;
	571 :	0000110111111100;
	570 :	0000110111110110;
	569 :	0000110111110000;
	568 :	0000110111101010;
	567 :	0000110111100011;
	566 :	0000110111011101;
	565 :	0000110111010111;
	564 :	0000110111010001;
	563 :	0000110111001010;
	562 :	0000110111000100;
	561 :	0000110110111110;
	560 :	0000110110111000;
	559 :	0000110110110001;
	558 :	0000110110101011;
	557 :	0000110110100101;
	556 :	0000110110011111;
	555 :	0000110110011000;
	554 :	0000110110010010;
	553 :	0000110110001100;
	552 :	0000110110000110;
	551 :	0000110101111111;
	550 :	0000110101111001;
	549 :	0000110101110011;
	548 :	0000110101101101;
	547 :	0000110101100110;
	546 :	0000110101100000;
	545 :	0000110101011010;
	544 :	0000110101010100;
	543 :	0000110101001110;
	542 :	0000110101000111;
	541 :	0000110101000001;
	540 :	0000110100111011;
	539 :	0000110100110101;
	538 :	0000110100101110;
	537 :	0000110100101000;
	536 :	0000110100100010;
	535 :	0000110100011100;
	534 :	0000110100010101;
	533 :	0000110100001111;
	532 :	0000110100001001;
	531 :	0000110100000011;
	530 :	0000110011111100;
	529 :	0000110011110110;
	528 :	0000110011110000;
	527 :	0000110011101010;
	526 :	0000110011100011;
	525 :	0000110011011101;
	524 :	0000110011010111;
	523 :	0000110011010001;
	522 :	0000110011001010;
	521 :	0000110011000100;
	520 :	0000110010111110;
	519 :	0000110010110111;
	518 :	0000110010110001;
	517 :	0000110010101011;
	516 :	0000110010100101;
	515 :	0000110010011110;
	514 :	0000110010011000;
	513 :	0000110010010010;
	512 :	0000110010001100;
	511 :	0000110010000101;
	510 :	0000110001111111;
	509 :	0000110001111001;
	508 :	0000110001110011;
	507 :	0000110001101100;
	506 :	0000110001100110;
	505 :	0000110001100000;
	504 :	0000110001011010;
	503 :	0000110001010011;
	502 :	0000110001001101;
	501 :	0000110001000111;
	500 :	0000110001000001;
	499 :	0000110000111010;
	498 :	0000110000110100;
	497 :	0000110000101110;
	496 :	0000110000101000;
	495 :	0000110000100001;
	494 :	0000110000011011;
	493 :	0000110000010101;
	492 :	0000110000001111;
	491 :	0000110000001000;
	490 :	0000110000000010;
	489 :	0000101111111100;
	488 :	0000101111110110;
	487 :	0000101111101111;
	486 :	0000101111101001;
	485 :	0000101111100011;
	484 :	0000101111011101;
	483 :	0000101111010110;
	482 :	0000101111010000;
	481 :	0000101111001010;
	480 :	0000101111000100;
	479 :	0000101110111101;
	478 :	0000101110110111;
	477 :	0000101110110001;
	476 :	0000101110101011;
	475 :	0000101110100100;
	474 :	0000101110011110;
	473 :	0000101110011000;
	472 :	0000101110010010;
	471 :	0000101110001011;
	470 :	0000101110000101;
	469 :	0000101101111111;
	468 :	0000101101111000;
	467 :	0000101101110010;
	466 :	0000101101101100;
	465 :	0000101101100110;
	464 :	0000101101011111;
	463 :	0000101101011001;
	462 :	0000101101010011;
	461 :	0000101101001101;
	460 :	0000101101000110;
	459 :	0000101101000000;
	458 :	0000101100111010;
	457 :	0000101100110100;
	456 :	0000101100101101;
	455 :	0000101100100111;
	454 :	0000101100100001;
	453 :	0000101100011011;
	452 :	0000101100010100;
	451 :	0000101100001110;
	450 :	0000101100001000;
	449 :	0000101100000010;
	448 :	0000101011111011;
	447 :	0000101011110101;
	446 :	0000101011101111;
	445 :	0000101011101001;
	444 :	0000101011100010;
	443 :	0000101011011100;
	442 :	0000101011010110;
	441 :	0000101011001111;
	440 :	0000101011001001;
	439 :	0000101011000011;
	438 :	0000101010111101;
	437 :	0000101010110110;
	436 :	0000101010110000;
	435 :	0000101010101010;
	434 :	0000101010100100;
	433 :	0000101010011101;
	432 :	0000101010010111;
	431 :	0000101010010001;
	430 :	0000101010001011;
	429 :	0000101010000100;
	428 :	0000101001111110;
	427 :	0000101001111000;
	426 :	0000101001110010;
	425 :	0000101001101011;
	424 :	0000101001100101;
	423 :	0000101001011111;
	422 :	0000101001011001;
	421 :	0000101001010010;
	420 :	0000101001001100;
	419 :	0000101001000110;
	418 :	0000101000111111;
	417 :	0000101000111001;
	416 :	0000101000110011;
	415 :	0000101000101101;
	414 :	0000101000100110;
	413 :	0000101000100000;
	412 :	0000101000011010;
	411 :	0000101000010100;
	410 :	0000101000001101;
	409 :	0000101000000111;
	408 :	0000101000000001;
	407 :	0000100111111011;
	406 :	0000100111110100;
	405 :	0000100111101110;
	404 :	0000100111101000;
	403 :	0000100111100010;
	402 :	0000100111011011;
	401 :	0000100111010101;
	400 :	0000100111001111;
	399 :	0000100111001000;
	398 :	0000100111000010;
	397 :	0000100110111100;
	396 :	0000100110110110;
	395 :	0000100110101111;
	394 :	0000100110101001;
	393 :	0000100110100011;
	392 :	0000100110011101;
	391 :	0000100110010110;
	390 :	0000100110010000;
	389 :	0000100110001010;
	388 :	0000100110000100;
	387 :	0000100101111101;
	386 :	0000100101110111;
	385 :	0000100101110001;
	384 :	0000100101101010;
	383 :	0000100101100100;
	382 :	0000100101011110;
	381 :	0000100101011000;
	380 :	0000100101010001;
	379 :	0000100101001011;
	378 :	0000100101000101;
	377 :	0000100100111111;
	376 :	0000100100111000;
	375 :	0000100100110010;
	374 :	0000100100101100;
	373 :	0000100100100110;
	372 :	0000100100011111;
	371 :	0000100100011001;
	370 :	0000100100010011;
	369 :	0000100100001100;
	368 :	0000100100000110;
	367 :	0000100100000000;
	366 :	0000100011111010;
	365 :	0000100011110011;
	364 :	0000100011101101;
	363 :	0000100011100111;
	362 :	0000100011100001;
	361 :	0000100011011010;
	360 :	0000100011010100;
	359 :	0000100011001110;
	358 :	0000100011001000;
	357 :	0000100011000001;
	356 :	0000100010111011;
	355 :	0000100010110101;
	354 :	0000100010101110;
	353 :	0000100010101000;
	352 :	0000100010100010;
	351 :	0000100010011100;
	350 :	0000100010010101;
	349 :	0000100010001111;
	348 :	0000100010001001;
	347 :	0000100010000011;
	346 :	0000100001111100;
	345 :	0000100001110110;
	344 :	0000100001110000;
	343 :	0000100001101010;
	342 :	0000100001100011;
	341 :	0000100001011101;
	340 :	0000100001010111;
	339 :	0000100001010000;
	338 :	0000100001001010;
	337 :	0000100001000100;
	336 :	0000100000111110;
	335 :	0000100000110111;
	334 :	0000100000110001;
	333 :	0000100000101011;
	332 :	0000100000100101;
	331 :	0000100000011110;
	330 :	0000100000011000;
	329 :	0000100000010010;
	328 :	0000100000001011;
	327 :	0000100000000101;
	326 :	0000011111111111;
	325 :	0000011111111001;
	324 :	0000011111110010;
	323 :	0000011111101100;
	322 :	0000011111100110;
	321 :	0000011111100000;
	320 :	0000011111011001;
	319 :	0000011111010011;
	318 :	0000011111001101;
	317 :	0000011111000110;
	316 :	0000011111000000;
	315 :	0000011110111010;
	314 :	0000011110110100;
	313 :	0000011110101101;
	312 :	0000011110100111;
	311 :	0000011110100001;
	310 :	0000011110011011;
	309 :	0000011110010100;
	308 :	0000011110001110;
	307 :	0000011110001000;
	306 :	0000011110000001;
	305 :	0000011101111011;
	304 :	0000011101110101;
	303 :	0000011101101111;
	302 :	0000011101101000;
	301 :	0000011101100010;
	300 :	0000011101011100;
	299 :	0000011101010110;
	298 :	0000011101001111;
	297 :	0000011101001001;
	296 :	0000011101000011;
	295 :	0000011100111100;
	294 :	0000011100110110;
	293 :	0000011100110000;
	292 :	0000011100101010;
	291 :	0000011100100011;
	290 :	0000011100011101;
	289 :	0000011100010111;
	288 :	0000011100010001;
	287 :	0000011100001010;
	286 :	0000011100000100;
	285 :	0000011011111110;
	284 :	0000011011110111;
	283 :	0000011011110001;
	282 :	0000011011101011;
	281 :	0000011011100101;
	280 :	0000011011011110;
	279 :	0000011011011000;
	278 :	0000011011010010;
	277 :	0000011011001100;
	276 :	0000011011000101;
	275 :	0000011010111111;
	274 :	0000011010111001;
	273 :	0000011010110010;
	272 :	0000011010101100;
	271 :	0000011010100110;
	270 :	0000011010100000;
	269 :	0000011010011001;
	268 :	0000011010010011;
	267 :	0000011010001101;
	266 :	0000011010000111;
	265 :	0000011010000000;
	264 :	0000011001111010;
	263 :	0000011001110100;
	262 :	0000011001101101;
	261 :	0000011001100111;
	260 :	0000011001100001;
	259 :	0000011001011011;
	258 :	0000011001010100;
	257 :	0000011001001110;
	256 :	0000011001001000;
	255 :	0000011001000010;
	254 :	0000011000111011;
	253 :	0000011000110101;
	252 :	0000011000101111;
	251 :	0000011000101000;
	250 :	0000011000100010;
	249 :	0000011000011100;
	248 :	0000011000010110;
	247 :	0000011000001111;
	246 :	0000011000001001;
	245 :	0000011000000011;
	244 :	0000010111111100;
	243 :	0000010111110110;
	242 :	0000010111110000;
	241 :	0000010111101010;
	240 :	0000010111100011;
	239 :	0000010111011101;
	238 :	0000010111010111;
	237 :	0000010111010001;
	236 :	0000010111001010;
	235 :	0000010111000100;
	234 :	0000010110111110;
	233 :	0000010110110111;
	232 :	0000010110110001;
	231 :	0000010110101011;
	230 :	0000010110100101;
	229 :	0000010110011110;
	228 :	0000010110011000;
	227 :	0000010110010010;
	226 :	0000010110001100;
	225 :	0000010110000101;
	224 :	0000010101111111;
	223 :	0000010101111001;
	222 :	0000010101110010;
	221 :	0000010101101100;
	220 :	0000010101100110;
	219 :	0000010101100000;
	218 :	0000010101011001;
	217 :	0000010101010011;
	216 :	0000010101001101;
	215 :	0000010101000110;
	214 :	0000010101000000;
	213 :	0000010100111010;
	212 :	0000010100110100;
	211 :	0000010100101101;
	210 :	0000010100100111;
	209 :	0000010100100001;
	208 :	0000010100011011;
	207 :	0000010100010100;
	206 :	0000010100001110;
	205 :	0000010100001000;
	204 :	0000010100000001;
	203 :	0000010011111011;
	202 :	0000010011110101;
	201 :	0000010011101111;
	200 :	0000010011101000;
	199 :	0000010011100010;
	198 :	0000010011011100;
	197 :	0000010011010101;
	196 :	0000010011001111;
	195 :	0000010011001001;
	194 :	0000010011000011;
	193 :	0000010010111100;
	192 :	0000010010110110;
	191 :	0000010010110000;
	190 :	0000010010101010;
	189 :	0000010010100011;
	188 :	0000010010011101;
	187 :	0000010010010111;
	186 :	0000010010010000;
	185 :	0000010010001010;
	184 :	0000010010000100;
	183 :	0000010001111110;
	182 :	0000010001110111;
	181 :	0000010001110001;
	180 :	0000010001101011;
	179 :	0000010001100100;
	178 :	0000010001011110;
	177 :	0000010001011000;
	176 :	0000010001010010;
	175 :	0000010001001011;
	174 :	0000010001000101;
	173 :	0000010000111111;
	172 :	0000010000111000;
	171 :	0000010000110010;
	170 :	0000010000101100;
	169 :	0000010000100110;
	168 :	0000010000011111;
	167 :	0000010000011001;
	166 :	0000010000010011;
	165 :	0000010000001101;
	164 :	0000010000000110;
	163 :	0000010000000000;
	162 :	0000001111111010;
	161 :	0000001111110011;
	160 :	0000001111101101;
	159 :	0000001111100111;
	158 :	0000001111100001;
	157 :	0000001111011010;
	156 :	0000001111010100;
	155 :	0000001111001110;
	154 :	0000001111000111;
	153 :	0000001111000001;
	152 :	0000001110111011;
	151 :	0000001110110101;
	150 :	0000001110101110;
	149 :	0000001110101000;
	148 :	0000001110100010;
	147 :	0000001110011011;
	146 :	0000001110010101;
	145 :	0000001110001111;
	144 :	0000001110001001;
	143 :	0000001110000010;
	142 :	0000001101111100;
	141 :	0000001101110110;
	140 :	0000001101110000;
	139 :	0000001101101001;
	138 :	0000001101100011;
	137 :	0000001101011101;
	136 :	0000001101010110;
	135 :	0000001101010000;
	134 :	0000001101001010;
	133 :	0000001101000100;
	132 :	0000001100111101;
	131 :	0000001100110111;
	130 :	0000001100110001;
	129 :	0000001100101010;
	128 :	0000001100100100;
	127 :	0000001100011110;
	126 :	0000001100011000;
	125 :	0000001100010001;
	124 :	0000001100001011;
	123 :	0000001100000101;
	122 :	0000001011111110;
	121 :	0000001011111000;
	120 :	0000001011110010;
	119 :	0000001011101100;
	118 :	0000001011100101;
	117 :	0000001011011111;
	116 :	0000001011011001;
	115 :	0000001011010010;
	114 :	0000001011001100;
	113 :	0000001011000110;
	112 :	0000001011000000;
	111 :	0000001010111001;
	110 :	0000001010110011;
	109 :	0000001010101101;
	108 :	0000001010100111;
	107 :	0000001010100000;
	106 :	0000001010011010;
	105 :	0000001010010100;
	104 :	0000001010001101;
	103 :	0000001010000111;
	102 :	0000001010000001;
	101 :	0000001001111011;
	100 :	0000001001110100;
	99 :	0000001001101110;
	98 :	0000001001101000;
	97 :	0000001001100001;
	96 :	0000001001011011;
	95 :	0000001001010101;
	94 :	0000001001001111;
	93 :	0000001001001000;
	92 :	0000001001000010;
	91 :	0000001000111100;
	90 :	0000001000110101;
	89 :	0000001000101111;
	88 :	0000001000101001;
	87 :	0000001000100011;
	86 :	0000001000011100;
	85 :	0000001000010110;
	84 :	0000001000010000;
	83 :	0000001000001001;
	82 :	0000001000000011;
	81 :	0000000111111101;
	80 :	0000000111110111;
	79 :	0000000111110000;
	78 :	0000000111101010;
	77 :	0000000111100100;
	76 :	0000000111011101;
	75 :	0000000111010111;
	74 :	0000000111010001;
	73 :	0000000111001011;
	72 :	0000000111000100;
	71 :	0000000110111110;
	70 :	0000000110111000;
	69 :	0000000110110010;
	68 :	0000000110101011;
	67 :	0000000110100101;
	66 :	0000000110011111;
	65 :	0000000110011000;
	64 :	0000000110010010;
	63 :	0000000110001100;
	62 :	0000000110000110;
	61 :	0000000101111111;
	60 :	0000000101111001;
	59 :	0000000101110011;
	58 :	0000000101101100;
	57 :	0000000101100110;
	56 :	0000000101100000;
	55 :	0000000101011010;
	54 :	0000000101010011;
	53 :	0000000101001101;
	52 :	0000000101000111;
	51 :	0000000101000000;
	50 :	0000000100111010;
	49 :	0000000100110100;
	48 :	0000000100101110;
	47 :	0000000100100111;
	46 :	0000000100100001;
	45 :	0000000100011011;
	44 :	0000000100010100;
	43 :	0000000100001110;
	42 :	0000000100001000;
	41 :	0000000100000010;
	40 :	0000000011111011;
	39 :	0000000011110101;
	38 :	0000000011101111;
	37 :	0000000011101000;
	36 :	0000000011100010;
	35 :	0000000011011100;
	34 :	0000000011010110;
	33 :	0000000011001111;
	32 :	0000000011001001;
	31 :	0000000011000011;
	30 :	0000000010111100;
	29 :	0000000010110110;
	28 :	0000000010110000;
	27 :	0000000010101010;
	26 :	0000000010100011;
	25 :	0000000010011101;
	24 :	0000000010010111;
	23 :	0000000010010001;
	22 :	0000000010001010;
	21 :	0000000010000100;
	20 :	0000000001111110;
	19 :	0000000001110111;
	18 :	0000000001110001;
	17 :	0000000001101011;
	16 :	0000000001100101;
	15 :	0000000001011110;
	14 :	0000000001011000;
	13 :	0000000001010010;
	12 :	0000000001001011;
	11 :	0000000001000101;
	10 :	0000000000111111;
	9 :	0000000000111001;
	8 :	0000000000110010;
	7 :	0000000000101100;
	6 :	0000000000100110;
	5 :	0000000000011111;
	4 :	0000000000011001;
	3 :	0000000000010011;
	2 :	0000000000001101;
	1 :	0000000000000110;
	0 :	0000000000000000;
END;
