-- begin_signature
-- cms0041_liolil(LIO1I
-- -1
-- iio1I
-- -1)
-- end_signature
WIDTH=18;
DEPTH=8192;

ADDRESS_RADIX=UNS;
DATA_RADIX=BIN;

CONTENT BEGIN
	4282 :	000011100100001001;
	4281 :	000000000011010100;
	4280 :	000010100111110000;
	4279 :	000100110011111100;
	4278 :	000110010000111011;
	4277 :	000001000100110010;
	4276 :	000101110011101100;
	4275 :	000010110001001010;
	4274 :	000101000010001010;
	4273 :	000000110101111010;
	4272 :	000110000100110100;
	4271 :	000000010111101011;
	4270 :	000001101000010100;
	4269 :	000101100000100001;
	4268 :	000000100000011010;
	4267 :	000001010001110010;
	4266 :	000001110001111011;
	4265 :	000100000111101100;
	4264 :	000011011000011001;
	4263 :	000100100010100010;
	4262 :	000011110000111100;
	4261 :	000100010110011000;
	4260 :	000101010000101010;
	4259 :	000010010101001011;
	4258 :	000010000100010100;
	4257 :	000011001000011010;
	4256 :	000110100001111011;
	4255 :	000000010101001010;
	4254 :	000001000100101100;
	4253 :	000110010000111100;
	4252 :	000100110110011001;
	4251 :	000010010100001011;
	4250 :	000100101000010001;
	4249 :	000001001000110000;
	4248 :	000100010111000100;
	4247 :	000001010011111000;
	4246 :	000000100100010001;
	4245 :	000101110101101000;
	4244 :	000100101000001010;
	4243 :	000001110010100010;
	4242 :	000010100101010010;
	4241 :	000010111000111000;
	4240 :	000011110001111100;
	4239 :	000000100110111000;
	4238 :	000011010101000001;
	4237 :	000010010001101001;
	4236 :	000011100000001000;
	4235 :	000000001000111100;
	4234 :	000110100011110100;
	4233 :	000001100001101011;
	4232 :	000001010010000100;
	4231 :	000010110100000000;
	4230 :	000101100111001010;
	4229 :	000001010000100011;
	4228 :	000000000110000000;
	4227 :	000101010111111100;
	4226 :	000100110001010100;
	4225 :	000101001000100010;
	4224 :	000110000111001000;
	4223 :	000010000110100010;
	4222 :	000011010101100001;
	4221 :	000100011000111011;
	4220 :	000110010001010100;
	4219 :	000000000001001010;
	4218 :	000010000000100011;
	4217 :	000101110000111010;
	4216 :	000100101000000100;
	4215 :	000001110001111100;
	4214 :	000001100000010011;
	4213 :	000100010101011011;
	4212 :	000000010111011001;
	4211 :	000001000100000010;
	4210 :	000011101000111000;
	4209 :	000101100111001000;
	4208 :	000011000001110100;
	4207 :	000010000101100011;
	4206 :	000000110111111000;
	4205 :	000101000110011000;
	4204 :	000100000000000100;
	4203 :	000001100100010100;
	4202 :	000101101000010011;
	4201 :	000000110100100001;
	4200 :	000011110101001000;
	4199 :	000101110001100010;
	4198 :	000110000100000100;
	4197 :	000011110101111000;
	4196 :	000000110010010011;
	4195 :	000101000110101000;
	4194 :	000011010011001001;
	4193 :	000100110100111010;
	4192 :	000000010011010010;
	4191 :	000110100011110011;
	4190 :	000010100111100000;
	4189 :	000101010101010001;
	4188 :	000010110100011000;
	4187 :	000110100110011010;
	4186 :	000100000110001011;
	4185 :	000010010100101000;
	4184 :	000010100010010011;
	4183 :	000101010110110000;
	4182 :	000011000101111000;
	4181 :	000011100010101000;
	4180 :	000110010101000100;
	4179 :	000110000111001011;
	4178 :	000100000001101000;
	4177 :	000000100000010100;
	4176 :	000011000100100010;
	4175 :	000001110101111010;
	4174 :	000100101000001011;
	4173 :	000000000000010110;
	4172 :	000100010010111011;
	4171 :	000001000001110001;
	4170 :	000100010110110100;
	4169 :	000110110100110100;
	4168 :	000010000001111001;
	4167 :	000111000111000010;
	4166 :	000001000001111000;
	4165 :	000110111000101001;
	4164 :	000011010110100011;
	4163 :	000001110000001001;
	4162 :	000010010111001100;
	4161 :	000011101000100010;
	4160 :	000110000011100010;
	4159 :	000100100011001010;
	4158 :	000000000011110100;
	4157 :	000111000011001100;
	4156 :	000000110000010011;
	4155 :	000101100110010001;
	4154 :	000011100110001000;
	4153 :	000111010000000100;
	4152 :	000010100000011100;
	4151 :	000110010100010001;
	4150 :	000010110010111001;
	4149 :	000101010100001011;
	4148 :	000101110010000011;
	4147 :	000101000101100011;
	4146 :	000000100010101011;
	4145 :	000010000011110011;
	4144 :	000011000100110010;
	4143 :	000001010111010000;
	4142 :	000100001000111001;
	4141 :	000000100011111100;
	4140 :	000111010110001100;
	4139 :	000101010011010001;
	4138 :	000000010011111000;
	4137 :	000011011000101010;
	4136 :	000110100001001010;
	4135 :	000100110000001010;
	4134 :	000110000110001011;
	4133 :	000101000010111010;
	4132 :	000000010111111011;
	4131 :	000011110111010000;
	4130 :	000101000000010010;
	4129 :	000101100100000010;
	4128 :	000010100100101010;
	4127 :	000100000001000100;
	4126 :	000001010100111010;
	4125 :	000000000001011001;
	4124 :	000101010101011000;
	4123 :	000101110011001000;
	4122 :	000110110000101011;
	4121 :	000110010000110011;
	4120 :	000000110111110001;
	4119 :	000001110001101001;
	4118 :	000010110010000001;
	4117 :	000011110101111000;
	4116 :	000110100100110001;
	4115 :	000010010100101010;
	4114 :	000011100111000000;
	4113 :	000000001000111001;
	4112 :	000110000011001100;
	4111 :	000001110111010100;
	4110 :	000100100100110100;
	4109 :	000001000000110000;
	4108 :	000010010101110100;
	4107 :	000101110010010001;
	4106 :	000001010101110001;
	4105 :	000001100001000001;
	4104 :	000100101000010100;
	4103 :	000000010001111010;
	4102 :	000110010001010010;
	4101 :	000111000100001011;
	4100 :	000100010100001001;
	4099 :	000001100111111010;
	4098 :	000011000010001100;
	4097 :	000100110000000010;
	4096 :	000010110101001001;
	4095 :	000010000101100100;
	4094 :	000011000111000011;
	4093 :	000000110100000011;
	4092 :	000100110001101010;
	4091 :	000011011000011011;
	4090 :	000011110111111010;
	4089 :	000000100011101001;
	4088 :	000010100110100001;
	4087 :	000101100110101001;
	4086 :	000001101000101001;
	4085 :	000100000110011001;
	4084 :	000111010100000100;
	4083 :	000110100110100000;
	4082 :	000011101000001001;
	4081 :	000000000000011001;
	4080 :	000000000111111010;
	4079 :	000001000011010100;
	4078 :	000001110000000000;
	4077 :	000001010100000001;
	4076 :	000000110001001000;
	4075 :	000001100000000000;
	4074 :	000001110101010001;
	4073 :	000000000101100100;
	4072 :	000001010000000000;
	4071 :	000001000100000000;
	4070 :	000000100000100011;
	4069 :	000001000000000000;
	4068 :	000001100111001011;
	4067 :	000001110100100010;
	4066 :	000000110000000000;
	4065 :	000000100010111001;
	4064 :	000001100111001001;
	4063 :	000000100000000000;
	4062 :	000000110011011000;
	4061 :	000000010011100000;
	4060 :	000000010000000000;
	4059 :	000000010100000100;
	4058 :	000001010000101011;
	4057 :	000000000000000000;
	4056 :	000001110100011000;
	4055 :	000001000101001000;
	4054 :	000001110000000000;
	4053 :	000001100111100010;
	4052 :	000000110000011000;
	4051 :	000001100000000000;
	4050 :	000000110101010100;
	4049 :	000000000001000100;
	4048 :	000001010000000000;
	4047 :	000001000111010001;
	4046 :	000001110011101100;
	4045 :	000001000000000000;
	4044 :	000000010100100010;
	4043 :	000001100010010010;
	4042 :	000000110000000000;
	4041 :	000000100100111010;
	4040 :	000000010110100010;
	4039 :	000000100000000000;
	4038 :	000001010110100010;
	4037 :	000001010110111001;
	4036 :	000000010000000000;
	4035 :	000000000111001000;
	4034 :	000000100010001100;
	4033 :	000000000000000000;
	4032 :	000000111000110010;
	4031 :	000001100001000100;
	4030 :	000001110000000000;
	4029 :	000001000100011011;
	4028 :	000000010100011000;
	4027 :	000001100000000000;
	4026 :	000001100110110001;
	4025 :	000000110101100000;
	4024 :	000001010000000000;
	4023 :	000000100000110010;
	4022 :	000001000110011000;
	4021 :	000001000000000000;
	4020 :	000001110101111100;
	4019 :	000000100010101011;
	4018 :	000000110000000000;
	4017 :	000000000110011001;
	4016 :	000000000111011010;
	4015 :	000000100000000000;
	4014 :	000000010001101000;
	4013 :	000001110011001001;
	4012 :	000000010000000000;
	4011 :	000001011000110010;
	4010 :	000001010101100010;
	4009 :	000000000000000000;
	4008 :	000000010101000000;
	4007 :	000000110101011011;
	4006 :	000001110000000000;
	4005 :	000001010110100100;
	4004 :	000000100111000000;
	4003 :	000001100000000000;
	4002 :	000001100001001000;
	4001 :	000001000110010001;
	4000 :	000001010000000000;
	3999 :	000000100110011011;
	3998 :	000001010111011010;
	3997 :	000001000000000000;
	3996 :	000001111000100000;
	3995 :	000000000111000010;
	3994 :	000000110000000000;
	3993 :	000000110110001001;
	3992 :	000000010111011000;
	3991 :	000000100000000000;
	3990 :	000001000010100100;
	3989 :	000001100111111011;
	3988 :	000000010000000000;
	3987 :	000000000110010011;
	3986 :	000001110100100100;
	3985 :	000000000000000000;
	3984 :	000001011000111000;
	3983 :	000001000100001000;
	3982 :	000001110000000000;
	3981 :	000000100111101001;
	3980 :	000000100110010011;
	3979 :	000001100000000000;
	3978 :	000000000100100010;
	3977 :	000001100111110000;
	3976 :	000001010000000000;
	3975 :	000001100011001011;
	3974 :	000001111000100100;
	3973 :	000001000000000000;
	3972 :	000001010100011100;
	3971 :	000001100111011010;
	3970 :	000000000110111011;
	3969 :	000001000011101100;
	3968 :	000001001000100001;
	3967 :	000001100111000010;
	3966 :	000001010010110000;
	3965 :	000001110111111000;
	3964 :	000000110100011000;
	3963 :	000000010010110010;
	3962 :	000001000010110001;
	3961 :	000000010110100100;
	3960 :	000000110000000000;
	3959 :	111111101100100011;
	3958 :	000000000000000011;
	3957 :	000010000100010001;
	3956 :	000001010110011100;
	3955 :	000010010000000000;
	3954 :	000001111000011001;
	3953 :	000001100001011000;
	3952 :	000010000000000000;
	3951 :	000001100110001010;
	3950 :	000010010011011010;
	3949 :	000001110000000000;
	3948 :	000001010010001001;
	3947 :	000000000010011100;
	3946 :	000001100000000000;
	3945 :	000000110011001000;
	3944 :	000001000000101100;
	3943 :	000001010000000000;
	3942 :	000010010000110001;
	3941 :	000010001000000000;
	3940 :	000001000000000000;
	3939 :	000000100101101010;
	3938 :	000000110010010100;
	3937 :	000000110000000000;
	3936 :	000000001000100010;
	3935 :	000000010000011011;
	3934 :	000000100000000000;
	3933 :	000000010100010010;
	3932 :	000001110011011011;
	3931 :	000000010000000000;
	3930 :	000001000111000010;
	3929 :	000000100000000001;
	3928 :	000000000000000000;
	3927 :	000001010010110010;
	3926 :	000001100110111010;
	3925 :	000010010000000000;
	3924 :	000001000011111011;
	3923 :	000001110010100010;
	3922 :	000010000000000000;
	3921 :	000000010110000000;
	3920 :	000010010100110011;
	3919 :	000001110000000000;
	3918 :	000001100010101000;
	3917 :	000001000100100000;
	3916 :	000001100000000000;
	3915 :	000000111000001000;
	3914 :	000000110110011001;
	3913 :	000001010000000000;
	3912 :	000010010110101011;
	3911 :	000010000110101001;
	3910 :	000001000000000000;
	3909 :	000000100001110011;
	3908 :	000001010101010000;
	3907 :	000000110000000000;
	3906 :	000010000111000011;
	3905 :	000000010111101000;
	3904 :	000000100000000000;
	3903 :	000000000010010100;
	3902 :	000000000000010010;
	3901 :	000000010000000000;
	3900 :	000001110101110001;
	3899 :	000000100101100011;
	3898 :	000000000000000000;
	3897 :	000000011000011001;
	3896 :	000001110110001000;
	3895 :	000010010000000000;
	3894 :	000000100110011100;
	3893 :	000010000010001100;
	3892 :	000010000000000000;
	3891 :	000010000100011010;
	3890 :	000000010010101001;
	3889 :	000001110000000000;
	3888 :	000001100110000011;
	3887 :	000001000010111010;
	3886 :	000001100000000000;
	3885 :	000000000110111010;
	3884 :	000001100000110000;
	3883 :	000001010000000000;
	3882 :	000010010000000100;
	3881 :	000000100111000001;
	3880 :	000001000000000000;
	3879 :	000000110101001000;
	3878 :	000010010111100100;
	3877 :	000000110000000000;
	3876 :	000001000100111011;
	3875 :	000001010010011010;
	3874 :	000000100000000000;
	3873 :	000001011000110011;
	3872 :	000000000010101000;
	3871 :	000000010000000000;
	3870 :	000001110111010010;
	3869 :	000000110111010011;
	3868 :	000000000000000000;
	3867 :	000000100011111000;
	3866 :	000010000000011100;
	3865 :	000010010000000000;
	3864 :	000010010011111001;
	3863 :	000001110000000001;
	3862 :	000010000000000000;
	3861 :	000000000111101100;
	3860 :	000000100001101000;
	3859 :	000001110000000000;
	3858 :	000001000000001000;
	3857 :	000000110111101011;
	3856 :	000001100000000000;
	3855 :	000001010110000010;
	3854 :	000001101000100001;
	3853 :	000001010000000000;
	3852 :	111111000100100001;
	3851 :	000000000000000101;
	3850 :	000000000000001011;
	3849 :	000010110100110001;
	3848 :	000010110000000000;
	3847 :	000001000011110011;
	3846 :	000001000101111001;
	3845 :	000010100000000000;
	3844 :	000001100111000000;
	3843 :	000000110111110000;
	3842 :	000010010000000000;
	3841 :	000010010110000010;
	3840 :	000000100000010001;
	3839 :	000010000000000000;
	3838 :	000001010001011010;
	3837 :	000010100111011001;
	3836 :	000001110000000000;
	3835 :	000010100101100000;
	3834 :	000000000110111010;
	3833 :	000001100000000000;
	3832 :	000000100101000001;
	3831 :	000001100001001001;
	3830 :	000001010000000000;
	3829 :	000000010101011011;
	3828 :	000001110110110010;
	3827 :	000001000000000000;
	3826 :	000000110000110100;
	3825 :	000000010101100001;
	3824 :	000000110000000000;
	3823 :	000010110011010001;
	3822 :	000001010010111000;
	3821 :	000000100000000000;
	3820 :	000010000000001001;
	3819 :	000010011000101011;
	3818 :	000000010000000000;
	3817 :	000001110010010011;
	3816 :	000010000100011010;
	3815 :	000000000000000000;
	3814 :	000010110111000010;
	3813 :	000000010001111100;
	3812 :	000010110000000000;
	3811 :	000001100011010010;
	3810 :	000010110101000001;
	3809 :	000010100000000000;
	3808 :	000001001000001000;
	3807 :	000001000000001010;
	3806 :	000010010000000000;
	3805 :	000000010000001010;
	3804 :	000001110110000001;
	3803 :	000010000000000000;
	3802 :	000010100000101100;
	3801 :	000000100100110000;
	3800 :	000001110000000000;
	3799 :	000010010111001001;
	3798 :	000010000111000100;
	3797 :	000001100000000000;
	3796 :	000000111000111011;
	3795 :	000010100001100010;
	3794 :	000001010000000000;
	3793 :	000000101000110000;
	3792 :	000001010011100010;
	3791 :	000001000000000000;
	3790 :	000001010010001100;
	3789 :	000000000101100000;
	3788 :	000000110000000000;
	3787 :	000000001000111001;
	3786 :	000010010010001001;
	3785 :	000000100000000000;
	3784 :	000010000001010001;
	3783 :	000000111000001011;
	3782 :	000000010000000000;
	3781 :	000001110000010011;
	3780 :	000001100110110001;
	3779 :	000000000000000000;
	3778 :	000000000101000001;
	3777 :	000001110011010010;
	3776 :	000010110000000000;
	3775 :	000000101000100001;
	3774 :	000010100010010100;
	3773 :	000010100000000000;
	3772 :	000001100110000011;
	3771 :	000010000011011100;
	3770 :	000010010000000000;
	3769 :	000010000100101010;
	3768 :	000000010001011100;
	3767 :	000010000000000000;
	3766 :	000001011000111011;
	3765 :	000000100110101100;
	3764 :	000001110000000000;
	3763 :	000000010101111011;
	3762 :	000010010001100011;
	3761 :	000001100000000000;
	3760 :	000001110101110100;
	3759 :	000010110011010011;
	3758 :	000001010000000000;
	3757 :	000010110111101010;
	3756 :	000001010011100011;
	3755 :	000001000000000000;
	3754 :	000000010011000010;
	3753 :	000010110001011000;
	3752 :	000000100101010000;
	3751 :	000001011000011011;
	3750 :	000001001000000010;
	3749 :	000000000001000011;
	3748 :	000000010110000001;
	3747 :	000001010111110001;
	3746 :	000001110100011100;
	3745 :	000010100001110000;
	3744 :	000001100111010011;
	3743 :	000000110000000000;
	3742 :	111111101000011111;
	3741 :	000000000000000111;
	3740 :	000010010011110011;
	3739 :	000001000001100001;
	3738 :	000011100000000000;
	3737 :	000001000010010001;
	3736 :	000001100111100000;
	3735 :	000011010000000000;
	3734 :	000011010100110000;
	3733 :	000001010011010000;
	3732 :	000011000000000000;
	3731 :	000010000000110000;
	3730 :	000010010110100010;
	3729 :	000010110000000000;
	3728 :	000000110111110010;
	3727 :	000011100100100000;
	3726 :	000010100000000000;
	3725 :	000001010000110001;
	3724 :	000010110100110011;
	3723 :	000010010000000000;
	3722 :	000001110111001000;
	3721 :	000000000111001001;
	3720 :	000010000000000000;
	3719 :	000001101000011011;
	3718 :	000000010111100000;
	3717 :	000001110000000000;
	3716 :	000010111000101010;
	3715 :	000000100010101000;
	3714 :	000001100000000000;
	3713 :	000011000111010010;
	3712 :	000010101000111001;
	3711 :	000001010000000000;
	3710 :	000000101000110100;
	3709 :	000001110010111100;
	3708 :	000001000000000000;
	3707 :	000000000110111000;
	3706 :	000010000011000100;
	3705 :	000000110000000000;
	3704 :	000011100111101000;
	3703 :	000011000110001001;
	3702 :	000000100000000000;
	3701 :	000010100011000001;
	3700 :	000000110101001010;
	3699 :	000000010000000000;
	3698 :	000000010011101010;
	3697 :	000011010101000000;
	3696 :	000000000000000000;
	3695 :	000000110100010001;
	3694 :	000010100000001001;
	3693 :	000011100000000000;
	3692 :	000011100001001010;
	3691 :	000010000010010011;
	3690 :	000011010000000000;
	3689 :	000010100110100010;
	3688 :	000001100110000011;
	3687 :	000011000000000000;
	3686 :	000000000101110000;
	3685 :	000000000100110010;
	3684 :	000010110000000000;
	3683 :	000011010110011000;
	3682 :	000000010000101100;
	3681 :	000010100000000000;
	3680 :	000001110010101010;
	3679 :	000001110000000010;
	3678 :	000010010000000000;
	3677 :	000010110010101001;
	3676 :	000010110001011010;
	3675 :	000010000000000000;
	3674 :	000011000110001001;
	3673 :	000000111000000000;
	3672 :	000001110000000000;
	3671 :	000001010001110100;
	3670 :	000010010010110011;
	3669 :	000001100000000000;
	3668 :	000001101000001100;
	3667 :	000001011000110001;
	3666 :	000001010000000000;
	3665 :	000000101000111001;
	3664 :	000011010100111011;
	3663 :	000001000000000000;
	3662 :	000001000000101011;
	3661 :	000011000010001000;
	3660 :	000000110000000000;
	3659 :	000010100110000010;
	3658 :	000001010101011010;
	3657 :	000011100101000000;
	3656 :	000001110101011100;
	3655 :	000000100011100000;
	3654 :	000010000001110011;
	3653 :	000001100111010011;
	3652 :	000010010001111000;
	3651 :	000010100111001010;
	3650 :	000011100011111000;
	3649 :	000010010101000011;
	3648 :	000001001000100000;
	3647 :	000000100000000000;
	3646 :	000000110100111010;
	3645 :	000001000000101011;
	3644 :	000010110101011000;
	3643 :	000011010011001000;
	3642 :	000010000001000100;
	3641 :	000001000000110011;
	3640 :	000000100111110001;
	3639 :	000011000001101001;
	3638 :	000000000110010010;
	3637 :	000011010110100011;
	3636 :	000000010101101001;
	3635 :	000000100100000000;
	3634 :	000000010000000000;
	3633 :	000011000110001010;
	3632 :	000000000001001100;
	3631 :	000000010111000011;
	3630 :	000010010100000011;
	3629 :	000001100001101010;
	3628 :	000001111000011011;
	3627 :	000000010111111010;
	3626 :	000001010011101001;
	3625 :	000010110110100001;
	3624 :	000000110110101001;
	3623 :	000010001000101001;
	3622 :	000011100110011001;
	3621 :	000000000000000000;
	3620 :	000001101100011010;
	3619 :	000000000000001010;
	3618 :	000010100011010001;
	3617 :	000000010001101001;
	3616 :	000011110000111000;
	3615 :	000001010001101100;
	3614 :	000010110100011010;
	3613 :	000100011000110000;
	3612 :	000010000010011001;
	3611 :	000011010011000001;
	3610 :	000000110110101000;
	3609 :	000011100110010100;
	3608 :	000001100011110010;
	3607 :	000010010111001000;
	3606 :	000001000001100100;
	3605 :	000001110101101001;
	3604 :	000011110000101000;
	3603 :	000100000111100100;
	3602 :	000001100001111010;
	3601 :	000000100011010010;
	3600 :	000010100010011001;
	3599 :	000011010101000001;
	3598 :	000000000011010000;
	3597 :	000001000000011100;
	3596 :	000011000110010100;
	3595 :	000010010011001010;
	3594 :	000100000111110011;
	3593 :	000001110111110001;
	3592 :	000010110000010000;
	3591 :	000001010100010010;
	3590 :	000010000101000010;
	3589 :	000000010011011000;
	3588 :	000011100011000011;
	3587 :	000000110001100011;
	3586 :	000100010100011010;
	3585 :	000011000100010100;
	3584 :	000000100000010100;
	3583 :	000000000100010001;
	3582 :	000011110011000100;
	3581 :	000001010110000011;
	3580 :	000011000110000010;
	3579 :	000100010100001001;
	3578 :	000010010010011000;
	3577 :	000001110001100000;
	3576 :	000000110010011100;
	3575 :	000001100111110100;
	3574 :	000010110110110100;
	3573 :	000100000011100011;
	3572 :	000000010011011001;
	3571 :	000011010100011000;
	3570 :	000000000100010100;
	3569 :	000001000100010000;
	3568 :	000011100010110000;
	3567 :	000010000111011011;
	3566 :	000000100001101010;
	3565 :	000010100001010001;
	3564 :	000000101000001010;
	3563 :	000100010101111000;
	3562 :	000011110011100000;
	3561 :	000001010001110100;
	3560 :	000011010011100011;
	3559 :	000001110101101000;
	3558 :	000010110100101010;
	3557 :	000010011000011001;
	3556 :	000000000110111000;
	3555 :	000000010110101011;
	3554 :	000011100011111010;
	3553 :	000011000010010010;
	3552 :	000010000011111100;
	3551 :	000001010000011011;
	3550 :	000000100001001011;
	3549 :	000011100111100011;
	3548 :	000011111000011010;
	3547 :	000001100000111010;
	3546 :	000100010011010010;
	3545 :	000100001000110001;
	3544 :	000001000010010001;
	3543 :	000010100001110001;
	3542 :	000000110111011000;
	3541 :	000010111000010000;
	3540 :	000001000101011100;
	3539 :	000001110011011100;
	3538 :	000011000000011100;
	3537 :	000000110111001100;
	3536 :	000010000110101100;
	3535 :	000010100010001100;
	3534 :	000100000110011010;
	3533 :	000011011000110010;
	3532 :	000010010100011001;
	3531 :	000000001000100001;
	3530 :	000001100100000001;
	3529 :	000000011000000000;
	3528 :	000001000010010011;
	3527 :	000010100001101011;
	3526 :	000000100001001011;
	3525 :	000000011000101010;
	3524 :	000100010100101010;
	3523 :	000011010000001010;
	3522 :	000001010101010001;
	3521 :	000000000111100001;
	3520 :	000011100110000001;
	3519 :	000000111000111000;
	3518 :	000011110100111000;
	3517 :	000100000100000000;
	3516 :	000010010100111100;
	3515 :	000011000111110100;
	3514 :	000010000111110100;
	3513 :	000001110111010100;
	3512 :	000010110111100100;
	3511 :	000001000000111010;
	3510 :	000011100111001010;
	3509 :	000000010101000010;
	3508 :	000001100111001001;
	3507 :	000011010011100001;
	3506 :	000100000010000001;
	3505 :	000011110001101000;
	3504 :	000001100001011100;
	3503 :	000010010110001100;
	3502 :	000011000101000011;
	3501 :	000001010010000011;
	3500 :	000000000100011010;
	3499 :	000010100000111010;
	3498 :	000001110011100010;
	3497 :	000000110001100010;
	3496 :	000010001000010001;
	3495 :	000010110111101001;
	3494 :	000000100101000001;
	3493 :	000100010001100000;
	3492 :	000011101000010101;
	3491 :	000000000000001101;
	3490 :	000000000110011001;
	3489 :	000010110100000100;
	3488 :	000011100000000000;
	3487 :	000001110011010000;
	3486 :	000011010010101011;
	3485 :	000011010000000000;
	3484 :	000011100110001000;
	3483 :	000000110110110001;
	3482 :	000011000000000000;
	3481 :	000101010000111010;
	3480 :	000010100111111100;
	3479 :	000010110000000000;
	3478 :	000100100010011011;
	3477 :	000010010101100010;
	3476 :	000010100000000000;
	3475 :	000000100100101100;
	3474 :	000010000010110010;
	3473 :	000010010000000000;
	3472 :	000001010111110001;
	3471 :	000001100010010010;
	3470 :	000010000000000000;
	3469 :	000100011000100001;
	3468 :	000101000011001100;
	3467 :	000001110000000000;
	3466 :	000110001000100010;
	3465 :	000100010010011000;
	3464 :	000001100000000000;
	3463 :	000011110101100000;
	3462 :	000110000001001011;
	3461 :	000001010000000000;
	3460 :	000101100111001010;
	3459 :	000000000101000010;
	3458 :	000001000000000000;
	3457 :	000010000101010000;
	3456 :	000011100101111001;
	3455 :	000000110000000000;
	3454 :	000011000100000000;
	3453 :	000100110111110011;
	3452 :	000000100000000000;
	3451 :	000100000001000000;
	3450 :	000001010011010001;
	3449 :	000000010000000000;
	3448 :	000010010011111011;
	3447 :	000101011000100010;
	3446 :	000000000000000000;
	3445 :	000000100111001011;
	3444 :	000010100101110000;
	3443 :	000101100011110011;
	3442 :	000100010100110010;
	3441 :	000011010111010000;
	3440 :	000000110100000001;
	3439 :	000011110011111010;
	3438 :	000110000000000000;
	3437 :	000110000111101010;
	3436 :	000100010011010010;
	3435 :	000000101000111001;
	3434 :	000101000000010010;
	3433 :	000100000011110000;
	3432 :	000110000111011010;
	3431 :	000000100010010001;
	3430 :	000101110000000000;
	3429 :	000001110111011001;
	3428 :	000011110000111001;
	3427 :	000011010011101001;
	3426 :	000100100001100010;
	3425 :	000000010110000011;
	3424 :	000100110101000000;
	3423 :	000000010000110000;
	3422 :	000101100000000000;
	3421 :	000000010000101011;
	3420 :	000000110000110011;
	3419 :	000011100111110001;
	3418 :	000101110001101001;
	3417 :	000101100110010010;
	3416 :	000101110110100011;
	3415 :	000100100101101001;
	3414 :	000101010000000000;
	3413 :	000010000100011010;
	3412 :	000101000001111010;
	3411 :	000011000011010000;
	3410 :	000010110000001010;
	3409 :	000001000001010011;
	3408 :	000010110010101001;
	3407 :	000011000101001000;
	3406 :	000101000000000000;
	3405 :	000011011000001110;
	3404 :	000000000000010100;
	3403 :	000010010110011001;
	3402 :	000100100101111100;
	3401 :	000011000001111011;
	3400 :	000000110101111000;
	3399 :	000111010100110001;
	3398 :	001000010100101010;
	3397 :	001000100111010100;
	3396 :	000101100100110100;
	3395 :	000111000000110000;
	3394 :	000101110111100010;
	3393 :	000100100110100100;
	3392 :	000000010010001001;
	3391 :	000010010101100100;
	3390 :	000100110110100001;
	3389 :	001000000000100011;
	3388 :	001000110000000001;
	3387 :	001000010010110011;
	3386 :	000101010001000100;
	3385 :	001000000001001100;
	3384 :	000101100001001001;
	3383 :	000000010100110010;
	3382 :	000111100011100100;
	3381 :	000011000101011001;
	3380 :	000001100100001011;
	3379 :	000001010010001010;
	3378 :	000110010010110100;
	3377 :	000000000110101001;
	3376 :	000010000101110001;
	3375 :	000010100001000001;
	3374 :	000110011000010100;
	3373 :	000000110001111010;
	3372 :	000111110001010010;
	3371 :	001000100100001011;
	3370 :	000101010100001001;
	3369 :	000010000111111010;
	3368 :	000100010010001100;
	3367 :	000110000000000010;
	3366 :	000011010101001001;
	3365 :	000010100101100100;
	3364 :	000000100001001100;
	3363 :	000100000111000011;
	3362 :	000001010100000011;
	3361 :	000110000001101010;
	3360 :	000100011000011011;
	3359 :	000100110111111010;
	3358 :	000000100011101001;
	3357 :	000010110110100001;
	3356 :	000110100110101001;
	3355 :	000001111000101001;
	3354 :	000101000110011001;
	3353 :	001000110100000100;
	3352 :	000111010011011100;
	3351 :	000010110111001010;
	3350 :	000101110101000010;
	3349 :	000001110010101100;
	3348 :	000000000010000000;
	3347 :	000001000101010000;
	3346 :	000001000101111001;
	3345 :	000011110100011001;
	3344 :	000110110111111010;
	3343 :	000100000100000000;
	3342 :	000011100111110011;
	3341 :	000111110110001010;
	3340 :	000010101000000100;
	3339 :	000000000000011111;
	3338 :	000100010111110011;
	3337 :	000110110101001011;
	3336 :	000111010000000000;
	3335 :	000000011000111000;
	3334 :	000000110110000010;
	3333 :	000111000000000000;
	3332 :	000110100101101100;
	3331 :	000001011000110001;
	3330 :	000110110000000000;
	3329 :	000001001000011010;
	3328 :	000011000100111001;
	3327 :	000110100000000000;
	3326 :	000010110000000001;
	3325 :	000110010001111001;
	3324 :	000110010000000000;
	3323 :	000011010001111001;
	3322 :	000010110110100011;
	3321 :	000110000000000000;
	3320 :	000101110110000100;
	3319 :	000001101000011000;
	3318 :	000101110000000000;
	3317 :	000110000001111000;
	3316 :	000011010010110001;
	3315 :	000101100000000000;
	3314 :	000010000101100011;
	3313 :	000101100000001100;
	3312 :	000101010000000000;
	3311 :	000000000011100010;
	3310 :	000100110110011000;
	3309 :	000101000000000000;
	3308 :	000110010001010011;
	3307 :	000100010010100100;
	3306 :	000100110000000000;
	3305 :	000100000000000011;
	3304 :	000110100100111100;
	3303 :	000100100000000000;
	3302 :	000000110101011100;
	3301 :	000001001000011001;
	3300 :	000100010000000000;
	3299 :	000011110011001001;
	3298 :	000000000001110001;
	3297 :	000100000000000000;
	3296 :	000011001000010011;
	3295 :	000101110100011010;
	3294 :	000011110000000000;
	3293 :	000101100111100100;
	3292 :	000100101000100100;
	3291 :	000011100000000000;
	3290 :	000010100001101011;
	3289 :	000010010110010001;
	3288 :	000011010000000000;
	3287 :	000001010101000100;
	3286 :	000000100101111100;
	3285 :	000011000000000000;
	3284 :	000110110100010011;
	3283 :	000000010011110000;
	3282 :	000010110000000000;
	3281 :	000000100011011010;
	3280 :	000010000001001011;
	3279 :	000010100000000000;
	3278 :	000001101000001100;
	3277 :	000100000110111010;
	3276 :	000010010000000000;
	3275 :	000111000001010010;
	3274 :	000010100001010001;
	3273 :	000010000000000000;
	3272 :	000011100010111001;
	3271 :	000111000001010011;
	3270 :	000001110000000000;
	3269 :	000101010100010011;
	3268 :	000011111000110100;
	3267 :	000001100000000000;
	3266 :	000111010100010010;
	3265 :	000011100111111001;
	3264 :	000001010000000000;
	3263 :	000101000111000011;
	3262 :	000110000100111000;
	3261 :	000001000000000000;
	3260 :	000100100011010100;
	3259 :	000001110111010001;
	3258 :	000000110000000000;
	3257 :	000100110011000001;
	3256 :	000101000101110100;
	3255 :	000000100000000000;
	3254 :	000010010001011000;
	3253 :	000101010000011001;
	3252 :	000000010000000000;
	3251 :	000001110100110011;
	3250 :	000111010010011000;
	3249 :	000000000000000000;
	3248 :	000011010100110000;
	3247 :	000100100000001011;
	3246 :	000111010000000000;
	3245 :	000110010111011000;
	3244 :	000000001000100010;
	3243 :	000111000000000000;
	3242 :	000010100011110100;
	3241 :	000011100000100100;
	3240 :	000110110000000000;
	3239 :	000000100110000000;
	3238 :	000001110110000010;
	3237 :	000110100000000000;
	3236 :	000010110001001000;
	3235 :	000001010111111000;
	3234 :	000110010000000000;
	3233 :	000100000001101000;
	3232 :	000101110010000001;
	3231 :	000110000000000000;
	3230 :	000011100100110011;
	3229 :	000001000111100001;
	3228 :	000101110000000000;
	3227 :	000101110000111001;
	3226 :	000101010101111010;
	3225 :	000101100000000000;
	3224 :	000001100101001011;
	3223 :	000000110011101000;
	3222 :	000101010000000000;
	3221 :	000111000101000100;
	3220 :	000110010111111000;
	3219 :	000101000000000000;
	3218 :	000001000111000100;
	3217 :	000101101000010011;
	3216 :	000100110000000000;
	3215 :	000011110000001100;
	3214 :	000100000111010000;
	3213 :	000100100000000000;
	3212 :	000110110111110000;
	3211 :	000001100111110011;
	3210 :	000100010000000000;
	3209 :	000100110100000001;
	3208 :	000011110011000000;
	3207 :	000100000000000000;
	3206 :	000100100001100001;
	3205 :	000010010101001001;
	3204 :	000011110000000000;
	3203 :	000101000001101100;
	3202 :	000110110101011010;
	3201 :	000011100000000000;
	3200 :	000101010110101100;
	3199 :	000010100000101000;
	3198 :	000011010000000000;
	3197 :	000011001000000100;
	3196 :	000011011000100010;
	3195 :	000011000000000000;
	3194 :	000101100111111100;
	3193 :	000000010011011010;
	3192 :	000010110000000000;
	3191 :	000000010101110010;
	3190 :	000010000101010011;
	3189 :	000010100000000000;
	3188 :	000100010111001011;
	3187 :	000101000111101001;
	3186 :	000010010000000000;
	3185 :	000010010101001100;
	3184 :	000011000011000011;
	3183 :	000010000000000000;
	3182 :	000000000000010001;
	3181 :	000110100110111100;
	3180 :	000001110000000000;
	3179 :	000110000100110000;
	3178 :	000110000111011011;
	3177 :	000001100000000000;
	3176 :	000110100011000000;
	3175 :	000100010001001000;
	3174 :	000001010000000000;
	3173 :	000010000101110011;
	3172 :	000100110101011000;
	3171 :	000001000000000000;
	3170 :	000111010001101100;
	3169 :	000111010000100001;
	3168 :	000000110000000000;
	3167 :	000001110001111000;
	3166 :	000111000101000000;
	3165 :	000000100000000000;
	3164 :	000001010100111001;
	3163 :	000000100110010001;
	3162 :	000000010000000000;
	3161 :	000000110111101001;
	3160 :	000010110111011100;
	3159 :	000000000000000000;
	3158 :	000001010011001001;
	3157 :	000010110111011000;
	3156 :	000111010000000000;
	3155 :	000011011000010010;
	3154 :	000111011000010011;
	3153 :	000111000000000000;
	3152 :	000001000010011010;
	3151 :	000011010101001000;
	3150 :	000110110000000000;
	3149 :	000001100011100010;
	3148 :	000011000100000100;
	3147 :	000110100000000000;
	3146 :	000101100010110010;
	3145 :	000111001000100011;
	3144 :	000110010000000000;
	3143 :	000110110000101100;
	3142 :	000101111000010001;
	3141 :	000110000000000000;
	3140 :	000010100100111001;
	3139 :	000001110110010010;
	3138 :	000101110000000000;
	3137 :	000100000000101100;
	3136 :	000010010111000100;
	3135 :	000101100000000000;
	3134 :	000011000011100011;
	3133 :	000101101000110000;
	3132 :	000101010000000000;
	3131 :	000100101000100011;
	3130 :	000011110101111001;
	3129 :	000101000000000000;
	3128 :	000101110000110010;
	3127 :	000000110110000000;
	3126 :	000100110000000000;
	3125 :	000000000001101000;
	3124 :	000110100100011010;
	3123 :	000100100000000000;
	3122 :	000010010110011011;
	3121 :	000001000010101001;
	3120 :	000100010000000000;
	3119 :	000110100001011001;
	3118 :	000010100001011000;
	3117 :	000100000000000000;
	3116 :	000110010010110001;
	3115 :	000110110110000100;
	3114 :	000011110000000000;
	3113 :	000111000011100100;
	3112 :	000100010000101011;
	3111 :	000011100000000000;
	3110 :	000101000011110010;
	3109 :	000001101000100100;
	3108 :	000011010000000000;
	3107 :	000011110111110011;
	3106 :	000000000101011011;
	3105 :	000011000000000000;
	3104 :	000010001000110100;
	3103 :	000011100111001100;
	3102 :	000010110000000000;
	3101 :	000101010001001010;
	3100 :	000000100011000011;
	3099 :	000010100000000000;
	3098 :	000100010001110010;
	3097 :	000000010110111010;
	3096 :	000010010000000000;
	3095 :	000110000000011100;
	3094 :	000110010001100010;
	3093 :	000010000000000000;
	3092 :	000000010100101010;
	3091 :	000100100101010011;
	3090 :	000001110000000000;
	3089 :	000111010000010100;
	3088 :	000100110101110000;
	3087 :	000001100000000000;
	3086 :	000000100101100010;
	3085 :	000101000111001010;
	3084 :	000001010000000000;
	3083 :	000000110000100011;
	3082 :	000101010010010000;
	3081 :	000001000000000000;
	3080 :	000010110011000100;
	3079 :	000001010101111100;
	3078 :	000000110000000000;
	3077 :	000001110001000000;
	3076 :	000010000011101011;
	3075 :	000000100000000000;
	3074 :	000011100111011001;
	3073 :	000100000010010001;
	3072 :	000000010000000000;
	3071 :	000100110101010001;
	3070 :	000110000110010000;
	3069 :	000000000000000000;
	3068 :	000011100101001010;
	3067 :	000010110010111000;
	3066 :	000111010000000000;
	3065 :	000010010110011000;
	3064 :	000000110011001011;
	3063 :	000111000000000000;
	3062 :	000100110100001010;
	3061 :	000110000011111010;
	3060 :	000110110000000000;
	3059 :	000000100011001010;
	3058 :	000010000110111010;
	3057 :	000110100000000000;
	3056 :	000001000110100000;
	3055 :	000001010010111011;
	3054 :	000110010000000000;
	3053 :	000000000101011011;
	3052 :	000101110110011011;
	3051 :	000110000000000000;
	3050 :	000110010110001001;
	3049 :	000010010011110010;
	3048 :	000101110000000000;
	3047 :	000110100111101000;
	3046 :	000001110000110000;
	3045 :	000101100000000000;
	3044 :	000011110011000011;
	3043 :	000100110100111001;
	3042 :	000101010000000000;
	3041 :	000110111000100001;
	3040 :	000110100111000010;
	3039 :	000101000000000000;
	3038 :	000010100111110000;
	3037 :	000111010011010001;
	3036 :	000100110000000000;
	3035 :	000001010001010001;
	3034 :	000111000100010010;
	3033 :	000100100000000000;
	3032 :	000001110011111010;
	3031 :	000101100111110100;
	3030 :	000100010000000000;
	3029 :	000011000110111001;
	3028 :	000000010001111011;
	3027 :	000100000000000000;
	3026 :	000010110100010001;
	3025 :	000001100011000010;
	3024 :	000011110000000000;
	3023 :	000111010111110000;
	3022 :	000110110101011001;
	3021 :	000011100000000000;
	3020 :	000100000110001000;
	3019 :	000011010101101100;
	3018 :	000011010000000000;
	3017 :	000011010100110010;
	3016 :	000000100011010010;
	3015 :	000011000000000000;
	3014 :	000101110011110001;
	3013 :	000100100101001000;
	3012 :	000010110000000000;
	3011 :	000100010011101010;
	3010 :	000000001000000001;
	3009 :	000010100000000000;
	3008 :	000010000101100000;
	3007 :	000001000011011001;
	3006 :	000010010000000000;
	3005 :	000100100100011001;
	3004 :	000100010101010100;
	3003 :	000010000000000000;
	3002 :	000001100001101100;
	3001 :	000011000001011000;
	3000 :	000001110000000000;
	2999 :	000110000000110100;
	2998 :	000100000011011100;
	2997 :	000001100000000000;
	2996 :	000111000010100001;
	2995 :	000101000011111000;
	2994 :	000001010000000000;
	2993 :	000000111000001011;
	2992 :	000010100011101100;
	2991 :	000001000000000000;
	2990 :	000101010110111000;
	2989 :	000101010111101010;
	2988 :	000000110000000000;
	2987 :	000101100100100001;
	2986 :	000011100001001001;
	2985 :	000000100000000000;
	2984 :	000000011000000001;
	2983 :	000011110111101100;
	2982 :	000000010000000000;
	2981 :	000101000100000001;
	2980 :	000110010000001011;
	2979 :	000000000000000000;
	2978 :	000011001000110001;
	2977 :	000100001000101001;
	2976 :	000111010000000000;
	2975 :	000000100101010001;
	2974 :	000010000110010011;
	2973 :	000111000000000000;
	2972 :	000001111000101000;
	2971 :	000000100011101010;
	2970 :	000110110000000000;
	2969 :	000100010000111001;
	2968 :	000101001000011011;
	2967 :	000110100000000000;
	2966 :	000011110000001000;
	2965 :	000110100111110000;
	2964 :	000110010000000000;
	2963 :	000010100010110010;
	2962 :	000111010101011000;
	2961 :	000110000000000000;
	2960 :	000100110010101100;
	2959 :	000101010000000001;
	2958 :	000101110000000000;
	2957 :	000010000000011100;
	2956 :	000001110101101100;
	2955 :	000101100000000000;
	2954 :	000101000001110000;
	2953 :	000101110000110100;
	2952 :	000101010000000000;
	2951 :	000110000100110011;
	2950 :	000110000011111010;
	2949 :	000101000000000000;
	2948 :	000101110010111000;
	2947 :	000000010111011011;
	2946 :	000100110000000000;
	2945 :	000111000001011000;
	2944 :	000010100000011010;
	2943 :	000100100000000000;
	2942 :	000001100101000011;
	2941 :	000000110100101011;
	2940 :	000100010000000000;
	2939 :	000111010000001100;
	2938 :	000100100000000011;
	2937 :	000100000000000000;
	2936 :	000000010001010011;
	2935 :	000001000110011010;
	2934 :	000011110000000000;
	2933 :	000010100000100011;
	2932 :	000101110000010000;
	2931 :	000100100011101000;
	2930 :	000100000000110010;
	2929 :	000101100100000100;
	2928 :	000011110110011000;
	2927 :	000101010100100011;
	2926 :	000111001000101100;
	2925 :	000101000011000000;
	2924 :	000110110011000010;
	2923 :	000000000000101000;
	2922 :	000000000110010001;
	2921 :	000011100000000000;
	2920 :	000001011000110001;
	2919 :	000011010010111011;
	2918 :	000101100111111000;
	2917 :	000010000010100100;
	2916 :	000000010011100011;
	2915 :	000101110000001100;
	2914 :	000010010110101011;
	2913 :	000110010110010100;
	2912 :	000101110010001010;
	2911 :	000000001000011001;
	2910 :	000101100101000001;
	2909 :	000010110010001011;
	2908 :	000011010000000000;
	2907 :	000110010111100100;
	2906 :	000010110110000001;
	2905 :	000001010011001000;
	2904 :	000110110111111010;
	2903 :	000010000000010011;
	2902 :	000000110110011100;
	2901 :	000000100101101011;
	2900 :	000110110110000011;
	2899 :	000000100110001100;
	2898 :	000110010011110011;
	2897 :	000011100001000000;
	2896 :	000011010000011000;
	2895 :	000011000000000000;
	2894 :	000100100100010100;
	2893 :	000110110001001100;
	2892 :	000111010100001011;
	2891 :	000110010011100001;
	2890 :	000010110111111011;
	2889 :	000111000000011010;
	2888 :	000001000110100000;
	2887 :	000011000001111001;
	2886 :	000001100110110001;
	2885 :	000011110110010011;
	2884 :	000000110101111100;
	2883 :	000011100001111011;
	2882 :	000010110000000000;
	2881 :	000110100100100001;
	2880 :	000110100011010010;
	2879 :	000011110100010100;
	2878 :	000011000100101100;
	2877 :	000110100010011000;
	2876 :	000100110111011010;
	2875 :	000110100000100011;
	2874 :	000101110100101011;
	2873 :	000110010100000010;
	2872 :	000101100001111100;
	2871 :	000100100011111000;
	2870 :	000111000111011011;
	2869 :	000010100000000000;
	2868 :	000011000111010000;
	2867 :	000101100010110100;
	2866 :	000001000110101001;
	2865 :	000000100001100011;
	2864 :	000011100000110010;
	2863 :	000000000001011001;
	2862 :	000010100110010000;
	2861 :	000100010011001010;
	2860 :	000101010001010001;
	2859 :	000001000111111000;
	2858 :	000011011000011011;
	2857 :	000001100000011001;
	2856 :	000010010000000000;
	2855 :	000010010010000010;
	2854 :	000001001000001000;
	2853 :	000101110001011010;
	2852 :	000101010001100000;
	2851 :	000100000000000011;
	2850 :	000000110011001001;
	2849 :	000000000111000001;
	2848 :	000101000000010010;
	2847 :	000111000100001001;
	2846 :	000010010001011000;
	2845 :	000001010000100001;
	2844 :	000110110101011100;
	2843 :	000010000000000000;
	2842 :	000001111000010000;
	2841 :	000110000100100010;
	2840 :	000011100000110100;
	2839 :	000100110100110100;
	2838 :	000001110000000000;
	2837 :	000001010111000010;
	2836 :	000001100110111001;
	2835 :	000000010101110011;
	2834 :	000001110001111000;
	2833 :	000011001000011100;
	2832 :	000110111000101001;
	2831 :	000011010110100011;
	2830 :	000100100001111001;
	2829 :	000000000100010100;
	2828 :	000001100011111011;
	2827 :	000010010010101000;
	2826 :	000010110110011000;
	2825 :	000101011000110000;
	2824 :	000010010101101010;
	2823 :	000111011000110010;
	2822 :	000010110001011100;
	2821 :	000011100011110000;
	2820 :	000110100011110001;
	2819 :	000101010110101001;
	2818 :	000100010010011001;
	2817 :	000001100000000000;
	2816 :	000101000001001001;
	2815 :	000000100100111001;
	2814 :	000011100111111000;
	2813 :	000101000111110010;
	2812 :	000001000010001011;
	2811 :	000101000001011100;
	2810 :	000011110001100011;
	2809 :	000100000100011000;
	2808 :	000000110111110001;
	2807 :	000100100101100000;
	2806 :	000010110101010011;
	2805 :	000011110011010001;
	2804 :	000001010000000000;
	2803 :	000101010100101011;
	2802 :	000111000111010000;
	2801 :	000010100110001001;
	2800 :	000110110010001011;
	2799 :	000011010100011011;
	2798 :	000111010101000000;
	2797 :	000110000100001000;
	2796 :	000000110010010100;
	2795 :	000100010010100001;
	2794 :	000001011000100010;
	2793 :	000001000100110011;
	2792 :	000010010011100001;
	2791 :	000001000000000000;
	2790 :	000010000100101010;
	2789 :	000011100111000000;
	2788 :	000001111000111001;
	2787 :	000000000011001100;
	2786 :	000110010111010100;
	2785 :	000001100100110100;
	2784 :	000100100000110000;
	2783 :	000010000101110100;
	2782 :	000010100010010001;
	2781 :	000110000010011001;
	2780 :	000110010111100010;
	2779 :	000101100110100100;
	2778 :	000000110000000000;
	2777 :	000100000001000100;
	2776 :	000111010000000001;
	2775 :	000100010001001001;
	2774 :	000000010100110010;
	2773 :	000110000011100100;
	2772 :	000011000101011001;
	2771 :	000001110100001011;
	2770 :	000001010010001010;
	2769 :	000000010110101001;
	2768 :	000100110010110100;
	2767 :	000010010110000100;
	2766 :	000001010111110100;
	2765 :	000000100000000000;
	2764 :	000100011000010100;
	2763 :	000000010001111010;
	2762 :	000110000001010010;
	2761 :	000111000100001011;
	2760 :	000100010100001001;
	2759 :	000001110111111010;
	2758 :	000011010010001100;
	2757 :	000100110000000010;
	2756 :	000010110101001001;
	2755 :	000000010000000000;
	2754 :	000100110101000001;
	2753 :	000100000010111000;
	2752 :	000010000101100100;
	2751 :	000000110100000011;
	2750 :	000100110001101010;
	2749 :	000011011000011011;
	2748 :	000011110111111010;
	2747 :	000000100011101001;
	2746 :	000010100110100001;
	2745 :	000101100110101001;
	2744 :	000001101000101001;
	2743 :	000100000110011001;
	2742 :	000111010100000100;
	2741 :	000110100110100000;
	2740 :	000011000000100010;
	2739 :	000000000000000000;
	2738 :	001101101110000110;
	2737 :	000000000000011001;
	2736 :	000010010101000010;
	2735 :	000100001000110010;
	2734 :	001000110000000000;
	2733 :	000111010000011100;
	2732 :	000110110001110001;
	2731 :	001000100000000000;
	2730 :	000100000011100000;
	2729 :	001000000001000001;
	2728 :	001000010000000000;
	2727 :	000110110101011010;
	2726 :	001000010111011000;
	2725 :	001000000000000000;
	2724 :	000101000110100001;
	2723 :	000000000011010011;
	2722 :	000111110000000000;
	2721 :	000101101000001011;
	2720 :	000111010110100000;
	2719 :	000111100000000000;
	2718 :	000110000110010000;
	2717 :	000101110110000011;
	2716 :	000111010000000000;
	2715 :	000001110110010011;
	2714 :	000010110000011100;
	2713 :	000111000000000000;
	2712 :	000001100111001100;
	2711 :	001000110110010100;
	2710 :	000110110000000000;
	2709 :	000011000001010000;
	2708 :	000001000000011011;
	2707 :	000110100000000000;
	2706 :	000010000010111000;
	2705 :	000110010111110001;
	2704 :	000110010000000000;
	2703 :	001000000011001011;
	2702 :	000001100100000010;
	2701 :	000110000000000000;
	2700 :	000011010011101001;
	2699 :	000101010110110001;
	2698 :	000101110000000000;
	2697 :	000111001000001001;
	2696 :	000011101000011100;
	2695 :	000101100000000000;
	2694 :	000000110000001010;
	2693 :	000001010101001010;
	2692 :	000101010000000000;
	2691 :	000001010001100000;
	2690 :	000000110011100000;
	2689 :	000101000000000000;
	2688 :	000011100100110011;
	2687 :	000100100100101010;
	2686 :	000100110000000000;
	2685 :	000010111000001011;
	2684 :	001000100100110010;
	2683 :	000100100000000000;
	2682 :	000000000111100011;
	2681 :	000000100001110010;
	2680 :	000100010000000000;
	2679 :	000100010011111010;
	2678 :	000100010111001011;
	2677 :	000100000000000000;
	2676 :	000100100000101011;
	2675 :	000010010010100011;
	2674 :	000011110000000000;
	2673 :	000001000001100000;
	2672 :	000010100010010000;
	2671 :	000011100000000000;
	2670 :	000000010110111010;
	2669 :	000011110000110000;
	2668 :	000011010000000000;
	2667 :	000010100110011011;
	2666 :	000111000101100000;
	2665 :	000011000000000000;
	2664 :	000110100100011011;
	2663 :	000100110000011011;
	2662 :	000010110000000000;
	2661 :	000000100100110100;
	2660 :	000000010001011100;
	2659 :	000010100000000000;
	2658 :	000110010100111001;
	2657 :	000101000100100011;
	2656 :	000010010000000000;
	2655 :	000101010101100010;
	2654 :	000001110100011010;
	2653 :	000010000000000000;
	2652 :	001000100001111000;
	2651 :	000110100000101000;
	2650 :	000001110000000000;
	2649 :	001000010101100001;
	2648 :	000111100001101000;
	2647 :	000001100000000000;
	2646 :	000101110001011000;
	2645 :	000011000110110010;
	2644 :	000001010000000000;
	2643 :	000111101000100000;
	2642 :	000010000011001001;
	2641 :	000001000000000000;
	2640 :	000011110111100011;
	2639 :	000101100111010001;
	2638 :	000000110000000000;
	2637 :	000100111000001011;
	2636 :	000111110000011100;
	2635 :	000000100000000000;
	2634 :	000111110110100100;
	2633 :	000110001000111010;
	2632 :	000000010000000000;
	2631 :	001000110001111011;
	2630 :	000011010010011010;
	2629 :	000000000000000000;
	2628 :	000011111000100010;
	2627 :	000101000110111010;
	2626 :	001000110000000000;
	2625 :	000000100101000011;
	2624 :	000010010000000100;
	2623 :	001000100000000000;
	2622 :	000001010000111011;
	2621 :	000111101000011001;
	2620 :	001000010000000000;
	2619 :	000100100000011010;
	2618 :	000001001000100000;
	2617 :	001000000000000000;
	2616 :	000110001000110010;
	2615 :	001000010110001010;
	2614 :	000111110000000000;
	2613 :	000110010111100100;
	2612 :	001000110101000011;
	2611 :	000111100000000000;
	2610 :	000101111000000001;
	2609 :	000111000011101011;
	2608 :	000111010000000000;
	2607 :	000010000001101010;
	2606 :	000100000100110100;
	2605 :	000111000000000000;
	2604 :	000010010100101011;
	2603 :	000011110010111000;
	2602 :	000110110000000000;
	2601 :	000000011000111100;
	2600 :	000111010010110010;
	2599 :	000110100000000000;
	2598 :	000100110111010000;
	2597 :	000001010011111000;
	2596 :	000110010000000000;
	2595 :	000100011000110011;
	2594 :	000000010010101000;
	2593 :	000110000000000000;
	2592 :	001000010010011000;
	2591 :	000110010010011011;
	2590 :	000101110000000000;
	2589 :	000111100101110010;
	2588 :	000000110010010010;
	2587 :	000101100000000000;
	2586 :	000111000111111001;
	2585 :	000100100000101100;
	2584 :	000101010000000000;
	2583 :	000010101000011011;
	2582 :	000101010101010100;
	2581 :	000101000000000000;
	2580 :	001000110001011000;
	2579 :	001000001000011000;
	2578 :	000100110000000000;
	2577 :	000110110111010010;
	2576 :	000010110111010011;
	2575 :	000100100000000000;
	2574 :	000111010100001000;
	2573 :	000101111000110001;
	2572 :	000100010000000000;
	2571 :	000001100011111000;
	2570 :	000001100000011100;
	2569 :	000100000000000000;
	2568 :	000011100011101100;
	2567 :	000110100010110000;
	2566 :	000011110000000000;
	2565 :	000001110000101001;
	2564 :	000000000001011010;
	2563 :	000011100000000000;
	2562 :	000011000000001010;
	2561 :	000110110010101010;
	2560 :	000011010000000000;
	2559 :	000001000000001001;
	2558 :	001000100110001001;
	2557 :	000011000000000000;
	2556 :	000011010111010001;
	2555 :	000011100011100000;
	2554 :	000010110000000000;
	2553 :	001000000001101010;
	2552 :	000100111000000011;
	2551 :	000010100000000000;
	2550 :	000000001000001000;
	2549 :	000010100110001011;
	2548 :	000010010000000000;
	2547 :	000111111000101001;
	2546 :	000011000110001011;
	2545 :	000010000000000000;
	2544 :	000101001000101000;
	2543 :	000100010010010000;
	2542 :	000001110000000000;
	2541 :	000100000010011100;
	2540 :	000000100110000010;
	2539 :	000001100000000000;
	2538 :	000101010000001000;
	2537 :	000010000111101011;
	2536 :	000001010000000000;
	2535 :	000101100110000010;
	2534 :	000011011000100001;
	2533 :	000001000000000000;
	2532 :	000010110011100010;
	2531 :	000101100110110010;
	2530 :	000000110000000000;
	2529 :	000110100011100011;
	2528 :	000110001000000100;
	2527 :	000000100000000000;
	2526 :	001000100111110000;
	2525 :	000001110100110001;
	2524 :	000000010000000000;
	2523 :	000000110101111001;
	2522 :	000111110110000010;
	2521 :	000000000000000000;
	2520 :	001000110110101000;
	2519 :	000111110001110001;
	2518 :	001000110000000000;
	2517 :	000011010111110000;
	2516 :	000010000001001011;
	2515 :	001000100000000000;
	2514 :	000100000000000001;
	2513 :	000011100100101001;
	2512 :	001000010000000000;
	2511 :	000100010101011000;
	2510 :	000011110010111001;
	2509 :	001000000000000000;
	2508 :	000000100010011000;
	2507 :	000011010111110011;
	2506 :	000111110000000000;
	2505 :	000110110111110001;
	2504 :	001000010001110100;
	2503 :	000111100000000000;
	2502 :	000010110110101100;
	2501 :	000010100001110010;
	2500 :	000111010000000000;
	2499 :	000110010011111010;
	2498 :	000110010110110100;
	2497 :	000111000000000000;
	2496 :	000000010011101001;
	2495 :	000001110111011000;
	2494 :	000110110000000000;
	2493 :	000011100010000010;
	2492 :	000100000110101010;
	2491 :	000110100000000000;
	2490 :	000101110011001001;
	2489 :	000011000110110001;
	2488 :	000110010000000000;
	2487 :	000010010001010001;
	2486 :	000101010101000100;
	2485 :	000110000000000000;
	2484 :	001000100100101011;
	2483 :	000100100010110000;
	2482 :	000101110000000000;
	2481 :	000000110000000011;
	2480 :	000111000111110100;
	2479 :	000101100000000000;
	2478 :	000011110110110011;
	2477 :	000001100001110001;
	2476 :	000101010000000000;
	2475 :	000101010100010001;
	2474 :	000010110111110001;
	2473 :	000101000000000000;
	2472 :	000111010110011010;
	2471 :	000110000100000000;
	2470 :	000100110000000000;
	2469 :	000001000010101010;
	2468 :	000100110110110011;
	2467 :	000100100000000000;
	2466 :	000100100011110100;
	2465 :	000111011000001000;
	2464 :	000100010000000000;
	2463 :	000010000000010000;
	2462 :	000101000011101000;
	2461 :	000100000000000000;
	2460 :	000111100011000010;
	2459 :	000001010000101000;
	2458 :	000011110000000000;
	2457 :	000110000111110011;
	2456 :	000110100101001011;
	2455 :	000011100000000000;
	2454 :	000000000000000001;
	2453 :	000001000100011010;
	2452 :	000011010000000000;
	2451 :	001000000110011010;
	2450 :	000000100100010100;
	2449 :	000011000000000000;
	2448 :	000010100001010010;
	2447 :	000111101000010100;
	2446 :	000010110000000000;
	2445 :	000011000010010011;
	2444 :	000100010011110001;
	2443 :	000010100000000000;
	2442 :	000001110111110001;
	2441 :	000101100100011001;
	2440 :	000010010000000000;
	2439 :	000001010011100011;
	2438 :	000110110000001100;
	2437 :	000010000000000000;
	2436 :	000101100010001010;
	2435 :	001000001000011001;
	2434 :	000001110000000000;
	2433 :	000001100001100001;
	2432 :	000101110011110010;
	2431 :	000001100000000000;
	2430 :	000111000110111000;
	2429 :	000000010100100100;
	2428 :	000001010000000000;
	2427 :	000110100010010010;
	2426 :	000000110101111010;
	2425 :	000001000000000000;
	2424 :	000101000100100000;
	2423 :	000000000011111000;
	2422 :	000000110000000000;
	2421 :	000100110100111001;
	2420 :	001000110101110001;
	2419 :	000000100000000000;
	2418 :	000111110101100010;
	2417 :	001000100100111010;
	2416 :	000000010000000000;
	2415 :	001000010101101100;
	2414 :	000010010111110011;
	2413 :	000000000000000000;
	2412 :	000111100111010100;
	2411 :	000100101000000001;
	2410 :	001000110000000000;
	2409 :	000111110110011100;
	2408 :	000101111000101010;
	2407 :	001000100000000000;
	2406 :	000000010000100100;
	2405 :	000010110000010100;
	2404 :	001000010000000000;
	2403 :	000011100010001011;
	2402 :	001000100010111010;
	2401 :	001000000000000000;
	2400 :	000001000111001010;
	2399 :	001000000000010011;
	2398 :	000111110000000000;
	2397 :	000011000100001011;
	2396 :	000001000100011000;
	2395 :	000111100000000000;
	2394 :	000011010111100100;
	2393 :	000101000110000001;
	2392 :	000111010000000000;
	2391 :	000111010110001100;
	2390 :	000110010000011000;
	2389 :	000111000000000000;
	2388 :	000001101000011000;
	2387 :	000000010011010100;
	2386 :	000110110000000000;
	2385 :	000101010111111011;
	2384 :	000010010000011010;
	2383 :	000110100000000000;
	2382 :	000000000110110001;
	2381 :	000010100110010011;
	2380 :	000110010000000000;
	2379 :	001000000100110010;
	2378 :	000111000100010100;
	2377 :	000110000000000000;
	2376 :	001000111000101001;
	2375 :	000111111000010100;
	2374 :	000101110000000000;
	2373 :	000001010111010001;
	2372 :	000011101000010010;
	2371 :	000101100000000000;
	2370 :	000000101000110100;
	2369 :	000100110111011011;
	2368 :	000101010000000000;
	2367 :	000110100111011011;
	2366 :	000010000110101011;
	2365 :	000101000000000000;
	2364 :	000001110001100100;
	2363 :	000000100101001000;
	2362 :	000100110000000000;
	2361 :	001000100100010001;
	2360 :	000000110110011011;
	2359 :	000100100000000000;
	2358 :	000110010100010100;
	2357 :	000100000011010010;
	2356 :	000101000100100001;
	2355 :	000000010100101100;
	2354 :	000011100010011000;
	2353 :	000111000111011010;
	2352 :	000110010000100011;
	2351 :	000000000100101011;
	2350 :	000100010100000010;
	2349 :	000101010001111100;
	2348 :	000100010000000000;
	2347 :	000001010110100011;
	2346 :	000111101000110100;
	2345 :	000011010111010000;
	2344 :	000101100010110100;
	2343 :	000101100110101001;
	2342 :	000111010001100011;
	2341 :	000100100000110010;
	2340 :	000100110001011001;
	2339 :	001000010110010000;
	2338 :	000101100011001010;
	2337 :	000100000000000000;
	2336 :	000110000001111011;
	2335 :	000011100101000011;
	2334 :	000010110111100000;
	2333 :	000100001000111000;
	2332 :	000001000010010010;
	2331 :	000000000000110010;
	2330 :	000010110110010100;
	2329 :	000110110001110001;
	2328 :	000000110010000001;
	2327 :	000000000110101100;
	2326 :	000011110000000000;
	2325 :	000101010010001010;
	2324 :	000001110110101010;
	2323 :	000111100101000001;
	2322 :	000010000111101001;
	2321 :	000101011000011010;
	2320 :	001000000110010011;
	2319 :	000000010011001001;
	2318 :	000101000010100011;
	2317 :	000110011000110001;
	2316 :	000111010011010000;
	2315 :	000011100000000000;
	2314 :	000111110000100010;
	2313 :	000010100100010100;
	2312 :	000101010010101100;
	2311 :	000111010111000000;
	2310 :	000001010110001100;
	2309 :	000110010010001000;
	2308 :	000010010000001010;
	2307 :	000001100111111000;
	2306 :	000110110010010000;
	2305 :	000110100111010001;
	2304 :	000011010000000000;
	2303 :	000000000000110100;
	2302 :	000111010101110011;
	2301 :	000010111000011100;
	2300 :	001000110001111000;
	2299 :	000010100011011000;
	2298 :	000100100110100011;
	2297 :	000000101000101001;
	2296 :	001000011000011011;
	2295 :	000010100001010001;
	2294 :	000011110010111010;
	2293 :	000011000000000000;
	2292 :	000100110011100010;
	2291 :	000001100011001010;
	2290 :	000011100011110100;
	2289 :	000000110001010011;
	2288 :	000011000101101011;
	2287 :	000001100100111000;
	2286 :	001000000011001100;
	2285 :	000011110000010011;
	2284 :	000110000110010001;
	2283 :	000100000000110100;
	2282 :	000010110000000000;
	2281 :	000000010100001011;
	2280 :	000110110110001011;
	2279 :	000000100001000011;
	2278 :	000001110101100011;
	2277 :	001000100010000011;
	2276 :	000110100110000011;
	2275 :	001000110010101011;
	2274 :	000001110100010010;
	2273 :	000010000111001011;
	2272 :	000011000101110000;
	2271 :	000010100000000000;
	2270 :	000010000011110000;
	2269 :	000110100011110001;
	2268 :	001000100110101001;
	2267 :	000110110010011001;
	2266 :	000000010011100000;
	2265 :	000000110101111000;
	2264 :	000001011000110001;
	2263 :	000011010110100010;
	2262 :	000100100000110011;
	2261 :	001000011000101001;
	2260 :	000010010000000000;
	2259 :	001000000111110010;
	2258 :	000010110010001011;
	2257 :	000100100001011100;
	2256 :	000111110001100011;
	2255 :	000111100100011000;
	2254 :	000110110111110001;
	2253 :	000100010101100000;
	2252 :	000010000101010011;
	2251 :	000010110011010001;
	2250 :	000001100000001011;
	2249 :	000010000000000000;
	2248 :	000001000000010010;
	2247 :	000011110010010001;
	2246 :	000101110110111100;
	2245 :	000001100001000011;
	2244 :	000101110000000010;
	2243 :	000011110001010100;
	2242 :	000011101000101000;
	2241 :	000000100110101000;
	2240 :	000101110110101100;
	2239 :	000001110000000000;
	2238 :	000011010000011001;
	2237 :	000100010111101100;
	2236 :	000101100110101100;
	2235 :	000001110011000001;
	2234 :	000000000111001001;
	2233 :	000001000100001000;
	2232 :	000100000110000100;
	2231 :	000110100010010000;
	2230 :	000101100110010011;
	2229 :	000111000111101000;
	2228 :	000110110011001100;
	2227 :	000001100000000000;
	2226 :	000000100010101001;
	2225 :	000000110101001000;
	2224 :	000001010010110001;
	2223 :	000111000101000100;
	2222 :	000110000000001100;
	2221 :	000100110111100010;
	2220 :	000100000110101001;
	2219 :	000000110010111000;
	2218 :	000011111000110010;
	2217 :	000001010000000000;
	2216 :	000110000100110010;
	2215 :	000101110101111000;
	2214 :	001000100100110001;
	2213 :	000010100100101010;
	2212 :	001000010111000000;
	2211 :	000011011000111001;
	2210 :	001000110011001100;
	2209 :	000001000100110100;
	2208 :	000101110111010100;
	2207 :	000100110000110000;
	2206 :	000001110101110100;
	2205 :	000001000000000000;
	2204 :	000111000101011010;
	2203 :	000011010111000000;
	2202 :	000110010101011011;
	2201 :	000011110010111001;
	2200 :	000010100000001001;
	2199 :	001000010011000001;
	2198 :	000111000000101000;
	2197 :	001000100111100011;
	2196 :	000101000101110001;
	2195 :	001000110001000001;
	2194 :	000000110000000000;
	2193 :	001000010010111000;
	2192 :	000101000101000001;
	2191 :	000100110000000011;
	2190 :	000110000111100000;
	2189 :	000010010001100100;
	2188 :	000101000110010100;
	2187 :	000111011000010010;
	2186 :	000011000011000001;
	2185 :	000010010101000010;
	2184 :	000111100100001011;
	2183 :	000000100000000000;
	2182 :	000010011000011011;
	2181 :	000100010011101001;
	2180 :	001000110111111010;
	2179 :	001000000110100001;
	2178 :	000110100110101001;
	2177 :	000100011000101001;
	2176 :	000111100110011001;
	2175 :	000101010100000100;
	2174 :	000101100110100000;
	2173 :	000100010000100010;
	2172 :	000000010000000000;
	2171 :	000011000111011100;
	2170 :	000100100100011011;
	2169 :	000010000100100011;
	2168 :	000010010001001011;
	2167 :	000011000101100000;
	2166 :	000111110011011100;
	2165 :	000110000111001010;
	2164 :	000111110101000010;
	2163 :	000100000010101100;
	2162 :	000001010010000000;
	2161 :	000000000000000000;
	2160 :	010000100101111101;
	2159 :	000000000000011111;
	2158 :	000111111000001100;
	2157 :	000000110101011000;
	2156 :	001011000000000000;
	2155 :	001001010011010001;
	2154 :	000110000110101011;
	2153 :	001010110000000000;
	2152 :	000101000111101100;
	2151 :	001010011000001010;
	2150 :	001010100000000000;
	2149 :	001011000100111001;
	2148 :	000001010110010100;
	2147 :	001010010000000000;
	2146 :	001000011000101001;
	2145 :	001001100110110011;
	2144 :	001010000000000000;
	2143 :	000100010101000011;
	2142 :	000000010000010010;
	2141 :	001001110000000000;
	2140 :	000111000010101100;
	2139 :	000110101000110100;
	2138 :	001001100000000000;
	2137 :	000100110100111010;
	2136 :	001000000100000010;
	2135 :	001001010000000000;
	2134 :	000000000110011011;
	2133 :	000111101000111001;
	2132 :	001001000000000000;
	2131 :	001001100111101011;
	2130 :	000011110001011000;
	2129 :	001000110000000000;
	2128 :	000110000001100100;
	2127 :	001001001000001100;
	2126 :	001000100000000000;
	2125 :	000000110001101010;
	2124 :	000001110101100100;
	2123 :	001000010000000000;
	2122 :	000010110001011011;
	2121 :	001000111000011100;
	2120 :	001000000000000000;
	2119 :	000100100001110011;
	2118 :	001010000110101100;
	2117 :	000111110000000000;
	2116 :	000110100111001011;
	2115 :	000101100101110011;
	2114 :	000111100000000000;
	2113 :	001000000010000010;
	2112 :	000100100001001100;
	2111 :	000111010000000000;
	2110 :	000110010111011011;
	2109 :	000110110011000000;
	2108 :	000111000000000000;
	2107 :	001001000100000000;
	2106 :	001010100000110001;
	2105 :	000110110000000000;
	2104 :	000011100101010010;
	2103 :	000010000001000010;
	2102 :	000110100000000000;
	2101 :	001010111000010010;
	2100 :	001010110100010100;
	2099 :	000110010000000000;
	2098 :	000100000111000010;
	2097 :	000000100100010100;
	2096 :	000110000000000000;
	2095 :	000000010011110100;
	2094 :	000101000001010000;
	2093 :	000101110000000000;
	2092 :	001000110000101100;
	2091 :	000111000100010010;
	2090 :	000101100000000000;
	2089 :	000010011000100001;
	2088 :	001001110101101000;
	2087 :	000101010000000000;
	2086 :	000101010100001001;
	2085 :	000011010101011011;
	2084 :	000101000000000000;
	2083 :	000101110011011011;
	2082 :	001000100000111001;
	2081 :	000100110000000000;
	2080 :	000001110000011010;
	2079 :	000010010000111011;
	2078 :	000100100000000000;
	2077 :	000011010110101001;
	2076 :	000001000100110010;
	2075 :	000100010000000000;
	2074 :	000001100011111000;
	2073 :	000101110111100001;
	2072 :	000100000000000000;
	2071 :	001000100001000100;
	2070 :	000011100100111001;
	2069 :	000011110000000000;
	2068 :	000011000110001010;
	2067 :	000111010100001010;
	2066 :	000011100000000000;
	2065 :	001010000010011000;
	2064 :	000101010011110100;
	2063 :	000011010000000000;
	2062 :	000011110011100001;
	2061 :	000100011000101011;
	2060 :	000011000000000000;
	2059 :	001001110011111010;
	2058 :	001001011000101011;
	2057 :	000010110000000000;
	2056 :	000001000001001000;
	2055 :	000010100010010000;
	2054 :	000010100000000000;
	2053 :	000010100110110011;
	2052 :	000111110111100011;
	2051 :	000010010000000000;
	2050 :	000101100011011100;
	2049 :	000001101000101001;
	2048 :	000010000000000000;
	2047 :	000110110110101010;
	2046 :	000010110001111000;
	2045 :	000001110000000000;
	2044 :	000010000100101010;
	2043 :	000100110000111000;
	2042 :	000001100000000000;
	2041 :	001010010010011001;
	2040 :	001000010011011010;
	2039 :	000001010000000000;
	2038 :	000001010110101000;
	2037 :	000000000101101010;
	2036 :	000001000000000000;
	2035 :	001010100000110010;
	2034 :	001011000001010000;
	2033 :	000000110000000000;
	2032 :	000111011000011011;
	2031 :	000110010100001010;
	2030 :	000000100000000000;
	2029 :	000111100000101100;
	2028 :	000100000111100001;
	2027 :	000000010000000000;
	2026 :	000000100110100010;
	2025 :	000011000010100001;
	2024 :	000000000000000000;
	2023 :	000001100110011001;
	2022 :	000010000100101010;
	2021 :	001011000000000000;
	2020 :	001001100110010010;
	2019 :	000100011000010000;
	2018 :	001010110000000000;
	2017 :	000100110111001010;
	2016 :	000010010100001000;
	2015 :	001010100000000000;
	2014 :	000011111000110100;
	2013 :	001000110101101010;
	2012 :	001010010000000000;
	2011 :	000000100001110100;
	2010 :	000100000100010010;
	2009 :	001010000000000000;
	2008 :	000100000100110010;
	2007 :	000101100100011000;
	2006 :	001001110000000000;
	2005 :	001001111000101001;
	2004 :	001010010110001011;
	2003 :	001001100000000000;
	2002 :	000101011000001001;
	2001 :	000000010101111010;
	2000 :	001001010000000000;
	1999 :	000101100001110010;
	1998 :	000110010110011000;
	1997 :	001001000000000000;
	1996 :	000110000001111100;
	1995 :	000111010101011000;
	1994 :	001000110000000000;
	1993 :	000110011000010100;
	1992 :	001001000001001010;
	1991 :	001000100000000000;
	1990 :	000010100001011100;
	1989 :	000110000111010010;
	1988 :	001000010000000000;
	1987 :	000001011000110011;
	1986 :	000100110000011100;
	1985 :	001000000000000000;
	1984 :	000011000111111010;
	1983 :	001001010010001100;
	1982 :	000111110000000000;
	1981 :	000111000001100100;
	1980 :	001011000111011010;
	1979 :	000111100000000000;
	1978 :	001010110011101100;
	1977 :	000101000110101001;
	1976 :	000111010000000000;
	1975 :	000110110011101010;
	1974 :	000001010111011100;
	1973 :	000111000000000000;
	1972 :	001010010000111011;
	1971 :	001010110011010011;
	1970 :	000110110000000000;
	1969 :	000111110101011011;
	1968 :	000111000010101001;
	1967 :	000110100000000000;
	1966 :	001000000111011001;
	1965 :	000111100111110001;
	1964 :	000110010000000000;
	1963 :	000100010100010100;
	1962 :	000000000010111000;
	1961 :	000110000000000000;
	1960 :	000011010001110000;
	1959 :	000011110010011001;
	1958 :	000101110000000000;
	1957 :	001010001000000001;
	1956 :	000110100110100001;
	1955 :	000101100000000000;
	1954 :	001001000000101100;
	1953 :	000001110111100001;
	1952 :	000101010000000000;
	1951 :	000111100011101100;
	1950 :	001000010101001000;
	1949 :	000101000000000000;
	1948 :	000101110011110010;
	1947 :	001001100101011000;
	1946 :	000100110000000000;
	1945 :	001010100001111010;
	1944 :	000010101000101010;
	1943 :	000100100000000000;
	1942 :	000000011000010011;
	1941 :	000011100110101000;
	1940 :	000100010000000000;
	1939 :	001000101000101011;
	1938 :	001010000110111001;
	1937 :	000100000000000000;
	1936 :	001011000011001010;
	1935 :	000100100000100011;
	1934 :	000011110000000000;
	1933 :	000000000011110010;
	1932 :	000111110110101000;
	1931 :	000011100000000000;
	1930 :	000110100110100010;
	1929 :	001000100000101001;
	1928 :	000011010000000000;
	1927 :	000010010110000000;
	1926 :	000010110011011011;
	1925 :	000011000000000000;
	1924 :	000010110001010000;
	1923 :	000101010000010010;
	1922 :	000010110000000000;
	1921 :	000010000001110000;
	1920 :	000101110000111100;
	1919 :	000010100000000000;
	1918 :	001001010011110100;
	1917 :	001010100101111011;
	1916 :	000010010000000000;
	1915 :	001000111000111001;
	1914 :	000011010010010001;
	1913 :	000010000000000000;
	1912 :	001000011000110011;
	1911 :	000011000101110100;
	1910 :	000001110000000000;
	1909 :	000011100111111100;
	1908 :	000000100111001010;
	1907 :	000001100000000000;
	1906 :	000100100011001100;
	1905 :	000000110101100010;
	1904 :	000001010000000000;
	1903 :	000111010111101000;
	1902 :	001001110011100000;
	1901 :	000001000000000000;
	1900 :	000000110101010011;
	1899 :	000001101000011000;
	1898 :	000000110000000000;
	1897 :	000001110011011000;
	1896 :	000110110001010010;
	1895 :	000000100000000000;
	1894 :	000101000010100011;
	1893 :	000001000101011011;
	1892 :	000000010000000000;
	1891 :	000001000101001000;
	1890 :	001000000010001000;
	1889 :	000000000000000000;
	1888 :	000111110010111000;
	1887 :	001010010100010011;
	1886 :	001011000000000000;
	1885 :	001011000110001010;
	1884 :	000111000101010010;
	1883 :	001010110000000000;
	1882 :	001000010110011001;
	1881 :	000110010111100100;
	1880 :	001010100000000000;
	1879 :	000011010111101011;
	1878 :	001010110101101001;
	1877 :	001010010000000000;
	1876 :	000000010000110010;
	1875 :	000000100010111100;
	1874 :	001010000000000000;
	1873 :	000100010100001010;
	1872 :	000000010110001100;
	1871 :	001001110000000000;
	1870 :	000101000100111001;
	1869 :	000110001000011010;
	1868 :	001001100000000000;
	1867 :	001000100010101000;
	1866 :	001000010100110000;
	1865 :	001001010000000000;
	1864 :	000001000010110000;
	1863 :	000101110011001000;
	1862 :	001001000000000000;
	1861 :	000100110101010100;
	1860 :	000100000100110001;
	1859 :	001000110000000000;
	1858 :	000110110010000100;
	1857 :	001000100000011000;
	1856 :	001000100000000000;
	1855 :	000001110100101100;
	1854 :	001001100100101011;
	1853 :	001000010000000000;
	1852 :	000001011000100100;
	1851 :	001001110011111001;
	1850 :	001000000000000000;
	1849 :	000000000011101001;
	1848 :	000011000001101100;
	1847 :	000111110000000000;
	1846 :	000000101000011000;
	1845 :	000001010010100001;
	1844 :	000111100000000000;
	1843 :	000010010111111011;
	1842 :	000001000101110010;
	1841 :	000111010000000000;
	1840 :	001001000000011000;
	1839 :	000100010110010010;
	1838 :	000111000000000000;
	1837 :	000110001000101100;
	1836 :	000101000010001010;
	1835 :	000110110000000000;
	1834 :	001000110111100100;
	1833 :	000011110101011001;
	1832 :	000110100000000000;
	1831 :	000111000111000010;
	1830 :	000110101000100010;
	1829 :	000110010000000000;
	1828 :	001010100101111000;
	1827 :	001010100100001100;
	1826 :	000110000000000000;
	1825 :	000101110001011010;
	1824 :	000010110011001010;
	1823 :	000101110000000000;
	1822 :	000110010010001100;
	1821 :	000011100010111000;
	1820 :	000101100000000000;
	1819 :	001001100110011001;
	1818 :	000010000100001001;
	1817 :	000101010000000000;
	1816 :	000111100111100001;
	1815 :	000110110000100001;
	1814 :	000101000000000000;
	1813 :	001001110010101001;
	1812 :	000001111000000010;
	1811 :	000100110000000000;
	1810 :	000011110111101100;
	1809 :	000111010100010000;
	1808 :	000100100000000000;
	1807 :	001000000100000100;
	1806 :	000000110001100100;
	1805 :	000100010000000000;
	1804 :	000101010100100010;
	1803 :	000001100101000100;
	1802 :	000100000000000000;
	1801 :	000010110111010011;
	1800 :	001011000111111000;
	1799 :	000011110000000000;
	1798 :	000111000111010010;
	1797 :	001000010101110100;
	1796 :	000110100000100010;
	1795 :	000001110000110010;
	1794 :	001001100111100100;
	1793 :	001000110111111011;
	1792 :	001000010111001011;
	1791 :	000110100110111000;
	1790 :	000111000011111100;
	1789 :	001001011000101001;
	1788 :	000100100111101100;
	1787 :	000011100000000000;
	1786 :	000011000010011000;
	1785 :	000011100011000100;
	1784 :	000100110010011100;
	1783 :	000111110001101001;
	1782 :	001001010111001010;
	1781 :	001010011000100000;
	1780 :	000001110011000010;
	1779 :	000011010000011010;
	1778 :	000010100101100000;
	1777 :	001010000110000001;
	1776 :	001001000010010010;
	1775 :	000011010000000000;
	1774 :	000111010111001000;
	1773 :	001001010010111000;
	1772 :	001010000111000010;
	1771 :	000010000010010100;
	1770 :	000011100110011100;
	1769 :	000100110101110000;
	1768 :	001011000010110001;
	1767 :	001000100101011100;
	1766 :	000011000000110001;
	1765 :	000001100111010010;
	1764 :	000010100100100001;
	1763 :	000011000000000000;
	1762 :	000001000010111100;
	1761 :	001010010111001010;
	1760 :	000110000010010100;
	1759 :	000110010010010011;
	1758 :	001010000000101011;
	1757 :	000101010101101011;
	1756 :	001010110010101010;
	1755 :	001000110010000000;
	1754 :	000111010001000000;
	1753 :	000100100011001011;
	1752 :	000011010011010000;
	1751 :	000010110000000000;
	1750 :	000011010011111010;
	1749 :	000111100001101010;
	1748 :	001001100101000000;
	1747 :	000111000111100010;
	1746 :	001000010100100011;
	1745 :	001001110001100100;
	1744 :	000011110001000010;
	1743 :	000001000110100010;
	1742 :	000101000110001011;
	1741 :	000010000100000011;
	1740 :	000000001000010010;
	1739 :	000010100000000000;
	1738 :	000001110101111011;
	1737 :	000110110000110001;
	1736 :	000001011000100010;
	1735 :	000110000001100001;
	1734 :	000101100000001010;
	1733 :	000000010101010000;
	1732 :	000100000000100011;
	1731 :	000001100110000000;
	1730 :	000110011000001001;
	1729 :	000010100001100010;
	1728 :	001001011000111000;
	1727 :	000010010000000000;
	1726 :	000010000011100001;
	1725 :	000000110001101100;
	1724 :	000110010110011001;
	1723 :	000001100011011010;
	1722 :	000101000000101000;
	1721 :	000110110100101100;
	1720 :	000000110110000000;
	1719 :	001000000010100001;
	1718 :	000010000000000000;
	1717 :	001010010011010010;
	1716 :	000101100011111001;
	1715 :	000010110001011001;
	1714 :	000000010100100000;
	1713 :	000000100111010100;
	1712 :	001011000110100000;
	1711 :	000110100000111011;
	1710 :	000011110111110011;
	1709 :	001000100001101010;
	1708 :	001001100101111011;
	1707 :	001001110101010000;
	1706 :	000100100010111010;
	1705 :	000000111000000001;
	1704 :	000111110100001001;
	1703 :	000001110000000000;
	1702 :	000100000110101001;
	1701 :	000000001000111010;
	1700 :	000100100110000011;
	1699 :	000110110111101010;
	1698 :	000111100011011001;
	1697 :	001001001000010100;
	1696 :	000100100111000011;
	1695 :	000101110110001010;
	1694 :	000111100001100001;
	1693 :	000100001000010010;
	1692 :	000010010000001001;
	1691 :	000001100000000000;
	1690 :	000101110000101010;
	1689 :	000101000001101100;
	1688 :	000001100100101100;
	1687 :	000010110110010001;
	1686 :	000000110111011001;
	1685 :	000001010110101000;
	1684 :	000001010100011011;
	1683 :	001010010101111010;
	1682 :	001001000101011100;
	1681 :	000111010000011001;
	1680 :	001000111000101000;
	1679 :	000001010000000000;
	1678 :	000010100000010001;
	1677 :	000111110111010100;
	1676 :	000011110100101000;
	1675 :	000011010100011010;
	1674 :	000010010011001011;
	1673 :	001010110101010000;
	1672 :	000010000000010000;
	1671 :	000011101000111010;
	1670 :	000100110000010100;
	1669 :	000101100000110011;
	1668 :	000101010011101010;
	1667 :	000001000000000000;
	1666 :	001001000110001010;
	1665 :	000100010110001100;
	1664 :	001000110001011001;
	1663 :	000100000000001010;
	1662 :	001010100111010010;
	1661 :	001000000110000001;
	1660 :	000000010100100001;
	1659 :	000100010011100100;
	1658 :	000000000101100010;
	1657 :	000011100101010011;
	1656 :	000111101000001000;
	1655 :	000000110000000000;
	1654 :	001000100101000100;
	1653 :	000010011000011001;
	1652 :	001010110000110000;
	1651 :	000000000001001100;
	1650 :	000100010110010100;
	1649 :	000001000111101100;
	1648 :	000000100000111011;
	1647 :	000101100111000100;
	1646 :	001000000110001010;
	1645 :	000011000111101010;
	1644 :	000101010111011001;
	1643 :	000000100000000000;
	1642 :	001000000000110011;
	1641 :	000101010100010000;
	1640 :	001010100000001000;
	1639 :	000010101000010100;
	1638 :	000000100011000010;
	1637 :	001011001000000010;
	1636 :	001001010110111011;
	1635 :	000010010000101100;
	1634 :	001010100011100000;
	1633 :	001010110010111000;
	1632 :	000100110000010011;
	1631 :	000000010000000000;
	1630 :	001001110000101010;
	1629 :	000010110000001000;
	1628 :	000101100011011000;
	1627 :	000111010000111000;
	1626 :	000101110100010001;
	1625 :	000011000000000001;
	1624 :	001010000111001011;
	1623 :	000110000100100100;
	1622 :	000111110000010100;
	1621 :	000110100110101010;
	1620 :	001010000111111001;
	1619 :	000000000000000000;
	1618 :	001101101001110111;
	1617 :	000000000000101000;
	1616 :	001101000000000100;
	1615 :	001001111000111011;
	1614 :	001000110001000011;
	1613 :	000100110100101100;
	1612 :	001110100001000011;
	1611 :	001011000000011000;
	1610 :	001110110000010011;
	1609 :	000111000001100011;
	1608 :	001110000101001001;
	1607 :	000011100001110011;
	1606 :	001011110100001001;
	1605 :	000001000011101001;
	1604 :	000011100000101100;
	1603 :	000100010111000100;
	1602 :	001010000001000010;
	1601 :	000100010011001011;
	1600 :	001001100100010010;
	1599 :	000111011000001001;
	1598 :	000011000111010011;
	1597 :	001010100010101010;
	1596 :	000110110100010000;
	1595 :	000001100111101100;
	1594 :	001101010100011001;
	1593 :	000011110101000001;
	1592 :	000010110101101011;
	1591 :	000100100000001010;
	1590 :	001110000100011001;
	1589 :	001100000100011010;
	1588 :	001001000100000010;
	1587 :	001011110010001001;
	1586 :	000000000010110011;
	1585 :	001110100100000010;
	1584 :	000001110010100010;
	1583 :	000111100111101100;
	1582 :	000010010000111011;
	1581 :	000110010011110000;
	1580 :	000011110111111001;
	1579 :	001101111000010000;
	1578 :	001001000000000000;
	1577 :	000011110001011100;
	1576 :	001100110100111011;
	1575 :	000110000100101010;
	1574 :	000010000110011011;
	1573 :	000101010011101010;
	1572 :	000111010101110001;
	1571 :	001011100010111011;
	1570 :	001100010011110010;
	1569 :	001110010010001010;
	1568 :	001101100111011100;
	1567 :	001001110001010011;
	1566 :	001000100001000000;
	1565 :	001101000101000100;
	1564 :	001011010110010010;
	1563 :	001001110010010000;
	1562 :	001011000100111100;
	1561 :	000111110101111000;
	1560 :	001011010111001000;
	1559 :	000011110000010100;
	1558 :	000000110111101011;
	1557 :	001100010000001011;
	1556 :	000001110010101010;
	1555 :	000101001000110001;
	1554 :	001110000010011000;
	1553 :	001110010110001010;
	1552 :	000110110111011000;
	1551 :	001000110010000000;
	1550 :	001001010110111100;
	1549 :	001001001000010100;
	1548 :	000000001000111011;
	1547 :	000101111000111100;
	1546 :	000011010011011100;
	1545 :	000110100110101011;
	1544 :	001100110110111011;
	1543 :	001000010010011000;
	1542 :	001000000101010000;
	1541 :	000000100000111011;
	1540 :	001110010111001001;
	1539 :	000011010001000001;
	1538 :	001011110111011011;
	1537 :	000011100010100001;
	1536 :	000110110100011000;
	1535 :	001101010010010100;
	1534 :	000000000000101100;
	1533 :	001100110011111001;
	1532 :	001101110101100100;
	1531 :	000011110001111011;
	1530 :	000000000110110011;
	1529 :	000100100000111011;
	1528 :	000101101000001010;
	1527 :	000111010000010001;
	1526 :	001110000101111011;
	1525 :	000001000011001011;
	1524 :	001101001000111001;
	1523 :	001100101000001011;
	1522 :	000010000111101010;
	1521 :	001010110111001001;
	1520 :	001000000110111100;
	1519 :	001100101000011000;
	1518 :	001100100010101000;
	1517 :	000010100111010010;
	1516 :	001000100010100010;
	1515 :	000010100010100010;
	1514 :	000000001000011010;
	1513 :	001011110010010001;
	1512 :	001100110000111000;
	1511 :	000000010011010011;
	1510 :	000001100100000011;
	1509 :	001000010000001001;
	1508 :	000110010011101010;
	1507 :	000100000101011001;
	1506 :	000111110010111000;
	1505 :	000010010100111000;
	1504 :	000110110000001000;
	1503 :	000100110110100000;
	1502 :	001000110111101011;
	1501 :	000110110110001011;
	1500 :	000110000100000011;
	1499 :	001000010111000100;
	1498 :	000010010111000011;
	1497 :	000111100011101010;
	1496 :	000001000101101011;
	1495 :	000010001000111010;
	1494 :	001000011000101000;
	1493 :	001001010000111010;
	1492 :	001010100000100010;
	1491 :	001101100010110001;
	1490 :	001011010001111100;
	1489 :	001010000100100010;
	1488 :	001100010110110001;
	1487 :	001100110001110010;
	1486 :	000010000011111001;
	1485 :	001010010101110000;
	1484 :	001011011000011010;
	1483 :	000111000000101010;
	1482 :	001101111000101000;
	1481 :	000000110100000011;
	1480 :	001010110100000010;
	1479 :	000011011000101000;
	1478 :	001010111000010011;
	1477 :	001010110110001011;
	1476 :	000101010100101001;
	1475 :	001010101000100100;
	1474 :	000100110111010010;
	1473 :	001100100010100000;
	1472 :	001010010011001100;
	1471 :	001011110101100010;
	1470 :	000100000011111000;
	1469 :	000000010111111010;
	1468 :	000010010011010001;
	1467 :	001010010101101001;
	1466 :	000111110100111011;
	1465 :	001100010010001001;
	1464 :	001100010010101000;
	1463 :	000000110010010011;
	1462 :	000000100000001010;
	1461 :	000001010110011000;
	1460 :	000000010101110100;
	1459 :	001000000011101001;
	1458 :	000001110110110000;
	1457 :	001001111000011011;
	1456 :	001100100001101011;
	1455 :	000100110101000010;
	1454 :	000111010100110100;
	1453 :	001000010111010010;
	1452 :	000010110110011000;
	1451 :	000000110101110011;
	1450 :	000111000000001011;
	1449 :	001100011000111000;
	1448 :	000101001000011011;
	1447 :	001001000010111010;
	1446 :	000011000110101010;
	1445 :	000101010001000010;
	1444 :	000010110001011000;
	1443 :	000111100011000000;
	1442 :	000101101000110100;
	1441 :	001011101000111011;
	1440 :	000101100010110011;
	1439 :	001101000101000100;
	1438 :	001100000011110010;
	1437 :	000011100111001010;
	1436 :	000100000010010011;
	1435 :	000100000111000011;
	1434 :	000011110100100000;
	1433 :	000000110111011010;
	1432 :	000111110001011001;
	1431 :	001101000110000000;
	1430 :	001000110000100100;
	1429 :	001100100010111010;
	1428 :	001011000000001010;
	1427 :	000111110000010011;
	1426 :	000110001000111010;
	1425 :	001001100100110001;
	1424 :	000000110011011100;
	1423 :	000011010101110100;
	1422 :	000001110001001001;
	1421 :	001011110001111011;
	1420 :	000011000111010000;
	1419 :	001101011000100000;
	1418 :	000000001000101011;
	1417 :	001010000111100010;
	1416 :	001010110100001001;
	1415 :	001001100101110010;
	1414 :	001101100011001010;
	1413 :	001010100011101001;
	1412 :	000110100010101010;
	1411 :	001010010011111000;
	1410 :	001010000011011000;
	1409 :	001000100110010100;
	1408 :	000010100001101010;
	1407 :	000000100001111000;
	1406 :	001011110100100011;
	1405 :	001001100001001010;
	1404 :	000100110101100000;
	1403 :	001101010110111011;
	1402 :	001101110100100011;
	1401 :	001011001000100000;
	1400 :	001000000011001011;
	1399 :	001100110100011010;
	1398 :	000001000011001010;
	1397 :	000110010010000100;
	1396 :	000010110000010010;
	1395 :	000100000010010001;
	1394 :	000000010100010100;
	1393 :	000011110001001100;
	1392 :	001011100110000011;
	1391 :	000101010100011100;
	1390 :	000110000101000001;
	1389 :	000101110111110000;
	1388 :	001110010001101100;
	1387 :	000100100101101010;
	1386 :	000110100111100001;
	1385 :	000100000100000100;
	1384 :	000111000100001011;
	1383 :	000001100100100010;
	1382 :	000100011000100100;
	1381 :	000000010010000011;
	1380 :	001110101000001000;
	1379 :	001001011000010011;
	1378 :	001000101000110001;
	1377 :	001110100100101001;
	1376 :	000001100001100011;
	1375 :	000011000010001001;
	1374 :	001100000101100000;
	1373 :	001100000000110011;
	1372 :	000111010001011010;
	1371 :	000010000101011000;
	1370 :	001110100111111100;
	1369 :	000100101000010100;
	1368 :	000010000110001010;
	1367 :	001110000010111100;
	1366 :	001010101000101011;
	1365 :	001001010000010010;
	1364 :	000110111000000010;
	1363 :	000100011000111001;
	1362 :	001010110100101001;
	1361 :	000101101000100100;
	1360 :	000110010000100100;
	1359 :	001101100100100000;
	1358 :	001100100001000011;
	1357 :	001011000011000001;
	1356 :	001101111000111000;
	1355 :	000100110110011100;
	1354 :	001010010111110000;
	1353 :	000000110100010000;
	1352 :	001110100110000001;
	1351 :	000101111000010000;
	1350 :	000111100010110000;
	1349 :	000011000100110010;
	1348 :	000001011000001001;
	1347 :	001110110001000000;
	1346 :	000110001000001011;
	1345 :	001011100011111010;
	1344 :	000010110100110001;
	1343 :	001110110100100100;
	1342 :	000111100011100100;
	1341 :	001011000101100001;
	1340 :	001100010101110011;
	1339 :	001011010110110001;
	1338 :	000001000010011000;
	1337 :	001110110000100010;
	1336 :	000000010001001001;
	1335 :	000001010010000001;
	1334 :	001101110011101001;
	1333 :	000000100100100001;
	1332 :	000001010101010000;
	1331 :	000101010111110100;
	1330 :	001100110000000100;
	1329 :	001001100010100001;
	1328 :	000101100100101100;
	1327 :	000101110111101000;
	1326 :	000110010001101000;
	1325 :	001110110000100100;
	1324 :	001000000000011011;
	1323 :	001010000001000000;
	1322 :	000111001000000100;
	1321 :	001001000110001011;
	1320 :	000101000001000010;
	1319 :	000001100011100100;
	1318 :	000110101000110001;
	1317 :	000111000101011000;
	1316 :	000110100001011100;
	1315 :	000000100000111010;
	1314 :	000111010000010000;
	1313 :	000111000011001100;
	1312 :	000111100111100010;
	1311 :	000110110000000001;
	1310 :	001110111000001010;
	1309 :	000011010100010001;
	1308 :	001001100101101000;
	1307 :	000000110101001010;
	1306 :	000111110100101010;
	1305 :	000011100010110000;
	1304 :	000010100001100100;
	1303 :	001110001000100011;
	1302 :	001000100101110010;
	1301 :	001000000111000100;
	1300 :	001101110011011011;
	1299 :	000010101000011000;
	1298 :	000111110100000010;
	1297 :	001001010111010001;
	1296 :	001101000000010001;
	1295 :	000001110111111010;
	1294 :	000010100101001000;
	1293 :	000100000111000000;
	1292 :	001010000011011100;
	1291 :	000010010011001100;
	1290 :	000101000111000100;
	1289 :	001000010011100100;
	1288 :	001101010001110011;
	1287 :	000010000111011010;
	1286 :	000110000000110010;
	1285 :	000000100110100010;
	1284 :	000010100100011001;
	1283 :	000010110101110001;
	1282 :	001110000011001001;
	1281 :	001000100010010000;
	1280 :	000001010000001000;
	1279 :	000110010100011100;
	1278 :	001000100000111100;
	1277 :	000111110100000100;
	1276 :	001110010001111011;
	1275 :	001110100001011011;
	1274 :	001110110001110011;
	1273 :	000000010110101011;
	1272 :	000100100011011010;
	1271 :	001100000011010001;
	1270 :	000011000101011000;
	1269 :	001000111000010000;
	1268 :	000010000100010000;
	1267 :	000101001000101000;
	1266 :	000100100100010100;
	1265 :	000110001000001100;
	1264 :	001110000001100100;
	1263 :	000011000001111010;
	1262 :	001011100100010010;
	1261 :	000010010000010010;
	1260 :	000000000100101010;
	1259 :	001100110000001010;
	1258 :	001101011000111001;
	1257 :	001100000110010001;
	1256 :	001001010101001001;
	1255 :	000001010110000001;
	1254 :	000011010111011000;
	1253 :	001001110001111011;
	1252 :	000011000001111011;
	1251 :	000111000100110011;
	1250 :	001101110101101011;
	1249 :	000010010101100011;
	1248 :	000001101000011010;
	1247 :	001001000101010010;
	1246 :	000010100001000010;
	1245 :	000100010000100010;
	1244 :	000111101000011001;
	1243 :	000101110111110001;
	1242 :	000110100100001001;
	1241 :	001110010110000000;
	1240 :	000000000101111011;
	1239 :	000110100011101011;
	1238 :	000001000000100011;
	1237 :	001110111000010010;
	1236 :	001010110111010010;
	1235 :	000101000101100010;
	1234 :	001011000000110001;
	1233 :	000100010111111000;
	1232 :	000011010011100000;
	1231 :	001000100011110000;
	1230 :	000100100100100000;
	1229 :	001001100110110000;
	1228 :	001101000011000000;
	1227 :	001100000001111100;
	1226 :	000110100000110100;
	1225 :	001010100101101100;
	1224 :	000101100011101100;
	1223 :	001000010110000100;
	1222 :	000111010110000100;
	1221 :	001101101000011011;
	1220 :	000101100010111011;
	1219 :	000010010110001010;
	1218 :	001010010100001011;
	1217 :	001011100100011010;
	1216 :	000111010111110011;
	1215 :	001110011000011000;
	1214 :	001000110110111100;
	1213 :	000101010011111100;
	1212 :	001011010000111100;
	1211 :	001010010010110100;
	1210 :	001000110000010100;
	1209 :	001001110011011011;
	1208 :	000100100001111011;
	1207 :	001010110101100011;
	1206 :	000001100101011010;
	1205 :	001001000000110010;
	1204 :	001100001000011001;
	1203 :	001010001000110000;
	1202 :	001011100101100000;
	1201 :	000110010110111100;
	1200 :	000110000011110100;
	1199 :	001011110100011011;
	1198 :	001101100001111011;
	1197 :	000001010101110011;
	1196 :	000101000000100010;
	1195 :	000101110111010001;
	1194 :	001000000011010001;
	1193 :	000011110000010001;
	1192 :	000001100101000001;
	1191 :	001001110010100001;
	1190 :	001011100111110000;
	1189 :	000001010100001000;
	1188 :	001101010111110100;
	1187 :	000100000110110100;
	1186 :	001100100100110011;
	1185 :	000110010000000011;
	1184 :	000100011000110010;
	1183 :	000001110101010010;
	1182 :	000010110111100010;
	1181 :	001100010110100010;
	1180 :	000101110100011001;
	1179 :	001110010111001001;
	1178 :	000101010011001001;
	1177 :	000000100101110000;
	1176 :	001101100010110000;
	1175 :	000000100100011100;
	1174 :	000011100011111100;
	1173 :	000000010010010100;
	1172 :	000010110000110100;
	1171 :	001000010010000100;
	1170 :	000001000101001011;
	1169 :	000111100110111010;
	1168 :	001010100101000010;
	1167 :	000001000000000010;
	1166 :	001101010001101001;
	1165 :	000101010101100001;
	1164 :	000101000111000000;
	1163 :	000001110001000000;
	1162 :	000100110111011100;
	1161 :	001000000110011100;
	1160 :	001011010111001100;
	1159 :	001001010011100100;
	1158 :	000101100010111011;
	1157 :	001101000101001011;
	1156 :	000011010100101011;
	1155 :	001011010011101011;
	1154 :	001010100111011010;
	1153 :	000011100000100001;
	1152 :	001101100000011000;
	1151 :	000110110111101000;
	1150 :	001001100111001000;
	1149 :	001001110100011100;
	1148 :	000001110001000100;
	1147 :	000100110111011010;
	1146 :	001001010010101010;
	1145 :	001010010011100010;
	1144 :	001010000001110001;
	1143 :	000011100110101001;
	1142 :	001001000010111000;
	1141 :	001110100010011000;
	1140 :	000101110100110000;
	1139 :	001011000001010000;
	1138 :	001000110000110000;
	1137 :	000100010010100000;
	1136 :	001010101101101011;
	1135 :	000000000000110111;
	1134 :	010000011000101001;
	1133 :	001100100101110000;
	1132 :	010001110000000000;
	1131 :	001011010010010000;
	1130 :	001001000110110000;
	1129 :	010001100000000000;
	1128 :	001110000101001100;
	1127 :	001101101000101001;
	1126 :	010001010000000000;
	1125 :	001010000011001010;
	1124 :	000000110110111010;
	1123 :	010001000000000000;
	1122 :	000010100110100000;
	1121 :	001001010010111011;
	1120 :	010000110000000000;
	1119 :	000100000111110000;
	1118 :	000101100001001011;
	1117 :	010000100000000000;
	1116 :	000000000010111010;
	1115 :	001101110100011011;
	1114 :	010000010000000000;
	1113 :	001111010000001000;
	1112 :	001000100011110001;
	1111 :	010000000000000000;
	1110 :	000111100111110000;
	1109 :	000100100101001010;
	1108 :	001111110000000000;
	1107 :	010001110111111011;
	1106 :	000001101000110100;
	1105 :	001111100000000000;
	1104 :	000000010010011100;
	1103 :	000001111000111011;
	1102 :	001111010000000000;
	1101 :	001000110011101011;
	1100 :	000001001000011100;
	1099 :	001111000000000000;
	1098 :	010001000101100001;
	1097 :	001110100001101000;
	1096 :	001110110000000000;
	1095 :	000011000011010001;
	1094 :	000001010101111001;
	1093 :	001110100000000000;
	1092 :	010001010110000001;
	1091 :	001010010011110010;
	1090 :	001110010000000000;
	1089 :	000101000001110010;
	1088 :	000000100111110100;
	1087 :	001110000000000000;
	1086 :	001011110001011000;
	1085 :	000100110110110010;
	1084 :	001101110000000000;
	1083 :	010001100000000100;
	1082 :	000100010111000001;
	1081 :	001101100000000000;
	1080 :	010000111000100000;
	1079 :	000011100011001001;
	1078 :	001101010000000000;
	1077 :	001000000111010001;
	1076 :	001010110001011010;
	1075 :	001101000000000000;
	1074 :	010000100000011100;
	1073 :	001101000010011100;
	1072 :	001100110000000000;
	1071 :	000110000000001001;
	1070 :	001001110111101000;
	1069 :	001100100000000000;
	1068 :	000111110000111010;
	1067 :	001110010010011001;
	1066 :	001100010000000000;
	1065 :	001100111000111010;
	1064 :	001111100101011000;
	1063 :	001100000000000000;
	1062 :	000110110110111010;
	1061 :	001000010110000010;
	1060 :	001011110000000000;
	1059 :	000010110000000100;
	1058 :	001011000111010010;
	1057 :	001011100000000000;
	1056 :	000011010111000000;
	1055 :	001010100110110100;
	1054 :	001011010000000000;
	1053 :	001111000111100000;
	1052 :	000011110010101010;
	1051 :	001011000000000000;
	1050 :	000010000111111100;
	1049 :	000101111000000100;
	1048 :	001010110000000000;
	1047 :	001101010111101010;
	1046 :	010000000111010100;
	1045 :	001010100000000000;
	1044 :	000010010000011100;
	1043 :	001011100111001001;
	1042 :	001010010000000000;
	1041 :	000110100011001001;
	1040 :	000110010100101100;
	1039 :	001010000000000000;
	1038 :	000101011000111000;
	1037 :	000111010011000100;
	1036 :	001001110000000000;
	1035 :	001110110110001010;
	1034 :	001001100111011000;
	1033 :	001001100000000000;
	1032 :	001111110001001001;
	1031 :	001100010011001100;
	1030 :	001001010000000000;
	1029 :	001100000110110010;
	1028 :	000111000010111100;
	1027 :	001001000000000000;
	1026 :	001100000011001011;
	1025 :	001111000101010010;
	1024 :	001000110000000000;
	1023 :	010000100011010010;
	1022 :	010000010100010010;
	1021 :	001000100000000000;
	1020 :	000011100101001000;
	1019 :	001010110001011011;
	1018 :	001000010000000000;
	1017 :	001110001000100010;
	1016 :	001101101000001100;
	1015 :	001000000000000000;
	1014 :	000010010101011000;
	1013 :	001110100011001000;
	1012 :	000111110000000000;
	1011 :	001111110011101100;
	1010 :	001000000100010010;
	1009 :	000111100000000000;
	1008 :	001011100100101011;
	1007 :	001001010010111000;
	1006 :	000111010000000000;
	1005 :	001011000011011001;
	1004 :	000000100010001001;
	1003 :	000111000000000000;
	1002 :	000101000010010001;
	1001 :	001101110011100001;
	1000 :	000110110000000000;
	999 :	000110000011111011;
	998 :	000101010100000000;
	997 :	000110100000000000;
	996 :	001101010111110000;
	995 :	001110011000000001;
	994 :	000110010000000000;
	993 :	000100010110000100;
	992 :	000011110011100011;
	991 :	000110000000000000;
	990 :	000100111000010010;
	989 :	000111010010100010;
	988 :	000101110000000000;
	987 :	001010000111000100;
	986 :	000100100101001100;
	985 :	000101100000000000;
	984 :	000000111000111100;
	983 :	001100110010110010;
	982 :	000101010000000000;
	981 :	001100010111010000;
	980 :	000010110011111000;
	979 :	000101000000000000;
	978 :	001011011000110011;
	977 :	000001000010101000;
	976 :	000100110000000000;
	975 :	010001110010011000;
	974 :	001011110010011011;
	973 :	000100100000000000;
	972 :	010001000100000001;
	971 :	000111100101001100;
	970 :	000100010000000000;
	969 :	000110100010100100;
	968 :	000111110110000001;
	967 :	000100000000000000;
	966 :	000110010010010010;
	965 :	000010100111110011;
	964 :	000011110000000000;
	963 :	001111010101110010;
	962 :	000001100010010010;
	961 :	000011100000000000;
	960 :	000101100101000000;
	959 :	001010010101000010;
	958 :	000011010000000000;
	957 :	000001010001111010;
	956 :	010001011000100100;
	955 :	000011000000000000;
	954 :	001001000000101100;
	953 :	000111000101101001;
	952 :	000010110000000000;
	951 :	010000111000011011;
	950 :	010001100101011010;
	949 :	000010100000000000;
	948 :	000001110011110011;
	947 :	010000000110000010;
	946 :	000010010000000000;
	945 :	001001100011111011;
	944 :	000000010001000001;
	943 :	000010000000000000;
	942 :	000110110100000010;
	941 :	001000100101110011;
	940 :	000001110000000000;
	939 :	000101110111010011;
	938 :	001001110000000100;
	937 :	000001100000000000;
	936 :	000100000000011100;
	935 :	000011000010010011;
	934 :	000001010000000000;
	933 :	001010100010110010;
	932 :	000000000101111010;
	931 :	000001000000000000;
	930 :	001101000000010001;
	929 :	001110110100001010;
	928 :	000000110000000000;
	927 :	001000010010100010;
	926 :	000010000010011001;
	925 :	000000100000000000;
	924 :	001100100010110000;
	923 :	001111100000100010;
	922 :	000000010000000000;
	921 :	000011010011110011;
	920 :	001000110010110011;
	919 :	000000000000000000;
	918 :	001111000101011010;
	917 :	010001010011100000;
	916 :	000011000110101001;
	915 :	000110001000001000;
	914 :	000010000110001011;
	913 :	001011110001110000;
	912 :	000100011000000001;
	911 :	010000000111101100;
	910 :	000110100001101000;
	909 :	001001100110010010;
	908 :	010000010101000001;
	907 :	000110110111010000;
	906 :	000011010000101010;
	905 :	000000101000101000;
	904 :	001110100010010000;
	903 :	001100110001011100;
	902 :	001011100100101001;
	901 :	001110010101001001;
	900 :	001001100111010011;
	899 :	010000110110101010;
	898 :	001010110111001000;
	897 :	001010010010011100;
	896 :	001010110110000010;
	895 :	010000000100100011;
	894 :	000000010100011001;
	893 :	001111000111000010;
	892 :	000111110011000010;
	891 :	001111100101100011;
	890 :	001101000000100010;
	889 :	000000100110000010;
	888 :	001011101000100001;
	887 :	000011000010011100;
	886 :	001011010101010001;
	885 :	001100110110010011;
	884 :	010000110011100001;
	883 :	000000000011010001;
	882 :	000111000000110011;
	881 :	001000000011100011;
	880 :	000101001000000100;
	879 :	000000000001111100;
	878 :	000111110001100001;
	877 :	000110110111110000;
	876 :	000011110100110001;
	875 :	001101101000101000;
	874 :	001111110101001100;
	873 :	001100100101111001;
	872 :	001111100110000010;
	871 :	000110010111011011;
	870 :	000100110111110000;
	869 :	010000010001001011;
	868 :	001111110111111100;
	867 :	000011111000111001;
	866 :	010001111000110100;
	865 :	001101110001001010;
	864 :	000001010110010001;
	863 :	000001110100010000;
	862 :	001010100000000100;
	861 :	000011010010010000;
	860 :	000010010011101010;
	859 :	001110100001010001;
	858 :	000010100010111001;
	857 :	001000010101110100;
	856 :	001011010010101100;
	855 :	001010010000000001;
	854 :	000111000100001100;
	853 :	000111010110000011;
	852 :	000010010010110100;
	851 :	001001110000111000;
	850 :	001111100010010010;
	849 :	001011011000101001;
	848 :	000110000000001100;
	847 :	000001110111000001;
	846 :	000011100101011100;
	845 :	001001110111110001;
	844 :	001100100001110100;
	843 :	000101100110010011;
	842 :	001010100110011001;
	841 :	010000101000010010;
	840 :	000111100010110100;
	839 :	000001011000110000;
	838 :	000100001000011000;
	837 :	000100010110101100;
	836 :	001101110001110010;
	835 :	001111100100000100;
	834 :	010001100010111000;
	833 :	000110100111011011;
	832 :	000011100110001100;
	831 :	000001010101100000;
	830 :	010001100111000000;
	829 :	001111000011101001;
	828 :	001101010111011000;
	827 :	001110100101001001;
	826 :	001100010001011000;
	825 :	010001010000011010;
	824 :	001111110111110100;
	823 :	010000110001100010;
	822 :	000111010010001001;
	821 :	000101110010100001;
	820 :	001101110001110001;
	819 :	001000110000010100;
	818 :	000100000101010011;
	817 :	000101110001010001;
	816 :	000001110101000100;
	815 :	001100000010001100;
	814 :	000011110101000011;
	813 :	000101110001111000;
	812 :	000100110010110000;
	811 :	000000110100101011;
	810 :	010000010111010010;
	809 :	010001000101101010;
	808 :	001011000001111011;
	807 :	000000110011110011;
	806 :	001011110011000001;
	805 :	000101100111111001;
	804 :	001010000100001001;
	803 :	000100010011011010;
	802 :	000101100110111010;
	801 :	000111110100111011;
	800 :	001001000010100100;
	799 :	001011110100110011;
	798 :	001010000001101000;
	797 :	000001110010010010;
	796 :	001010011000110100;
	795 :	001111001000001011;
	794 :	000011000101011011;
	793 :	001010010111110011;
	792 :	001110100101001011;
	791 :	000001001000001000;
	790 :	000001011000000010;
	789 :	001001100000010100;
	788 :	000110010110110000;
	787 :	000001100111111011;
	786 :	000001010110011010;
	785 :	001011100100010100;
	784 :	000000010110111000;
	783 :	000010100000001011;
	782 :	001001000010110000;
	781 :	010001100010011011;
	780 :	001001010101101001;
	779 :	001000110011110100;
	778 :	001011100001010010;
	777 :	010000101000010100;
	776 :	000000000100011001;
	775 :	001010110000110010;
	774 :	001101000011100011;
	773 :	000011110000001100;
	772 :	001100010110101011;
	771 :	000100100110010100;
	770 :	000101000010001010;
	769 :	001000001000011001;
	768 :	001000100101000001;
	767 :	001000100010001011;
	766 :	001100110001100001;
	765 :	000010100011110010;
	764 :	010000000010100100;
	763 :	000100010010100000;
	762 :	000010000001011000;
	761 :	001110000011101000;
	760 :	000001010101111010;
	759 :	000111100101111100;
	758 :	001000000100111001;
	757 :	001001110101110001;
	756 :	000000000011101100;
	755 :	000000110000100010;
	754 :	000010010110011000;
	753 :	001110000000100000;
	752 :	001010100001110100;
	751 :	001111110011011100;
	750 :	000110000111010100;
	749 :	010000101000000001;
	748 :	000101100111000011;
	747 :	001101000001011000;
	746 :	001100000110011100;
	745 :	001100001000101010;
	744 :	001111010001101100;
	743 :	001101000100110001;
	742 :	010001110000100100;
	741 :	001011110000010100;
	740 :	010001110010010001;
	739 :	001000000000101000;
	738 :	010000100100001011;
	737 :	000110000100011000;
	736 :	001111010101101010;
	735 :	001011000000111010;
	734 :	001001110111100100;
	733 :	000100100110000001;
	732 :	001100010011001000;
	731 :	001010000110011100;
	730 :	001100100000010011;
	729 :	001010000111111010;
	728 :	000001100101101011;
	727 :	001001110110000011;
	726 :	000101000111010001;
	725 :	010001111000010010;
	724 :	001110111000011000;
	723 :	001000100010010010;
	722 :	010000101000110100;
	721 :	010001010111011011;
	720 :	001101100100111100;
	719 :	000101110000100100;
	718 :	010001100101011001;
	717 :	000100000010010011;
	716 :	001001010010101011;
	715 :	001110010111110000;
	714 :	001111010110011011;
	713 :	000111000011111001;
	712 :	000001000110110001;
	711 :	001110001000111100;
	710 :	000001000111010000;
	709 :	001011010000111100;
	708 :	001010110010010001;
	707 :	001101110111000011;
	706 :	010001010011010010;
	705 :	000001110110000011;
	704 :	000101010101100011;
	703 :	001110000001111100;
	702 :	001001010101110100;
	701 :	000001100101011100;
	700 :	001101100111110000;
	699 :	000110010100111010;
	698 :	010000010000101011;
	697 :	000011100100010100;
	696 :	000000110011010010;
	695 :	000010100100100001;
	694 :	010001000100101100;
	693 :	000101100010011000;
	692 :	000110100111011010;
	691 :	000000110000100011;
	690 :	001101100010111010;
	689 :	010001100010101100;
	688 :	000010110100101011;
	687 :	001000011000110100;
	686 :	001101100110100011;
	685 :	001110000111010000;
	684 :	001110110010110100;
	683 :	001001010110101001;
	682 :	001101100001011001;
	681 :	000110110000110010;
	680 :	001110010001100011;
	679 :	000110100110010000;
	678 :	000100001000111000;
	677 :	001010000111100000;
	676 :	000101010000110010;
	675 :	000010110110010100;
	674 :	000011100001110001;
	673 :	010001110010000001;
	672 :	000011010110101100;
	671 :	000000000001011010;
	670 :	001110000101111000;
	669 :	001011000100011100;
	668 :	001001110110101001;
	667 :	000011110111101001;
	666 :	001100110111111000;
	665 :	000100100010010000;
	664 :	001101000111010001;
	663 :	001100100101100000;
	662 :	000110100010111011;
	661 :	010001000001110001;
	660 :	001111010110110100;
	659 :	000000101000010000;
	658 :	010000010100100010;
	657 :	000001000110111001;
	656 :	001000010100110100;
	655 :	000100100001111001;
	654 :	001100000110001100;
	653 :	001101010011010001;
	652 :	000010100011111000;
	651 :	001100011000101010;
	650 :	001000110001001010;
	649 :	000011000000001010;
	648 :	000100000110001011;
	647 :	001011110111010000;
	646 :	000011100111111011;
	645 :	000111100010111010;
	644 :	010001100101000010;
	643 :	001001000101000000;
	642 :	010001010001011100;
	641 :	000000110001110100;
	640 :	001010111000000000;
	639 :	001101110001100100;
	638 :	001110010110100001;
	637 :	001100110100011011;
	636 :	001111100011011000;
	635 :	001011000101101010;
	634 :	000001100101001001;
	633 :	001100000101010011;
	632 :	001001100011111011;
	631 :	001110110100010100;
	630 :	000001001000110001;
	629 :	000010010110100010;
	628 :	001001100000110011;
	627 :	001010001000101001;
	626 :	010001010101111100;
	625 :	000010110101011001;
	624 :	000110010111001010;
	623 :	000101000000101100;
	622 :	000111010010101100;
	621 :	000000010101010011;
	620 :	000011000010011010;
	619 :	000010110001001001;
	618 :	010001110101000000;
	617 :	000111010110000011;
	616 :	010000110000110000;
	615 :	000001110100011000;
	614 :	000001100000010010;
	613 :	010000000100000010;
	612 :	000111000100101010;
	611 :	000111110001011001;
	610 :	000110110100111010;
	609 :	000101000001000100;
	608 :	000111000101011000;
	607 :	001010100011001000;
	606 :	001100010010011011;
	605 :	000101110111111011;
	604 :	000100000111101100;
	603 :	001001100110101100;
	602 :	001011010011000001;
	601 :	000100110111001001;
	600 :	000000010100001000;
	599 :	000010110110000100;
	598 :	001010010010010000;
	597 :	001110010110010011;
	596 :	001101010111101000;
	595 :	001101010011001100;
	594 :	001011100110001000;
	593 :	000010000110110001;
	592 :	000111100000100001;
	591 :	000000101000001010;
	590 :	010000000110100011;
	589 :	000010000100001001;
	588 :	001000010110110010;
	587 :	001011000000111000;
	586 :	001011100001011100;
	585 :	000010001000000001;
	584 :	000111100011101011;
	583 :	001011000101000100;
	582 :	001100101000100011;
	581 :	000100110111011100;
	580 :	001011111000110001;
	579 :	001101010011010100;
	578 :	000000010110011001;
	577 :	000001000101111100;
	576 :	010000010001111011;
	575 :	000011010111110000;
	574 :	001000001000110010;
	573 :	001101000010000001;
	572 :	000011100101111000;
	571 :	000010010100110001;
	570 :	001000100010001001;
	569 :	000110110000110010;
	568 :	010000000010101001;
	567 :	010001000011000000;
	566 :	010000110101100100;
	565 :	000001100110100001;
	564 :	010000110000100011;
	563 :	000101010001100001;
	562 :	000110001000010001;
	561 :	001000000001000100;
	560 :	001111000001001100;
	559 :	000000100010110011;
	558 :	001110111000110010;
	557 :	000100010101011100;
	556 :	001001010101011010;
	555 :	001110100111000000;
	554 :	000111010101011011;
	553 :	001100100010111001;
	552 :	001001000000001001;
	551 :	000100110011000001;
	550 :	010000100000101000;
	549 :	001111010111100011;
	548 :	010001000101110001;
	547 :	000011000001000001;
	546 :	010001000000000011;
	545 :	001001000111100000;
	544 :	001100000001100100;
	543 :	000101010110010100;
	542 :	001010111000010010;
	541 :	001111110011000001;
	540 :	000111110101000010;
	539 :	000100100100001011;
	538 :	001110110010000010;
	537 :	000010111000001001;
	536 :	000011110001111010;
	535 :	001010010110100011;
	534 :	000101100111000100;
	533 :	000011010010100011;
	532 :	001000100000000001;
	531 :	001110110101011100;
	530 :	000011010010101001;
	529 :	001000111000000010;
	528 :	000010000110011100;
	527 :	001000010001110100;
	526 :	001111010001111011;
	525 :	001000110110001010;
	524 :	001100010001001100;
	523 :	000101010111000011;
	522 :	001011010011010000;
	521 :	001110010010101011;
	520 :	001010100110100010;
	519 :	000100110100010010;
	518 :	000100010110001000;
	517 :	000101000110110001;
	516 :	000101010111110011;
	515 :	000111000010000001;
	514 :	001111000000111010;
	513 :	000000100111111100;
	512 :	000111010101101100;
	511 :	001000010100100010;
	510 :	001101111000100001;
	509 :	001100110011001100;
	508 :	000110010011001011;
	507 :	001111110011101100;
	506 :	001001011000100010;
	505 :	000010100010011000;
	504 :	000110000111011100;
	503 :	000110010100011011;
	502 :	001001000101100000;
	501 :	000101110001001011;
	500 :	000100100100100011;
	499 :	000111110011011100;
	498 :	001000110001000000;
	497 :	001111100011010001;
	496 :	000000000001101011;
	495 :	000010010011000001;
	494 :	000110110000100000;
	493 :	000110100011110000;
	492 :	001010100010010000;
	491 :	000000010101100010;
	490 :	001101010011111011;
	489 :	001000101000100010;
	488 :	001110101000011001;
	487 :	000111100010101100;
	486 :	100010101001000111;
	485 :	000000000001000011;
	484 :	001010110011100011;
	483 :	000001111000011010;
	482 :	001101010000000000;
	481 :	001101110011000000;
	480 :	001000100000010100;
	479 :	001101000000000000;
	478 :	000010000110110000;
	477 :	001101000111111001;
	476 :	001100110000000000;
	475 :	000111100110001000;
	474 :	001010100000100001;
	473 :	001100100000000000;
	472 :	001100110110100011;
	471 :	000101100000111000;
	470 :	001100010000000000;
	469 :	010101110011101011;
	468 :	010001011000000001;
	467 :	001100000000000000;
	466 :	000110100100101011;
	465 :	001101100111010000;
	464 :	001011110000000000;
	463 :	000001000100011011;
	462 :	010011110101000000;
	461 :	001011100000000000;
	460 :	010000100010100001;
	459 :	000100101000100010;
	458 :	001011010000000000;
	457 :	000111111000100011;
	456 :	010100000111011100;
	455 :	001011000000000000;
	454 :	010001010110011001;
	453 :	000010010101111100;
	452 :	001010110000000000;
	451 :	000011001000110010;
	450 :	000110010010000001;
	449 :	001010100000000000;
	448 :	001000100100101010;
	447 :	010010110111000000;
	446 :	001010010000000000;
	445 :	000001100111010100;
	444 :	010100010100110100;
	443 :	001010000000000000;
	442 :	001010000010010001;
	441 :	010010100010011001;
	440 :	001001110000000000;
	439 :	000101000010001001;
	438 :	000000000000110010;
	437 :	001001100000000000;
	436 :	001101000101100100;
	435 :	000100000110100001;
	434 :	001001010000000000;
	433 :	010100011000010001;
	432 :	010000010001000100;
	431 :	001001000000000000;
	430 :	000101100001000100;
	429 :	001011100000000001;
	428 :	001000110000000000;
	427 :	001111010011100100;
	426 :	001010000101011001;
	425 :	001000100000000000;
	424 :	010010110110101001;
	423 :	010101000010110100;
	422 :	001000010000000000;
	421 :	001101011000110010;
	420 :	000000110101011100;
	419 :	001000000000000000;
	418 :	000101010101011011;
	417 :	000011100010111001;
	416 :	000111110000000000;
	415 :	000110110000101000;
	414 :	000011010111100011;
	413 :	000111100000000000;
	412 :	001011111000010100;
	411 :	001111100001111010;
	410 :	000111010000000000;
	409 :	010100000100001001;
	408 :	001000000111111010;
	407 :	000111000000000000;
	406 :	000011100101001001;
	405 :	000011110101100100;
	404 :	000110110000000000;
	403 :	010010010000000011;
	402 :	010100110111100000;
	401 :	000110100000000000;
	400 :	001001011000010010;
	399 :	001111010011000001;
	398 :	000110010000000000;
	397 :	001100100010000010;
	396 :	001110011000001001;
	395 :	000110000000000000;
	394 :	000100001000010001;
	393 :	001010110011110001;
	392 :	000101110000000000;
	391 :	000010010100000100;
	390 :	001010010110111000;
	389 :	000101100000000000;
	388 :	001010010010101010;
	387 :	001111000110000100;
	386 :	000101010000000000;
	385 :	000100010111000100;
	384 :	010110000010100011;
	383 :	000101000000000000;
	382 :	001001110010101001;
	381 :	010100100110011100;
	380 :	000100110000000000;
	379 :	010011000001111011;
	378 :	001110110110001010;
	377 :	000100100000000000;
	376 :	010010000100000011;
	375 :	001101110001101010;
	374 :	000100010000000000;
	373 :	000110000011101001;
	372 :	000110100110100001;
	371 :	000100000000000000;
	370 :	000000100110011001;
	369 :	001001000100000100;
	368 :	000011110000000000;
	367 :	001001100011010000;
	366 :	001011110010101011;
	365 :	000011100000000000;
	364 :	010000110110001000;
	363 :	000100010110110001;
	362 :	000011010000000000;
	361 :	010011110000111010;
	360 :	001001110111111100;
	359 :	000011000000000000;
	358 :	010000010010011011;
	357 :	000111100101100010;
	356 :	000010110000000000;
	355 :	000011010100101100;
	354 :	000111110010110010;
	353 :	000010100000000000;
	352 :	000111000111110001;
	351 :	000101110010010010;
	350 :	000010010000000000;
	349 :	001110111000100001;
	348 :	010011100011001100;
	347 :	000010000000000000;
	346 :	010110011000100010;
	345 :	010001000010011000;
	344 :	000001110000000000;
	343 :	001110000101100000;
	342 :	010101110001001011;
	341 :	000001100000000000;
	340 :	010011100111001010;
	339 :	000000010101000010;
	338 :	000001010000000000;
	337 :	001000010101010000;
	336 :	001101010101111001;
	335 :	000001000000000000;
	334 :	001011000100000000;
	333 :	010010000111110011;
	332 :	000000110000000000;
	331 :	001111000001000000;
	330 :	000100110011010001;
	329 :	000000100000000000;
	328 :	000010100000100000;
	327 :	001001100011110000;
	326 :	000000010000000000;
	325 :	001000110011111011;
	324 :	010011011000100010;
	323 :	000000000000000000;
	322 :	010010010011000001;
	321 :	000111010111111001;
	320 :	001111100100001001;
	319 :	000110000011011010;
	318 :	001100000110111010;
	317 :	001110100100111011;
	316 :	001000010010100100;
	315 :	010110010000000000;
	314 :	010000111000000011;
	313 :	010100100010101010;
	312 :	000001110110110011;
	311 :	010010000101101010;
	310 :	010100010000110011;
	309 :	001111110011011001;
	308 :	000110110111111000;
	307 :	010110000000000000;
	306 :	010100110000100011;
	305 :	000001000000010000;
	304 :	001011100011101000;
	303 :	000011000000110010;
	302 :	001100010100000100;
	301 :	010101010110011000;
	300 :	010000000100100011;
	299 :	010101110000000000;
	298 :	010001000100011010;
	297 :	010110011000011100;
	296 :	000010110100001010;
	295 :	010101100000010100;
	294 :	000001100001001011;
	293 :	010001100101111001;
	292 :	000111000101000000;
	291 :	010101100000000000;
	290 :	001010010010111011;
	289 :	001001010111111000;
	288 :	000101000010100100;
	287 :	001111010011100011;
	286 :	000101100000001100;
	285 :	010001000110101011;
	284 :	010101100110010100;
	283 :	010101010000000000;
	282 :	001101110010100000;
	281 :	000000000110111000;
	280 :	000010000100100100;
	279 :	010000110000111011;
	278 :	001110000111001000;
	277 :	000011110010010010;
	276 :	000001010101111010;
	275 :	010101000000000000;
	274 :	001110100001011000;
	273 :	000110100100110001;
	272 :	010011000000100100;
	271 :	001111110000010100;
	270 :	001110110010010001;
	269 :	001100010000101000;
	268 :	010101010101010100;
	267 :	010100110000000000;
	266 :	001110000111001010;
	265 :	010011010000010011;
	264 :	000100111000000010;
	263 :	000001110100010000;
	262 :	010101000100001011;
	261 :	010001110100011000;
	260 :	001000110101101010;
	259 :	010100100000000000;
	258 :	001010100101101011;
	257 :	000110010110000011;
	256 :	000000100110001100;
	255 :	000100010000011000;
	254 :	010100110001000000;
	253 :	000000000011110011;
	252 :	010010010011010100;
	251 :	010100010000000000;
	250 :	000011000011100001;
	249 :	010001010000011001;
	248 :	001011110001101010;
	247 :	000000000110000100;
	246 :	001001110100010100;
	245 :	001110010001001100;
	244 :	010011000100001011;
	243 :	010100000000000000;
	242 :	010101110101111100;
	241 :	000100100001111011;
	240 :	001000000100110010;
	239 :	000111000100010100;
	238 :	001101110010111100;
	237 :	001001000011111011;
	236 :	001011001000101001;
	235 :	010011110000000000;
	234 :	000010011000110100;
	233 :	010001110111011011;
	232 :	010000100100111100;
	231 :	000110010000100100;
	230 :	000001010101011001;
	229 :	010011010010010011;
	228 :	000001000010101011;
	227 :	010011100000000000;
	226 :	010000000000010100;
	225 :	010101100101010001;
	224 :	001101010000100010;
	223 :	000011110101110100;
	222 :	010010110101011100;
	221 :	000100100111110000;
	220 :	001110100100111010;
	219 :	010011010000000000;
	218 :	010010110000100011;
	217 :	010011110100101011;
	216 :	001000110100000010;
	215 :	010001010001111100;
	214 :	000111100011111000;
	213 :	010010100111011011;
	212 :	001011010111101010;
	211 :	010011000000000000;
	210 :	001111000010101100;
	209 :	001100110100101011;
	208 :	001001000110100011;
	207 :	000010011000110100;
	206 :	001010110111010000;
	205 :	001011100010110100;
	204 :	000001100110101001;
	203 :	010010110000000000;
	202 :	000000011000011011;
	201 :	000111100000011001;
	200 :	001001110101101001;
	199 :	001010100010001011;
	198 :	001010001000000001;
	197 :	010001101000000000;
	196 :	000010110011111001;
	195 :	010010100000000000;
	194 :	000101110100001010;
	193 :	000101101000100001;
	192 :	001011000010000010;
	191 :	000101001000001000;
	190 :	000010110001011010;
	189 :	000110010001100000;
	188 :	010110010000000011;
	187 :	010010010000000000;
	186 :	001011010010011000;
	185 :	010101000011000000;
	184 :	000111000001111011;
	183 :	000011100101000011;
	182 :	010010010010010010;
	181 :	010000001000111000;
	180 :	000010000111100000;
	179 :	010010000000000000;
	178 :	001101000100011100;
	177 :	010000010110101001;
	176 :	001110110111101001;
	175 :	010001110001001010;
	174 :	001010010011111100;
	173 :	001000000010110100;
	172 :	000110000000100001;
	171 :	010001110000000000;
	170 :	001000010111100001;
	169 :	010100010100101011;
	168 :	000000110111110011;
	167 :	000011010000100010;
	166 :	000010000100010100;
	165 :	001010100010101100;
	164 :	000000100111000000;
	163 :	010001100000000000;
	162 :	010011100010111011;
	161 :	001000010001110001;
	160 :	001010000110110100;
	159 :	010000101000010000;
	158 :	010110000100100010;
	157 :	000100110110111001;
	156 :	000011000100110100;
	155 :	010001010000000000;
	154 :	001000110110100011;
	153 :	001010110011011000;
	152 :	000001101000011011;
	151 :	000100100001010001;
	150 :	010011000010111010;
	149 :	001100000011011010;
	148 :	000111010001000001;
	147 :	010001000000000000;
	146 :	010000010111111010;
	145 :	000011110010001010;
	144 :	010011100011100010;
	143 :	000110110011001010;
	142 :	010100000011110100;
	141 :	000001010001010011;
	140 :	010001100101101011;
	139 :	010000110000000000;
	138 :	001111100110001000;
	137 :	001000100000000100;
	136 :	001111010000011100;
	135 :	001110011000001001;
	134 :	001111001000111100;
	133 :	001111100111011000;
	132 :	001100100100010001;
	131 :	010000100000000000;
	130 :	000100000010101011;
	129 :	000101010100010010;
	128 :	001100100111001011;
	127 :	001000100101110000;
	126 :	010101110011110011;
	125 :	010101000100110010;
	124 :	000101000111010000;
	123 :	010000010000000000;
	122 :	000000010011111000;
	121 :	001100001000101010;
	120 :	001001100001001010;
	119 :	010101010000001010;
	118 :	000000010111010000;
	117 :	001101010110001011;
	116 :	001001010111111011;
	115 :	010000000000000000;
	114 :	010100101000111011;
	113 :	010010101000100100;
	112 :	010101010001101011;
	111 :	000001000101101100;
	110 :	010010100011110010;
	109 :	000101110100010000;
	108 :	010000110110001011;
	107 :	001111110000000000;
	106 :	001011000011011000;
	105 :	000100010101101010;
	104 :	000011010101001001;
	103 :	001101100101010011;
	102 :	010101100100010100;
	101 :	000010110011111011;
	100 :	000101010010101000;
	99 :	001111100000000000;
	98 :	001001100110101001;
	97 :	000110110010011001;
	96 :	010110000011100000;
	95 :	001011100101111000;
	94 :	010011011000110001;
	93 :	010100110110100010;
	92 :	010000100000110011;
	91 :	001111010000000000;
	90 :	001000000010011010;
	89 :	001101100001001001;
	88 :	000100000100111001;
	87 :	000000110111111000;
	86 :	010001000111110010;
	85 :	000111010010001011;
	84 :	001110000001011100;
	83 :	001111000000000000;
	82 :	001001001000101000;
	81 :	000010100111001010;
	80 :	001101000000101011;
	79 :	001011010111011000;
	78 :	000111010010001011;
	77 :	010110000111101010;
	76 :	001100010011010010;
	75 :	001110110000000000;
	74 :	001001010000000010;
	73 :	000111110001010100;
	72 :	000110001000101000;
	71 :	001110100110101100;
	70 :	000000100110101000;
	69 :	000001110000011001;
	68 :	000010100111011001;
	67 :	001110100000000000;
	66 :	010000000000010010;
	65 :	000001010100000010;
	64 :	001110010100101010;
	63 :	000111110001011001;
	62 :	000101110100111010;
	61 :	001101100001000100;
	60 :	001100110101011000;
	59 :	001110010000000000;
	58 :	010011110101101001;
	57 :	010010000100000000;
	56 :	010100000100111000;
	55 :	000100110110010010;
	54 :	000110100000100100;
	53 :	000000110101010011;
	52 :	010001110010011011;
	51 :	001110000000000000;
	50 :	001100110010010000;
	49 :	010001100110010011;
	48 :	001111110111101000;
	47 :	001100100011001100;
	46 :	000010100101001000;
	45 :	001011010111110000;
	44 :	001111110100000001;
	43 :	001101110000000000;
	42 :	001011110010101001;
	41 :	000011100101001000;
	40 :	001100010010110001;
	39 :	010110010101000100;
	38 :	000101010000001100;
	37 :	010100100111100010;
	36 :	001100000110101001;
	35 :	001101100000000000;
	34 :	100010011000110101;
	33 :	000000000001010101;
	32 :	000000000000000000;
	31 :	000000000000000000;
	30 :	000000000000000000;
	29 :	000000000000000000;
	28 :	000000000000000000;
	27 :	000000000000000000;
	26 :	000000000000000000;
	25 :	100001000001001100;
	24 :	100000111111110000;
	23 :	100000111101110101;
	22 :	100000111100001010;
	21 :	100000111010011100;
	20 :	100000111000100010;
	19 :	100000110110100010;
	18 :	100000110101001011;
	17 :	100000110100001010;
	16 :	000000000000000000;
	15 :	000000000000000000;
	14 :	000000000000000000;
	13 :	000000000000000000;
	12 :	000000000000000000;
	11 :	000000000000000000;
	10 :	000000000000000000;
	9 :	000000000000000000;
	8 :	000000000000000000;
	7 :	100000101010110000;
	6 :	100000100001101110;
	5 :	100000011001010000;
	4 :	100000010001101110;
	3 :	100000000111100100;
	2 :	100000000000100000;
	1 :	000000000000000000;
	0 :	000000000000000000;
END;
